,fid,연면적
0,797,2092.347454545454
1,798,412.21349462365595
2,800,8653.048333333334
3,801,19723.835999999996
4,871,942.5035061674008
5,872,857.4221300341297
6,873,294.9909038112523
7,874,366.6535273159145
8,875,435.4255550239235
9,876,400.29429378531074
10,877,10508.016363636363
11,945,332.8775
12,946,2964.014730120482
13,947,2806.971268041237
14,948,865.3631629893238
15,949,562.6415060686016
16,950,273.3418980582524
17,951,387.4281833910035
18,952,302.0915869017632
19,953,498.21835622317593
20,954,12299.746470588236
21,955,18172.030000000002
22,1021,255.10000000000002
23,1022,991.346103125
24,1023,3879.9613095238096
25,1024,1212.4087766423359
26,1025,535.6375
27,1026,1652.0473076923079
28,1027,1257.57
29,1028,416.0295633187773
30,1029,2548.6882258064516
31,1030,8927.272857142858
32,1031,1821.7046666666668
33,1045,941.8026923076923
34,1098,2871.6966666666667
35,1099,6283.085
36,1100,2598.6771718446603
37,1101,2060.7346376811593
38,1104,1137.31
39,1105,14552.384285714284
40,1106,4610.634137931034
41,1107,1311.0333988764046
42,1121,2762.757450980392
43,1122,721.9965909090909
44,1126,305.15193548387094
45,1174,797.8583333333332
46,1175,1716.4555555555555
47,1176,1733.1105882352942
48,1177,8894.28
49,1180,8781.41
50,1181,3451.493571428571
51,1182,3063.903796296296
52,1183,321.16857142857145
53,1184,1393.9109025210082
54,1185,969.4779591836735
55,1186,254.37070809248556
56,1197,1657.2789583333333
57,1198,1657.4041379310345
58,1251,668.3466666666667
59,1252,43.27333333333333
60,1257,3660.1842280701753
61,1258,870.7526153846154
62,1259,6736.103347826087
63,1260,4020.08524631579
64,1261,723.7205257641921
65,1262,500.0043548387096
66,1263,482.8873211488251
67,1264,380.85017857142856
68,1265,1247.746875
69,1266,715.1690395480226
70,1268,753.45
71,1269,2873.67
72,1273,730.5856544502617
73,1274,931.3990775862069
74,1275,1011.150043283582
75,1327,243.0
76,1332,3370.645
77,1333,968.090041493776
78,1334,1065.6837193133047
79,1335,1651.2427865612647
80,1336,577.5920263279446
81,1337,466.6043431924883
82,1338,364.88850943396227
83,1339,517.1198352402746
84,1340,753.1541871921181
85,1341,446.8321153846154
86,1342,657.8540566037735
87,1343,2663.509090909091
88,1344,7519.206666666667
89,1349,738.342
90,1350,1938.3848
91,1351,1107.98753125
92,1404,840.3294558823529
93,1405,895.9888888888888
94,1407,7694.302500000002
95,1408,3140.045294117647
96,1409,1276.9550548223351
97,1410,1989.4123636363636
98,1411,3404.6497777777777
99,1412,516.0318811881189
100,1413,516.9943137254902
101,1414,499.7854756380511
102,1415,528.6101225490196
103,1416,405.8566693548387
104,1417,848.443806451613
105,1418,929.3041047120419
106,1419,963.5317709251101
107,1420,1083.7672
108,1421,4066.87350877193
109,1425,389.79007633587787
110,1426,1544.8306743055555
111,1427,1137.3062721088436
112,1428,552.7154054054055
113,1480,1389.112260115607
114,1481,2381.762769230769
115,1482,6064.59085106383
116,1483,6366.888274509804
117,1484,2154.98079527027
118,1485,1412.3010590909091
119,1486,2539.228115942029
120,1487,366.6105940594059
121,1488,640.4821791907515
122,1489,497.22847353760443
123,1490,509.15331147540985
124,1491,645.2974170616114
125,1492,762.0861694915254
126,1493,1017.4308450704225
127,1494,1168.8768153153153
128,1495,333.307287522604
129,1496,3150.248638961039
130,1497,7782.478638888888
131,1498,842.1371428571429
132,1499,551.441220338983
133,1500,735.0843252595156
134,1501,883.8855458515284
135,1502,909.6717120622568
136,1504,116.1475
137,1557,3904.6984482758617
138,1558,6330.016511627908
139,1559,8048.255249999999
140,1560,2754.9801944444444
141,1561,6201.825517647059
142,1562,713.816440677966
143,1563,696.020575562701
144,1564,575.2391691394658
145,1565,515.2393427230047
146,1566,580.2242613636364
147,1567,571.2792140306123
148,1568,1091.6306558912386
149,1569,594.1334814935066
150,1570,1246.3384027149323
151,1571,270.52792291220555
152,1572,605.7985714285714
153,1573,4084.111304347826
154,1574,823.6641525423728
155,1575,323.81771428571426
156,1576,338.8789523809524
157,1577,1485.8750454545454
158,1578,400.71985915492957
159,1633,6433.7240740740735
160,1634,7959.16731707317
161,1635,4579.103094339623
162,1636,4617.823733333334
163,1637,1070.6129616724738
164,1638,690.5299817629179
165,1639,454.9347310513447
166,1640,410.7505361930295
167,1641,435.73928988764044
168,1642,471.61376890756304
169,1643,481.25093347639483
170,1644,648.6580519480519
171,1645,855.9699519230769
172,1646,388.8308133086876
173,1647,281.4283016393442
174,1648,7104.876363636364
175,1649,4101.987380952381
176,1650,310.28766062176163
177,1651,278.17441438356167
178,1652,461.32816216216213
179,1653,934.3819364161849
180,1710,7745.026279069768
181,1711,6758.9097884615385
182,1712,4455.354354838709
183,1713,1654.555994923858
184,1714,533.0733884297521
185,1715,435.06850515463924
186,1716,467.34888888888895
187,1717,361.2672159090909
188,1718,579.0328391608391
189,1719,425.54853982300887
190,1720,489.7395744985673
191,1721,410.865008097166
192,1722,385.3519389978214
193,1723,327.574836400818
194,1724,1036.3376397515528
195,1725,6396.243214285714
196,1726,1139.8878067226892
197,1727,577.5382258064516
198,1728,245.8701056338028
199,1729,1442.8818518518517
200,1730,799.0124105571848
201,1731,393.1005378486056
202,1732,480.00540712468194
203,1786,8652.253421052632
204,1787,5576.845691176471
205,1788,2089.6930925925926
206,1789,1394.051
207,1790,614.8070007246376
208,1791,730.0700120967742
209,1793,856.6775540540541
210,1794,408.99682989690723
211,1795,457.1520852017937
212,1796,576.9385760517799
213,1797,600.1420480549199
214,1798,608.048016194332
215,1799,4692.923181818182
216,1800,4900.008
217,1801,3986.40619047619
218,1802,1331.4469375
219,1803,788.6197557003256
220,1804,1375.3894903846156
221,1805,2310.650925925926
222,1806,1763.0655870646767
223,1863,8140.274615384616
224,1864,7793.3688
225,1865,1196.9499004504505
226,1866,694.9599809160305
227,1867,599.9381727574752
228,1868,1611.4379583783784
229,1869,5258.15
230,1870,420.60412866817154
231,1871,458.4088588516746
232,1872,501.6623184357542
233,1873,690.2635356200528
234,1874,899.5298555956679
235,1875,5069.873255813954
236,1876,8376.687674418605
237,1877,6395.545806451613
238,1878,3849.3267241379313
239,1879,2456.475229357798
240,1880,4675.952857142857
241,1881,5968.21980952381
242,1882,4127.3599253731345
243,1935,754.93
244,1940,5399.694052325582
245,1941,1480.7900610328638
246,1942,823.1105836298932
247,1943,569.7360067873303
248,1944,649.681669250646
249,1945,687.8486248691099
250,1946,488.61230946882216
251,1947,865.2626859205776
252,1948,2807.419725
253,1949,1269.4691044776118
254,1950,9415.20590909091
255,1951,7219.561612903226
256,1952,8392.278787878788
257,1953,2616.879207920792
258,1954,1939.2437823129253
259,1955,667.6698032258064
260,1956,2567.588
261,1957,7162.915
262,2012,328.57
263,2017,3306.721204819277
264,2018,1700.5909986842105
265,2019,1567.414487562189
266,2020,695.2092071428572
267,2021,584.9303130541872
268,2022,934.2914505119454
269,2023,2121.2652727272725
270,2024,13975.040157894735
271,2025,8400.885013888888
272,2026,13539.612529411765
273,2027,2591.6647692307693
274,2028,9720.194782608694
275,2029,2420.3902083333332
276,2030,1017.8355384615385
277,2031,779.9770588235294
278,2032,456.3079540229885
279,2033,2486.475
280,2087,205.31571428571428
281,2088,543.66
282,2093,4111.905802197803
283,2094,2219.315890322581
284,2095,550.1236202185793
285,2096,613.2455511811023
286,2097,2465.0389724770644
287,2098,5783.614
288,2099,12916.2135
289,2100,53699.37914999999
290,2101,1781.3690448430493
291,2102,1071.6833253012048
292,2103,1748.371794871795
293,2104,7081.582
294,2105,168.52625
295,2106,2545.96696969697
296,2107,7198.151944444445
297,2108,8457.549722222222
298,2109,10949.230592592594
299,2110,5588.531333333333
300,2164,84.31
301,2165,1209.234
302,2170,2581.579879518072
303,2171,1398.012451612903
304,2172,656.9465217391304
305,2173,5815.58493939394
306,2174,5741.935365853658
307,2175,8736.7112
308,2176,32948.1825
309,2177,13701.197878787878
310,2178,1080.2500938967137
311,2179,2674.2345348837207
312,2180,5862.850476190476
313,2181,230.7023076923077
314,2182,782.7322432950191
315,2183,6005.5766
316,2184,4672.45640625
317,2185,5413.88875
318,2186,8324.67409090909
319,2187,6344.064166666667
320,2189,12595.623375
321,2190,13274.770319148935
322,2236,4984.905744680851
323,2237,4416.807115384616
324,2238,2860.4404999999997
325,2239,1806.8483333333331
326,2240,3123.7883333333334
327,2241,14.4
328,2246,3345.146666666667
329,2247,539.655990990991
330,2248,6819.8509375
331,2249,7638.0039024390235
332,2250,10776.355000000001
333,2251,13605.2275
334,2252,1380.9479999999999
335,2253,3161.9649999999997
336,2254,10587.4
337,2255,9843.7
338,2256,1437.2262972972974
339,2257,1504.2097018181819
340,2258,7422.112561403508
341,2259,5239.230892857143
342,2260,726.7718947368421
343,2261,287.8631465863454
344,2262,277.38001937984495
345,2263,194.2586936936937
346,2264,1237.4084337349398
347,2265,8442.342758620689
348,2266,24609.0359375
349,2267,10285.123902439023
350,2313,21649.90705882353
351,2314,5036.413157894737
352,2315,3627.7727272727275
353,2316,1798.0825
354,2317,407.88
355,2324,1836.4285714285713
356,2325,2267.037777777778
357,2326,9401.692903225807
358,2327,6409.155217391305
359,2329,903.760538116592
360,2330,3158.9770535714283
361,2331,6822.242000000001
362,2332,2898.8973076923075
363,2333,7791.224795918366
364,2334,5614.932538461539
365,2335,1885.2932727272728
366,2336,747.0286736842105
367,2337,270.7814840525328
368,2338,692.9856253602305
369,2339,472.75030659536543
370,2340,267.3139559659091
371,2341,945.6300277008311
372,2342,39330.76565217391
373,2343,13692.574105263158
374,2344,6512.506091954024
375,2345,16655.137333333332
376,2388,1853.707614678899
377,2389,44826.93736842106
378,2390,23682.409142857145
379,2391,13907.525277777779
380,2392,3047.52
381,2399,2236.3184615384616
382,2400,811.1326771653544
383,2401,4308.789583333333
384,2402,5553.691111111111
385,2403,10414.02
386,2404,4486.322272727272
387,2405,643.8774871794872
388,2406,4173.394444444445
389,2407,2089.0128
390,2408,852.9484260869566
391,2409,28646.415454545455
392,2410,12088.188983050848
393,2411,1416.837677027027
394,2412,783.3633862433862
395,2413,1308.639729468599
396,2414,374.7753913043478
397,2415,983.9591759259259
398,2416,379.88016187050357
399,2417,1027.1192332361516
400,2418,3847.8913500000003
401,2419,1237.4074470046085
402,2420,1921.6405298013244
403,2421,4448.767516470588
404,2422,5694.191789655172
405,2423,3443.501
406,2465,239.3761333333333
407,2466,67306.01923076923
408,2467,4476.491744966443
409,2469,153.98
410,2470,436.08
411,2471,2624.5375
412,2477,2426.6918211382113
413,2478,2215.796624675325
414,2479,4694.346132075471
415,2480,2778.445441176471
416,2481,1814.9207465608467
417,2482,1248.0582078853047
418,2483,5279.6030158730155
419,2484,603.5271518987341
420,2485,444.79949074074074
421,2486,23040.171578947367
422,2487,1694.4957228915662
423,2488,1635.6798473282443
424,2489,4108.0682705882355
425,2490,659.3912235880398
426,2491,1533.2718
427,2492,10745.69
428,2493,5805.233825757576
429,2494,694.1921657894736
430,2495,1258.1371702127658
431,2496,1168.2365714285713
432,2497,2649.575568181818
433,2498,691.6015384615384
434,2499,4876.625214285714
435,2500,11470.865
436,2501,431.1172
437,2540,261.9284307692308
438,2541,373.766432748538
439,2542,606.7321212121212
440,2543,577.422756097561
441,2546,2986.026428571429
442,2547,737.4538157894737
443,2548,1008.5176666666666
444,2553,647.7061966666666
445,2554,2826.8053020134225
446,2555,3661.6885714285713
447,2556,1136.7603440860214
448,2557,652.233192488263
449,2558,1134.2297787610619
450,2559,11831.195
451,2560,1749.7113989637305
452,2561,727.8001057401813
453,2562,1735.7905519480519
454,2563,692.5995402298851
455,2564,681.4128395061729
456,2565,521.9181295843521
457,2566,413.16943227091633
458,2567,1248.8957888446214
459,2568,31405.1036875
460,2569,3158.4243833333335
461,2570,951.0577486910995
462,2571,745.4124714828898
463,2572,3877.13405982906
464,2573,2017.5314285714287
465,2574,396.3301754385965
466,2575,1417.4095238095238
467,2576,2220.5896739130435
468,2577,1736.9977049180327
469,2617,344.6919662921348
470,2618,879.1954852320675
471,2619,23815.000999999997
472,2620,3068.0872340425535
473,2621,8543.204520000001
474,2622,7758.594833333333
475,2623,971.9273806451613
476,2624,950.4461047904192
477,2625,586.5667910447761
478,2630,1385.6695495495496
479,2631,4615.562777777778
480,2632,2556.8754207650272
481,2633,4657.731384615385
482,2634,369.863367768595
483,2635,3305.3281818181817
484,2636,3643.637363636364
485,2637,3923.102823529412
486,2638,314.315922787194
487,2639,1056.318407035176
488,2640,462.5687159624413
489,2641,505.38294929577467
490,2642,383.97970649895177
491,2643,247.03461432506887
492,2644,1809.5660920245398
493,2645,1719.2539870689654
494,2646,900.4981124497992
495,2647,500.74201508620683
496,2648,454.7942256637168
497,2649,408.6912595419847
498,2650,348.05863636363637
499,2651,333.7425781512605
500,2652,363.2418089053803
501,2653,806.9268847352025
502,2654,1351.600520467836
503,2655,1355.4251851851852
504,2656,2264.985769230769
505,2657,1160.657755102041
506,2691,1069.6002126984126
507,2692,253.76532544378696
508,2693,777.728778280543
509,2694,427.5176470588235
510,2695,796.7238295964125
511,2696,3367.3357797979797
512,2697,2823.883214285714
513,2698,1858.3611666666666
514,2699,516.9779366812227
515,2700,419.80468402777774
516,2701,340.10054104477615
517,2706,555.8848148148148
518,2707,2635.6815298507463
519,2708,2306.112478735632
520,2709,520.782893982808
521,2710,870.1872232142857
522,2711,3606.2668344370863
523,2712,1077.6223018867925
524,2713,388.012632
525,2714,273.90737704918035
526,2715,310.36850715746425
527,2716,175.8682256699577
528,2717,366.3536354961832
529,2718,379.7083521444695
530,2719,966.2948006644518
531,2720,1106.1364619565218
532,2721,824.7725632911392
533,2722,484.13714318181815
534,2723,458.8235946745562
535,2724,368.42762673076925
536,2725,287.58571874999996
537,2726,439.6283563218391
538,2727,322.51013559322035
539,2728,338.0762146788991
540,2729,308.194625
541,2730,283.703300589391
542,2731,962.1300675675676
543,2732,645.5399360902255
544,2760,690.5892635658914
545,2761,779.6721400778209
546,2762,940.305968992248
547,2763,642.2811333333333
548,2764,593.4771907216494
549,2765,930.9735682819384
550,2766,605.917621483376
551,2767,672.1371317829457
552,2768,425.3207277628032
553,2769,541.4669454545455
554,2770,331.73905688622756
555,2771,730.8825561797753
556,2772,7132.540588235294
557,2773,1139.3704686346864
558,2774,373.05734806629835
559,2775,490.4336583333333
560,2776,563.5761
561,2777,393.21470888157893
562,2778,396.64772151898734
563,2779,713.7788710144928
564,2784,3005.0152325581394
565,2785,1045.2222723404254
566,2786,364.47553666666664
567,2787,715.4912678185746
568,2788,1426.2842701863356
569,2789,227.93298761609907
570,2790,257.49529605263155
571,2791,347.3554800578035
572,2792,575.6358383763838
573,2793,771.836359133127
574,2794,1020.4872936170212
575,2795,596.1540731070496
576,2796,847.3460734265734
577,2797,606.0632068965517
578,2798,995.820172413793
579,2799,660.7702258064515
580,2800,11334.446666666665
581,2801,625.3003278688525
582,2802,2119.854074074074
583,2803,653.2879448275862
584,2804,378.45629870129875
585,2805,408.5992054176072
586,2806,447.8281657743786
587,2834,828.7873871244635
588,2835,629.381324742268
589,2836,499.3482989690722
590,2837,505.85283687943263
591,2838,505.97964125560543
592,2839,476.5771876826722
593,2840,562.7283658536586
594,2841,484.6031400437637
595,2842,504.8821351351352
596,2843,349.21307125307123
597,2844,412.38932727272726
598,2845,417.55023124042873
599,2846,335.4907950310559
600,2847,4638.975925925926
601,2848,2052.533688172043
602,2849,712.5088695652174
603,2850,731.0812267657993
604,2851,746.2583734939759
605,2852,457.3244861660079
606,2853,872.8547877984086
607,2854,4575.563158415842
608,2855,445.94633846153846
609,2859,16303.435714285717
610,2860,23938.058333333334
611,2861,1568.6734782608694
612,2862,996.20235
613,2863,1091.293275
614,2864,247.5442891373802
615,2865,254.32520220588236
616,2866,372.55240847784205
617,2867,295.54686484210526
618,2868,609.7349436090226
619,2869,6557.59651
620,2870,3129.431066666667
621,2871,298.5086018957346
622,2872,561.4564229765012
623,2873,572.3246726190476
624,2874,1023.9304205607476
625,2875,1075.5224305555557
626,2876,2752.588
627,2878,391.71426900584794
628,2880,578.158
629,2881,363.4087275362319
630,2909,239.32490353697747
631,2910,375.7555140186916
632,2911,610.5230541760723
633,2912,385.3761923076923
634,2913,849.0066349206348
635,2914,584.762234332425
636,2915,478.404004576659
637,2916,537.7054538812786
638,2917,868.5500000000001
639,2918,470.1855355329949
640,2919,419.59600985221675
641,2920,357.0495752895753
642,2921,451.91587646076795
643,2922,459.91468749999996
644,2923,839.6535483870967
645,2924,628.8216666666666
646,2925,615.3724210526316
647,2926,318.36201864801865
648,2927,485.187157622739
649,2928,710.5534217171718
650,2929,613.054630490956
651,2930,2819.1594946236555
652,2931,542.9173755656109
653,2932,335.65066115702484
654,2935,26387.983333333334
655,2936,32710.9775
656,2937,16965.74681818182
657,2938,50243.32
658,2939,1734.3516363636363
659,2940,741.512750929368
660,2941,320.18470149253733
661,2942,409.5788223140496
662,2943,1225.083536585366
663,2944,352.7137566137566
664,2945,650.4335723684211
665,2946,4844.6498
666,2947,451.4657142857143
667,2948,341.52289473684215
668,2949,539.0828179190752
669,2950,535.8319135802469
670,2951,394.86006607929517
671,2952,533.4833207547169
672,2954,239.8181227436823
673,2955,467.4824689189189
674,2957,1742.3478571428573
675,2958,4821.8184375
676,2981,5156.876363636364
677,2985,389.8632505643341
678,2986,475.94151950718685
679,2987,533.7737038834952
680,2988,361.72507751937985
681,2989,384.92303822937623
682,2990,394.6493009708738
683,2991,461.464652173913
684,2992,1247.2962819078948
685,2993,495.32278350515463
686,2994,311.37564777327935
687,2995,353.53889447236185
688,2996,375.6508298755187
689,2997,420.63370816599735
690,2998,280.9616333938294
691,2999,552.5964663461539
692,3000,171.3648275862069
693,3001,275.8183962264151
694,3002,580.8291343283582
695,3003,390.15435804701633
696,3004,837.727994100295
697,3005,990.0411333333333
698,3006,509.3580710172745
699,3007,363.88145320197043
700,3011,12404.822222222223
701,3012,18143.646666666667
702,3013,42251.87285714286
703,3014,28305.088095238094
704,3015,1321.4657333333332
705,3016,422.31520703933745
706,3017,330.77838150289017
707,3018,1136.0438860103627
708,3019,441.72003355704703
709,3020,812.4174007936508
710,3021,809.9407843137255
711,3022,1194.0062500000001
712,3023,440.86679999999996
713,3024,382.1675323193916
714,3025,556.4398
715,3026,366.95435153583617
716,3027,391.5907848837209
717,3028,385.9699266055046
718,3029,274.7089130434783
719,3030,2421.755282
720,3031,5302.061390384615
721,3033,10469.253846153846
722,3062,342.14627151051627
723,3063,462.8305579399142
724,3064,529.196793258427
725,3065,354.32294234592445
726,3066,399.49875236294895
727,3067,647.7724528301886
728,3068,681.8277588075881
729,3069,539.9863594470047
730,3070,322.66807580174924
731,3071,6217.203333333332
732,3072,653.1797611940299
733,3073,621.3663945578231
734,3074,470.89229166666667
735,3075,278.0223779854621
736,3076,253.57531697341514
737,3078,310.82808395522386
738,3079,396.29196742671013
739,3080,1099.5443314121037
740,3081,1123.3911571428573
741,3082,1434.0698161764706
742,3083,843.0544110787172
743,3088,20613.776071428572
744,3089,54584.87357142857
745,3090,37640.008653846155
746,3091,24313.469230769228
747,3092,313.6796969696969
748,3093,1216.2915310344827
749,3094,4941.1522794117645
750,3095,740.9153584905661
751,3096,425.778419047619
752,3097,519.5460558252428
753,3098,2960.483987878788
754,3099,2949.0344149659863
755,3100,423.916582278481
756,3101,291.1471228070175
757,3102,267.1012910798122
758,3103,404.7672575250836
759,3104,593.9628225806451
760,3105,243.16924528301885
761,3106,5483.9831875
762,3107,12133.473181818183
763,3108,36.72
764,3134,3942.74675862069
765,3137,352.49072261072257
766,3138,306.9697120921305
767,3139,491.7840328467154
768,3140,2141.625512
769,3141,881.1423157894737
770,3142,332.32625645438895
771,3143,767.25
772,3144,775.282875
773,3149,535.4673389355743
774,3150,331.7345823095823
775,3151,400.7341451612903
776,3152,307.9273049907578
777,3153,324.3568916155419
778,3154,553.4038434782609
779,3155,555.4938563922942
780,3156,447.7776434977578
781,3157,720.6822553133516
782,3158,1973.781778761062
783,3159,1835.8510241935485
784,3164,23485.847777777777
785,3165,37996.05789473684
786,3166,21622.545529411764
787,3167,38493.15
788,3168,2534.6759183098593
789,3169,4444.08125
790,3170,3161.3784375
791,3171,560.7635460992908
792,3172,571.0454369501466
793,3173,726.2502228412255
794,3174,564.4522119815668
795,3175,533.3058646616541
796,3176,853.2750785340314
797,3177,740.4731421446385
798,3178,307.5490207156309
799,3179,741.1830952380952
800,3180,250.55944041450778
801,3181,409.28651452282156
802,3182,3847.109794871795
803,3183,1149.8611475409837
804,3212,3874.414545454545
805,3215,559.9374532019705
806,3216,385.0696632124352
807,3217,549.4234158415842
808,3218,780.6975535168195
809,3219,439.58695035460994
810,3220,733.3645348837209
811,3221,589.412
812,3223,395.67509090909095
813,3224,331.47504823151127
814,3226,1030.1110055865922
815,3227,303.363063583815
816,3228,308.4453094462541
817,3229,469.7447377777778
818,3230,562.1358657844991
819,3231,577.7774186602871
820,3232,424.8431302876481
821,3233,551.8408553846153
822,3234,1364.667112972973
823,3235,1165.4247896825398
824,3236,1351.5286363636365
825,3241,10930.785238095237
826,3242,15921.546666666667
827,3243,12504.7
828,3244,7915.124285714285
829,3245,1357.4750533980582
830,3246,648.3951813471502
831,3247,596.4330828402367
832,3248,502.4445476190476
833,3249,373.12259210526315
834,3250,461.35290870488325
835,3251,337.23779047619047
836,3252,584.7756678733032
837,3253,654.9943296703296
838,3254,485.5739093137255
839,3255,797.9900295857989
840,3256,307.76019718309857
841,3257,405.6240384615385
842,3258,781.1765145228217
843,3259,217.47565445026177
844,3286,2803.4058823529413
845,3293,3557.0603459016393
846,3294,1378.5495217391303
847,3295,585.9729562043796
848,3296,714.0715989847716
849,3298,638.4073117408907
850,3299,1236.2790736196318
851,3300,470.4395463182898
852,3301,518.6525438596492
853,3302,529.6956635097494
854,3303,602.3172566371682
855,3304,682.705153256705
856,3307,1239.011170212766
857,3308,932.0548450363196
858,3309,917.1752706552708
859,3310,559.8953728571429
860,3311,685.6034852546917
861,3317,4068.9453333333336
862,3318,8105.571428571428
863,3319,11415.464166666667
864,3320,530.7779329608938
865,3321,248.473299856528
866,3322,354.73106617647056
867,3323,319.5827323943662
868,3324,330.56632295719845
869,3325,363.80179856115103
870,3326,1016.3222727272728
871,3327,349.7215889830508
872,3328,620.0344126074499
873,3329,524.1402586206897
874,3330,358.046325
875,3331,413.5820945945946
876,3332,776.9326363636363
877,3333,408.0364436619719
878,3334,648.1521111111111
879,3361,1459.73
880,3375,1834.0542105263157
881,3377,344.6281994750656
882,3379,3186.887619047619
883,3384,552.1869010989011
884,3385,563.7764319066148
885,3387,767.2357513513514
886,3388,927.3669895287958
887,3395,55136.808750000004
888,3396,5934.302
889,3397,523.9219877300613
890,3398,328.3605119453925
891,3399,920.2547978142077
892,3400,314.73346278317155
893,3401,390.2376971608833
894,3403,379.30280915492955
895,3404,458.02479452054797
896,3405,450.4579665198238
897,3406,364.59583333333336
898,3407,349.7827698574338
899,3408,560.0145626477541
900,3409,636.1187206703911
901,3410,402.4924293785311
902,3450,628.4602906976744
903,3451,432.6346796052632
904,3452,598.0357637883008
905,3456,335.90538461538466
906,3460,772.1446137524558
907,3461,292.30867088607596
908,3462,831.7859122807017
909,3463,905.5244786729858
910,3464,2231.6455716535434
911,3465,3573.414910714286
912,3471,5605.076249999999
913,3472,1140.6030389610391
914,3473,563.9205501222494
915,3474,2023.3763776595745
916,3475,1179.986894179894
917,3476,627.6401677419354
918,3477,528.3476552795031
919,3478,2300.9335714285717
920,3479,1443.6788936170212
921,3480,1106.4530342679127
922,3481,444.09845454545456
923,3482,577.3781818181818
924,3484,851.2081967213114
925,3485,11469.021999999999
926,3524,267.39966165413534
927,3525,259.3849266409266
928,3526,535.447850678733
929,3527,323.9284405835544
930,3528,405.0298815165877
931,3529,705.1263932087228
932,3532,152.778
933,3533,242.2924406779661
934,3536,1110.302374248927
935,3537,225.51976683937826
936,3538,396.08488372093024
937,3539,749.3513352941177
938,3540,2583.3733058139537
939,3541,5939.865885416667
940,3542,1413.2848737201366
941,3548,2131.880769230769
942,3549,903.6995278969956
943,3550,2377.483896969697
944,3551,71274.90372950821
945,3552,460.7895829059829
946,3553,391.6190231481482
947,3554,5834.74052631579
948,3555,1570.0239428571429
949,3556,588.132953125
950,3557,438.679667405765
951,3558,748.6198202247191
952,3559,318.7761739130435
953,3560,14400.0
954,3561,723.8025
955,3601,472.16571895424835
956,3602,610.1048804071247
957,3604,1562.92325
958,3610,493.08883478260867
959,3611,635.2787609375
960,3612,258.8476223801066
961,3613,440.11804511278194
962,3614,3248.902169354839
963,3615,9904.60073809524
964,3616,2763.0291082251083
965,3617,2920.240642857143
966,3618,1627.0795631067963
967,3619,1159.9495803571428
968,3624,2158.8808450704228
969,3625,2356.431142696629
970,3626,1038.83665625
971,3627,565.811690140845
972,3628,772.3686498371336
973,3629,601.025980392157
974,3630,4972.720857142857
975,3631,1299.3998008298756
976,3632,405.01446379310346
977,3633,2009.8942405063292
978,3634,1140.7174493927125
979,3635,1726.618695652174
980,3636,14400.0
981,3673,566.3345555555555
982,3683,1440.9229321428572
983,3684,4173.081967741936
984,3686,420.46524456521735
985,3687,400.5391169779287
986,3688,282.34738235294117
987,3689,530.5908780487805
988,3690,1952.1303731343285
989,3691,1470.4538696969696
990,3692,1646.5428684210526
991,3693,2199.047899371069
992,3694,865.5731132075472
993,3695,455.97109965635735
994,3696,2233.9680000000003
995,3697,1856.1899114583332
996,3701,271.17279141104297
997,3702,432.6461603375527
998,3704,4799.633894736842
999,3705,4044.632523076923
1000,3706,813.8083606060607
1001,3707,2054.0238016528924
1002,3708,517.2415174129353
1003,3709,438.16812045454543
1004,3710,504.28591731266147
1005,3711,440.48356435643564
1006,3712,7040.04
1007,3713,3565.501
1008,3750,531.9636776859504
1009,3751,636.9159803921568
1010,3752,370.1332716049383
1011,3759,897.1057819148936
1012,3760,663.6699944444445
1013,3761,616.8423066361556
1014,3762,334.1540927382753
1015,3763,279.7787858960764
1016,3764,318.6382969072165
1017,3765,620.3618285714286
1018,3766,328.65622676056336
1019,3767,544.2186119873818
1020,3768,481.1525949367089
1021,3769,390.7790093537415
1022,3770,547.5202806236081
1023,3771,15049.09
1024,3773,865.9125339366517
1025,3777,579.1252727272728
1026,3778,1080.0541509433963
1027,3779,679.2881875
1028,3780,952.5906785714285
1029,3781,3241.7394492753624
1030,3782,1130.7888076923077
1031,3783,905.7075692307693
1032,3784,2586.007730263158
1033,3785,372.52692164179103
1034,3786,693.7940728476821
1035,3787,694.1459064327486
1036,3788,1029.108888888889
1037,3827,417.02066371681417
1038,3828,589.5719396551724
1039,3829,604.3637878787879
1040,3834,519.6626506024096
1041,3835,433.09992481203005
1042,3836,315.5812658227848
1043,3837,259.3021546961326
1044,3838,945.907
1045,3839,952.3353701030927
1046,3840,899.3850882352941
1047,3841,669.5812213740458
1048,3842,290.78994091580506
1049,3843,386.2048126843658
1050,3844,1468.6260317460317
1051,3845,486.22327158273384
1052,3846,299.76466423357664
1053,3847,1135.7788343949044
1054,3848,57005.44166666667
1055,3849,402.66594900849856
1056,3850,1175.1263257575756
1057,3854,537.6365037593985
1058,3855,314.3456459731544
1059,3856,317.9517621145375
1060,3857,79.16142857142857
1061,3858,562.9787719298246
1062,3859,630.7031601731602
1063,3860,4055.693
1064,3861,3017.914583333333
1065,3862,575.8331677631579
1066,3863,576.8159132420092
1067,3864,774.5536492890996
1068,3865,1293.707894736842
1069,3902,918.6367013888889
1070,3907,1022.48375
1071,3908,532.3951265822785
1072,3909,275.2496048879837
1073,3910,260.4528223844282
1074,3911,867.6744827586207
1075,3912,250.03449814126392
1076,3913,1171.0017770034844
1077,3914,2024.7742142857144
1078,3915,2909.3975337078655
1079,3916,939.6780208333333
1080,3917,328.3569571230982
1081,3918,305.6555587892899
1082,3919,471.2808580645161
1083,3920,519.4212860310421
1084,3921,684.4202739726028
1085,3922,3081.1211686746988
1086,3923,6077.701344827586
1087,3924,16434.054722222223
1088,3925,2327.981779141104
1089,3926,4476.14946375
1090,3930,1274.7052116402117
1091,3931,266.1522429906542
1092,3932,2754.815
1093,3933,61.6
1094,3934,377.00513043478264
1095,3935,1817.466811403509
1096,3936,1059.2257455357144
1097,3937,528.7151985365854
1098,3938,795.0324236842105
1099,3939,458.5271787941788
1100,3940,461.3735234215886
1101,3977,343.3261437908497
1102,3978,927.278761904762
1103,3984,973.8114285714286
1104,3985,808.1189733840305
1105,3986,317.01462571976964
1106,3987,373.1209073724007
1107,3988,5236.249464285715
1108,3989,3664.1736781609193
1109,3990,3422.755072463768
1110,3991,13726.187419298245
1111,3992,4805.387951807229
1112,3993,12457.175517241378
1113,3994,2251.6659848484846
1114,3995,463.87774168797955
1115,3996,445.0751923076923
1116,3997,3108.8415693779907
1117,3998,10015.23293670886
1118,3999,1452.2897701149425
1119,4000,430.9801393728223
1120,4001,127961.78
1121,4002,4953.519731958762
1122,4003,6813.409534246575
1123,4007,659.3164333333333
1124,4008,375.15
1125,4010,7102.63
1126,4011,1720.6744965517241
1127,4012,13053.45971563981
1128,4013,359.52009633911365
1129,4014,488.78541371681416
1130,4015,752.1623993006993
1131,4016,882.3995027624309
1132,4052,373.23328571428567
1133,4053,591.5796240601503
1134,4060,1055.6175
1135,4061,644.4751020408163
1136,4062,674.1540322580645
1137,4063,7777.854464285715
1138,4064,6313.000396969697
1139,4065,4250.70131147541
1140,4066,4980.94988764045
1141,4067,11344.90106060606
1142,4068,3966.97282208589
1143,4069,1790.6707182320442
1144,4070,628.4318866459628
1145,4071,265.11067477876105
1146,4072,326.7219262672811
1147,4073,3165.560689655172
1148,4074,560.0134661354581
1149,4075,422.12775510204085
1150,4078,3979.3288076923077
1151,4079,4356.789111111111
1152,4083,575.1533333333333
1153,4084,769.655
1154,4085,2072.351666666667
1155,4086,1779.0253191489362
1156,4087,2120.69688
1157,4088,415.55764705882353
1158,4089,312.08321701112874
1159,4090,518.3248407079647
1160,4091,539.4423174603174
1161,4092,2660.9989375
1162,4129,487.2220661157025
1163,4136,400.18906250000003
1164,4137,207.28
1165,4138,1757.9604081632656
1166,4139,2917.2026
1167,4140,7549.481071428571
1168,4141,21970.935714285715
1169,4142,13449.469230769231
1170,4143,2725.543316831683
1171,4144,1870.4069787985868
1172,4145,535.8266829268292
1173,4146,420.3694385964912
1174,4147,446.58434887218044
1175,4148,558.2140697674419
1176,4149,31.4
1177,4150,26029.32333333333
1178,4153,323.925
1179,4154,46786.219999999994
1180,4155,7999.267428571428
1181,4160,1327.1833333333332
1182,4161,1203.815111111111
1183,4162,501.28423423423425
1184,4163,486.6770769230769
1185,4164,601.7413438202246
1186,4165,542.831550925926
1187,4166,353.9083838550247
1188,4167,739.109006849315
1189,4168,813.2530622009568
1190,4211,240.39714285714285
1191,4212,316.0195275590551
1192,4213,164.86616570327553
1193,4214,511.56799180327874
1194,4215,1293.1484756097561
1195,4216,3455.365579310345
1196,4217,6579.282999999999
1197,4218,4508.596706521739
1198,4219,5466.4346715328475
1199,4220,430.50584507042254
1200,4221,3275.8022222222226
1201,4222,366.8696017699115
1202,4223,274.99823341836736
1203,4224,250.15217417417418
1204,4229,46522.69333333333
1205,4230,3901.276666666667
1206,4231,10663.30125
1207,4235,4732.340869565217
1208,4236,448.65487804878046
1209,4237,1104.1993063063064
1210,4238,761.2109153846153
1211,4239,1206.7194027149321
1212,4240,2146.6986328125
1213,4241,540.1648163841808
1214,4242,958.3347290640395
1215,4243,2403.3594743589742
1216,4244,5684.1720000000005
1217,4288,2996.9346666666665
1218,4289,323.25607913669063
1219,4290,261.0825056947608
1220,4291,1828.7170238095239
1221,4292,1093.3548695652173
1222,4293,1163.6371485943775
1223,4294,17878.911346153847
1224,4295,1816.0629908675799
1225,4296,778.1457633587786
1226,4300,349.28296495956874
1227,4301,454.0022660818713
1228,4302,351.97883392226146
1229,4303,247.42882352941177
1230,4307,12679.1225
1231,4311,3474.3728571428574
1232,4312,3980.7408333333333
1233,4313,6985.3920327868855
1234,4314,1321.787114224138
1235,4315,563.4453076923077
1236,4316,503.5909048913044
1237,4317,324.2460448979592
1238,4318,378.7285498489426
1239,4319,1033.3601506024097
1240,4361,483.53694029850743
1241,4362,122.83351145038168
1242,4364,7613.69
1243,4365,309.88195945945944
1244,4366,332.64145833333333
1245,4367,436.8979545454545
1246,4368,608.8864574898785
1247,4369,927.6602247838616
1248,4370,1065.3779166666666
1249,4371,1474.8514000000002
1250,4372,1772.8221875
1251,4374,236.5
1252,4375,474.9315
1253,4376,321.0333126614987
1254,4377,324.37002525252524
1255,4378,396.68470404984424
1256,4379,497.4331606217617
1257,4380,4580.402857142857
1258,4381,5860.981111111111
1259,4382,1018.2334831460674
1260,4386,2963.1033333333335
1261,4387,3307.394285714286
1262,4388,3100.6679069767442
1263,4389,1629.600044827586
1264,4390,1249.7227166666667
1265,4391,574.6765641025642
1266,4392,544.0814044155844
1267,4393,478.6329775280899
1268,4394,477.82299748110836
1269,4395,4422.132967647059
1270,4437,438.2079861111111
1271,4438,271.8198194945848
1272,4439,217.9117889908257
1273,4441,252.80827586206894
1274,4442,594.9051851851852
1275,4443,415.76239999999996
1276,4444,284.74088
1277,4445,621.5629281767956
1278,4446,427.23943025540274
1279,4447,602.248305785124
1280,4448,1063.5577325581396
1281,4449,585.1342307692307
1282,4453,566.3475534188034
1283,4454,511.85459706959705
1284,4455,423.4844338235294
1285,4456,1000.8245704467354
1286,4457,1218.9058974358975
1287,4458,281.123354887218
1288,4462,10391.552
1289,4463,5025.805
1290,4464,4457.5337500000005
1291,4465,1534.8036243589745
1292,4466,2003.5993506666669
1293,4467,1204.3211328125
1294,4468,712.2845757575758
1295,4469,683.813038961039
1296,4470,1266.0626328125
1297,4471,1219.4631506849314
1298,4472,1930.8061904761905
1299,4510,389.8690410958904
1300,4511,1494.8515
1301,4512,367.68309999999997
1302,4513,434.0140298507462
1303,4514,410.2357870370371
1304,4515,484.0973011363636
1305,4516,601.1473936170213
1306,4517,456.2312686567164
1307,4518,5722.708723404256
1308,4519,665.572305764411
1309,4520,1773.3764361702129
1310,4521,339.02352459016396
1311,4522,740.8589318734794
1312,4523,873.3994089456869
1313,4524,1113.0875714285714
1314,4525,2396.0205555555553
1315,4526,3776.4
1316,4528,228.48333333333335
1317,4529,2136.493411764706
1318,4530,803.8718579234973
1319,4531,160.8718932038835
1320,4532,242.13611111111112
1321,4533,298.9037503949447
1322,4537,10425.6075
1323,4538,9771.077096774194
1324,4539,11431.508666666667
1325,4540,1540.2668965517241
1326,4541,1263.961059907834
1327,4542,2227.107391304348
1328,4543,1168.3695196850394
1329,4544,2034.1289619565216
1330,4545,1766.067320754717
1331,4546,2498.2549999999997
1332,4547,5548.317692307693
1333,4584,784.5624417177914
1334,4585,115.62717241379309
1335,4586,547.5450602409638
1336,4587,262.8401438848921
1337,4589,517.234
1338,4590,292.9374702380953
1339,4591,305.5701002506266
1340,4592,367.2251532033426
1341,4593,966.1122274881516
1342,4594,1096.9053456221197
1343,4595,1110.6331782945736
1344,4596,1002.8506060606061
1345,4597,640.7973550724638
1346,4598,806.4338138138139
1347,4599,763.1591715789474
1348,4600,963.2292
1349,4601,15118.265
1350,4602,1351.6935135135136
1351,4603,1200.31
1352,4604,443.42943181818185
1353,4605,2019.4718891566265
1354,4606,1331.2912571428571
1355,4607,698.8477749360613
1356,4608,183.88535528596188
1357,4609,551.7373068669527
1358,4613,11771.2375
1359,4614,12619.996153846152
1360,4615,29650.037857142856
1361,4616,27809.77529411765
1362,4617,2831.9955714285716
1363,4618,1733.4207638888888
1364,4620,1955.3921951219513
1365,4621,3146.211323529412
1366,4622,4028.7853863636365
1367,4623,7345.173785714286
1368,4652,347.45756756756754
1369,4653,628.5614814814815
1370,4659,2457.67925
1371,4660,753.8914285714285
1372,4661,293.37066339066337
1373,4662,399.31429487179486
1374,4663,819.3621052631579
1375,4664,579.6404838709677
1376,4665,991.7104411764706
1377,4666,638.6711244813279
1378,4667,331.85320610687023
1379,4668,299.5799730458221
1380,4669,256.55971615720523
1381,4670,410.3623591549296
1382,4671,220.25595448798987
1383,4672,483.8430064239829
1384,4673,9556.476730769231
1385,4674,619.4436385809313
1386,4675,573.5325972222222
1387,4676,1322.576595744681
1388,4677,578.2798285714285
1389,4678,632.8261538461538
1390,4679,7384.042222222222
1391,4680,892.1833823529412
1392,4681,1268.1947222222223
1393,4682,2456.1307253521127
1394,4683,490.11922201138515
1395,4688,9370.368333333334
1396,4689,10880.9148
1397,4690,12945.707894736843
1398,4691,48719.418
1399,4692,16834.225833333334
1400,4693,17308.774285714284
1401,4694,6849.838095238096
1402,4695,1124.3298372093025
1403,4696,1575.5743539823009
1404,4697,1147.0855330578513
1405,4698,6653.647041666667
1406,4723,401.52672268907565
1407,4725,1404.088085106383
1408,4728,347.2510923423423
1409,4729,506.8938095238095
1410,4730,563.8883410138249
1411,4731,520.2432786885246
1412,4735,7391.4818000000005
1413,4736,6051.725849056604
1414,4737,507.3344535519126
1415,4738,339.60902247191007
1416,4739,735.165395510204
1417,4740,898.7648154185022
1418,4741,1196.6269047619048
1419,4742,12933.03963888889
1420,4743,1354.69181496063
1421,4744,316.5583725135624
1422,4745,263.8753405144694
1423,4746,928.292191011236
1424,4747,207.92267776096824
1425,4748,247.713013029316
1426,4749,2876.9984848484846
1427,4750,1509.0099137931034
1428,4751,286.2572624434389
1429,4752,503.5576275510204
1430,4753,669.6207770700637
1431,4754,1649.1980107526883
1432,4755,7063.94
1433,4757,2200.3063917525774
1434,4758,2977.1283829787235
1435,4759,1383.2514642857143
1436,4764,8065.463913043479
1437,4765,6691.739428571429
1438,4766,11512.313066666666
1439,4767,5180.837632558139
1440,4768,3809.6880937500005
1441,4769,18261.110606060607
1442,4770,5141.418052631579
1443,4771,1491.2347131782944
1444,4772,2366.0769575757577
1445,4773,1455.7092352941177
1446,4774,1953.6945882352943
1447,4800,429.6371009771987
1448,4801,476.1827131782946
1449,4802,443.96758893280634
1450,4803,371.2220387243736
1451,4804,403.3202919020716
1452,4805,368.4125055432373
1453,4806,304.11126485568764
1454,4807,300.3423376623377
1455,4808,331.74158767772514
1456,4809,354.077092760181
1457,4810,427.38662561576353
1458,4811,4987.908680555555
1459,4812,5799.813888888889
1460,4813,704.8668713450293
1461,4814,475.9190022624434
1462,4815,383.0453465994962
1463,4816,1341.874189944134
1464,4817,1006.1659132420092
1465,4818,901.1569717314488
1466,4819,718.9064072164948
1467,4820,565.6297472924188
1468,4821,3846.134915254237
1469,4822,459.98720930232554
1470,4823,442.9296321070234
1471,4824,507.2765564202335
1472,4825,4027.8859322033895
1473,4826,373.50397435897435
1474,4827,329.5856335282651
1475,4828,498.3137056097561
1476,4829,1398.3016853932584
1477,4830,38172.70785714286
1478,4831,844.1171428571428
1479,4832,1960.2069316770185
1480,4833,2900.4551136363634
1481,4838,4156.971111111111
1482,4839,9322.838064516129
1483,4840,2866.13703125
1484,4841,4560.582851063829
1485,4842,14591.210655813955
1486,4843,9543.4015
1487,4844,18813.125
1488,4845,3695.974951219512
1489,4846,1667.4992920353984
1490,4847,2176.4236292134833
1491,4848,3966.0222406015037
1492,4849,3159.815038961039
1493,4880,626.5303119266056
1494,4881,1056.2581636363636
1495,4882,341.8711796875
1496,4883,370.5234842615012
1497,4884,285.78869546979865
1498,4885,318.4921489001692
1499,4886,303.8808012170386
1500,4887,230.5742975970425
1501,4888,4681.1157
1502,4889,4874.244096774194
1503,4890,4674.081875
1504,4891,2956.271953125
1505,4892,781.008302739726
1506,4893,2085.2494212328766
1507,4894,385.2169318181818
1508,4895,571.9449639278557
1509,4896,344.0295155709343
1510,4897,406.71876865671646
1511,4898,470.69413249211357
1512,4899,246.10302222222222
1513,4900,569.737453271028
1514,4901,513.9812290502794
1515,4902,362.1561710037175
1516,4903,702.2566197183098
1517,4904,1295.3439644970415
1518,4905,1324.1366666666665
1519,4906,1853.0377556109727
1520,4907,1598.2594177583696
1521,4908,1758.5689140625
1522,4909,2905.6309137931034
1523,4914,5181.375789473685
1524,4915,2376.2245132743365
1525,4916,1329.8998943089432
1526,4917,1182.6692698412699
1527,4918,696.0185392638037
1528,4919,932.1716102803738
1529,4920,11111.456489473683
1530,4921,10779.598666666667
1531,4922,2499.4243225806454
1532,4923,1292.521976744186
1533,4924,807.8553553113553
1534,4925,8267.420712643678
1535,4926,5351.916666666667
1536,4953,365.16316239316234
1537,4954,646.27965
1538,4955,287.11334388185657
1539,4956,625.1407372654155
1540,4957,338.29062822719453
1541,4958,450.1464329268293
1542,4959,544.8414691358025
1543,4960,233.38721037463975
1544,4961,266.15149359886203
1545,4962,232.651371657754
1546,4963,611.7647088607595
1547,4964,642.6008092485549
1548,4965,1117.6716170212767
1549,4966,1135.0674074074072
1550,4967,1597.8292857142856
1551,4968,818.3703501945525
1552,4969,1047.0758695652175
1553,4970,753.3406488549618
1554,4971,533.8077325773196
1555,4972,213.25929022082016
1556,4973,413.3939247311828
1557,4974,364.07174
1558,4975,851.8545783561643
1559,4976,2002.3663095238094
1560,4977,418.09838354037265
1561,4978,640.5873432494279
1562,4979,963.5908860103627
1563,4980,583.8665799256506
1564,4981,307.9499816849817
1565,4982,304.6811715976331
1566,4983,812.4904421768707
1567,4988,11596.860909090909
1568,4989,2891.621578947368
1569,4990,727.4229162436549
1570,4991,1214.9546254681647
1571,4992,1852.6866304347827
1572,4993,1406.0483185840708
1573,4994,729.0050837837838
1574,4995,4045.802695081967
1575,4996,5795.772
1576,4997,9170.703076923077
1577,4998,5288.367192307692
1578,4999,1039.0249285714285
1579,5000,1859.0267647058822
1580,5001,7251.81
1581,5002,4213.8460000000005
1582,5003,5665.0542857142855
1583,5006,24242.127500000002
1584,5028,4224.509366666667
1585,5029,6942.879931034482
1586,5030,677.222485549133
1587,5031,657.1054731182795
1588,5032,326.66740932642483
1589,5033,273.36881316998466
1590,5034,889.2667669172932
1591,5035,599.8849008196721
1592,5036,1010.3745387453874
1593,5037,535.0000272479564
1594,5038,368.6134641638225
1595,5039,350.89827305605786
1596,5040,177.69925972396487
1597,5041,451.37756451612904
1598,5042,620.5346869009584
1599,5043,531.2655831265508
1600,5044,4045.9073114754096
1601,5045,3351.3216326530614
1602,5046,5700.300833333334
1603,5050,545.1201194029851
1604,5051,626.5434267912773
1605,5052,942.5931557377049
1606,5053,1214.1474468085107
1607,5054,1084.441111111111
1608,5055,936.5058441558442
1609,5056,3293.545207317073
1610,5057,1657.5350228310501
1611,5058,2725.6817388535032
1612,5059,398.14626883910387
1613,5064,8396.720303030304
1614,5065,4142.161219512195
1615,5066,1212.4354895104896
1616,5067,1021.0776277372263
1617,5068,891.618212716763
1618,5069,932.8011184210526
1619,5070,655.2038
1620,5071,1863.031924882629
1621,5072,2841.236175
1622,5073,17565.862545454547
1623,5074,12074.211489361702
1624,5075,8977.185428571429
1625,5076,3162.3940567307695
1626,5077,7265.579944444445
1627,5078,2173.224
1628,5079,2092.0205
1629,5080,918.2324528301887
1630,5081,1213.7346363636364
1631,5082,14085.93
1632,5083,2143.915
1633,5101,360.01687861271677
1634,5102,1388.1601433333333
1635,5103,4470.331
1636,5104,6513.898490196078
1637,5105,5992.819157894737
1638,5106,780.312125
1639,5107,800.5034698675497
1640,5108,446.8105202312139
1641,5109,372.92003623188407
1642,5110,309.8340643926789
1643,5111,853.3988
1644,5112,763.5641884057972
1645,5113,660.3415087719297
1646,5114,403.21886178861786
1647,5115,276.15218390804597
1648,5116,561.6801795580111
1649,5117,594.8853736654804
1650,5118,1283.1450710900474
1651,5119,1401.157063197026
1652,5120,1621.733393548387
1653,5121,887.2144330708661
1654,5122,3957.865714285714
1655,5125,819.0126204081632
1656,5126,355.6381978021978
1657,5127,543.415835694051
1658,5128,463.01473118279574
1659,5129,804.8656830601092
1660,5130,408.0990120481928
1661,5131,363.87332323232323
1662,5132,1920.3847593582889
1663,5133,668.5522461538462
1664,5134,1250.3811956521738
1665,5135,64.8375
1666,5139,8348.236944444443
1667,5140,4330.442388059701
1668,5141,1648.1106263157894
1669,5142,1239.903198380567
1670,5143,809.9870333333334
1671,5144,1507.1235609756097
1672,5145,752.7625967302453
1673,5146,1346.7960334615386
1674,5147,510.5963153526971
1675,5148,4241.302248062016
1676,5149,4406.219451219512
1677,5150,9502.846373626373
1678,5151,3274.0421167883214
1679,5152,2556.2072559523813
1680,5153,6558.59
1681,5154,6776.375999999999
1682,5155,5311.4366666666665
1683,5156,13503.3625
1684,5157,31617.75666666667
1685,5178,407.3334
1686,5179,496.71241496598645
1687,5180,3938.4755125
1688,5181,6954.799128888889
1689,5182,372.0255397727273
1690,5183,317.17921592920356
1691,5184,992.15322265625
1692,5185,1358.9458435643564
1693,5186,380.4014807692308
1694,5187,578.6972549645391
1695,5188,1682.3856333333333
1696,5189,299.88461794019935
1697,5190,399.10086065573773
1698,5191,216.44245033112585
1699,5192,314.4566640471513
1700,5193,216.1477739018088
1701,5194,261.669610619469
1702,5195,478.0277848101266
1703,5196,1080.822039800995
1704,5197,610.9127126099706
1705,5198,773.7146051660517
1706,5201,426.388490945674
1707,5202,920.1977763157895
1708,5203,781.0474074074075
1709,5204,709.3082649253731
1710,5205,442.7654339250493
1711,5206,388.1615892053973
1712,5207,558.499813253012
1713,5208,352.48366315789474
1714,5209,3014.201860465116
1715,5210,2541.6686593406594
1716,5211,323.06587412587413
1717,5212,1477.5857142857144
1718,5216,5560.1828888888895
1719,5217,1470.8013837837836
1720,5218,1471.3914937499999
1721,5219,2789.721865671642
1722,5220,2261.7101986754965
1723,5221,1304.669255357143
1724,5222,1256.299186770428
1725,5223,877.3290204081632
1726,5224,2329.165169354839
1727,5225,2333.9601904761903
1728,5226,1116.8778091872791
1729,5227,2315.669918556701
1730,5228,1932.9631443298967
1731,5229,4417.7271875
1732,5230,3317.4603225806454
1733,5231,1107.723625
1734,5232,1343.8168421052633
1735,5233,1000.1928571428572
1736,5253,300.4718367346939
1737,5254,346.18583606557377
1738,5255,465.16904657534246
1739,5256,970.1486166666667
1740,5257,790.5636923076923
1741,5258,544.9575581395349
1742,5259,431.86734402852045
1743,5260,815.5257605633803
1744,5261,558.8510855263158
1745,5262,267.578752293578
1746,5263,1458.9837
1747,5264,1167.6861386138614
1748,5265,1501.212673611111
1749,5266,3192.7878124999997
1750,5267,200.4523076923077
1751,5268,831.3594999999999
1752,5269,1583.5823195266273
1753,5270,1314.2823974895398
1754,5271,698.7469604863222
1755,5272,1230.3872882882883
1756,5273,372.9009786324786
1757,5274,598.5106052631579
1758,5275,687.4432424242424
1759,5276,296.5134447174447
1760,5277,257.59457943925236
1761,5278,1179.4716120401338
1762,5279,2211.4969426751595
1763,5280,799.8621428571429
1764,5281,385.648954248366
1765,5282,1126.469488372093
1766,5283,934.2754705882352
1767,5284,238.43797587131368
1768,5285,1141.468366812227
1769,5286,510.7472727272727
1770,5287,1076.1740625
1771,5288,375.97
1772,5292,2568.3244098360656
1773,5293,1096.907126394052
1774,5294,1617.6176288659794
1775,5295,1286.3240082644627
1776,5296,1635.5408950276244
1777,5297,1900.9302473372782
1778,5298,1310.8399807692308
1779,5299,2824.851460176991
1780,5300,5001.031056910569
1781,5301,1316.0176496062993
1782,5302,1036.3598708487086
1783,5303,4145.955733333333
1784,5304,1224.650297029703
1785,5305,1088.7185527426159
1786,5306,1117.9028217821783
1787,5307,823.3725545454546
1788,5308,821.3127472527473
1789,5309,9330.731111111112
1790,5310,24246.06875
1791,5311,9952.27875
1792,5329,340.8362684989429
1793,5330,396.5376901140685
1794,5331,418.11557650273227
1795,5332,635.468868989547
1796,5333,1455.6412965686275
1797,5334,2646.804252747253
1798,5335,4441.377666666666
1799,5336,465.7841182795699
1800,5337,752.238482142857
1801,5338,329.95159133709984
1802,5339,283.4814525394046
1803,5340,3396.2991346938775
1804,5341,1818.544304347826
1805,5342,5917.150000000001
1806,5343,165.4933333333333
1807,5344,363.0785602094241
1808,5345,319.95730223123735
1809,5346,3446.9753846153844
1810,5347,915.4547102803738
1811,5348,699.3727411167513
1812,5349,1474.169487394958
1813,5350,754.4617014925374
1814,5351,694.7715625
1815,5352,303.7428205128205
1816,5353,129.40282945736433
1817,5354,259.89420608108105
1818,5355,292.3945492662474
1819,5356,372.890342019544
1820,5357,931.7300436681222
1821,5358,953.7339562499999
1822,5359,467.9863220720721
1823,5361,443.6014285714286
1824,5362,222.54887096774195
1825,5363,389.86509803921564
1826,5364,6962.7276923076915
1827,5365,1817.895
1828,5369,1688.8947530864198
1829,5370,1395.8303349282296
1830,5371,1189.9599447513813
1831,5372,2776.0772011494255
1832,5373,943.668671875
1833,5374,1143.7300746268656
1834,5375,1705.1484188034187
1835,5376,4819.175567796609
1836,5377,1179.1472038461538
1837,5378,969.7441135531135
1838,5379,6881.012777777778
1839,5380,2525.9698484848486
1840,5381,1062.0699598393574
1841,5382,1169.0747837837837
1842,5383,1305.6966028708134
1843,5384,871.7938984771573
1844,5385,679.5960030864198
1845,5386,9016.819166666666
1846,5401,437.26338507462685
1847,5402,1156.0529772727273
1848,5403,561.087225433526
1849,5404,355.286869047619
1850,5405,2030.0703896103894
1851,5406,4021.9331358024688
1852,5407,2095.8656770833336
1853,5408,7037.166922
1854,5409,1567.0165867403314
1855,5410,5625.703039215686
1856,5411,3403.5075862068966
1857,5412,6223.701999999999
1858,5413,323.1
1859,5414,2439.8174999999997
1860,5415,1338.8613575
1861,5416,2828.083645833333
1862,5417,4991.8710204081635
1863,5418,2751.4330263157894
1864,5419,368.99129903536976
1865,5420,279.3635599284437
1866,5421,255.490625
1867,5422,1317.6525789473683
1868,5423,427.8938536585366
1869,5424,369.45799999999997
1870,5425,2919.8566666666666
1871,5426,6810.151666666668
1872,5427,427.75428571428574
1873,5428,520.5979885057471
1874,5429,1353.3162869198313
1875,5430,1366.5711607142857
1876,5431,477.66209876543206
1877,5432,1270.9648571428572
1878,5433,1058.417591240876
1879,5434,315.5446421267893
1880,5438,606.9647969543147
1881,5439,573.8859591240875
1882,5440,1569.769296875
1883,5441,641.2809700374531
1884,5444,2614.3618421052633
1885,5445,1820.7847150259067
1886,5446,1038.5261632653062
1887,5447,4749.364173493976
1888,5448,1461.3357511312217
1889,5449,1359.5083766233768
1890,5450,925.7777540772531
1891,5451,7247.345602150537
1892,5452,9028.818398
1893,5453,1763.137462048193
1894,5454,6412.645505405406
1895,5455,2942.3651162790698
1896,5456,1629.1380503144655
1897,5457,862.741975308642
1898,5458,1304.464190647482
1899,5459,718.5382307692307
1900,5460,838.641524822695
1901,5461,1080.0302803738316
1902,5477,8567.765975609756
1903,5478,5400.01497826087
1904,5479,2992.0364999999997
1905,5480,998.0547368421053
1906,5481,4007.2587209302324
1907,5482,9434.771347826087
1908,5483,3176.477090909091
1909,5484,3653.631763157895
1910,5485,9832.162727272727
1911,5486,4640.191226415094
1912,5487,9001.0609375
1913,5488,5403.310344827586
1914,5489,5707.695
1915,5491,4572.152
1916,5492,4598.155789473683
1917,5493,3076.452941025641
1918,5494,2283.999333333333
1919,5495,290.07645665961945
1920,5496,222.05042647058823
1921,5497,362.7674788135593
1922,5498,238.48529610829104
1923,5499,319.21159420289854
1924,5503,501.60288220551377
1925,5504,986.8684285714286
1926,5505,561.602234332425
1927,5506,1584.6305147058822
1928,5507,279.77352575107295
1929,5508,329.9792790697674
1930,5509,489.3519174041298
1931,5510,179.75584158415842
1932,5511,299.6249201277955
1933,5514,865.6111510791367
1934,5515,1090.781918857143
1935,5516,779.7129965156795
1936,5517,739.7074659090908
1937,5518,283.45674807197946
1938,5521,1405.588051948052
1939,5522,1549.9654285714287
1940,5523,2828.3303773584908
1941,5524,2239.0541700680274
1942,5525,1277.1917901234567
1943,5526,624.0840000000001
1944,5527,5970.109593495935
1945,5528,2740.6178958677683
1946,5529,4022.044470526316
1947,5530,11357.735064406781
1948,5531,9946.316871428571
1949,5532,27515.24503703704
1950,5533,6495.662777777778
1951,5534,741.2794396135266
1952,5535,845.4548979591838
1953,5536,762.6819272727273
1954,5553,4062.9934166666667
1955,5554,5534.561951219513
1956,5555,744.9983178294573
1957,5556,1435.3171751412428
1958,5557,8176.6239375000005
1959,5558,5534.806153846153
1960,5559,4594.667391304348
1961,5560,8677.98
1962,5561,6076.42
1963,5562,9275.452631578948
1964,5563,5189.131290322581
1965,5564,6132.483809523809
1966,5565,901.9699999999999
1967,5566,3335.8720000000003
1968,5567,5707.995
1969,5568,6608.409542857143
1970,5569,2103.6204564102563
1971,5570,404.8998181818182
1972,5571,182.05607407407408
1973,5572,240.72384858044165
1974,5573,225.03572052401748
1975,5574,523.8928228228228
1976,5575,159.30197916666665
1977,5578,860.7339164086687
1978,5579,777.0225925925926
1979,5580,338.6354659949622
1980,5581,281.6965357142857
1981,5582,208.1630375426621
1982,5583,547.5003296703296
1983,5584,953.6198113207547
1984,5585,535.6598727735369
1985,5586,344.03988565488567
1986,5587,209.53394126738795
1987,5588,2229.5438461538465
1988,5589,2109.6226666666666
1989,5590,620.5676843971631
1990,5591,1108.804757936508
1991,5592,810.9949754901961
1992,5593,890.6497127937338
1993,5594,414.9052422907489
1994,5597,3676.5617543859653
1995,5598,3123.550663888889
1996,5599,1187.9725555555556
1997,5600,2892.634178947368
1998,5601,903.6359395770393
1999,5602,6544.036904761905
2000,5603,1457.1621933534743
2001,5604,797.2003048780488
2002,5605,7972.801467605634
2003,5606,17479.141386956522
2004,5607,67372.87529411765
2005,5608,21090.98764705882
2006,5609,4488.467534883721
2007,5610,2287.2111136363637
2008,5611,740.4773795180722
2009,5632,759.118923320158
2010,5633,2701.6019230769234
2011,5634,7455.113222222222
2012,5635,6087.799302325581
2013,5636,6255.73859375
2014,5637,2189.986785714286
2015,5638,5219.346808510638
2016,5639,6990.6321739130435
2017,5640,8626.82111111111
2018,5641,3449.2413636363635
2019,5642,4584.106666666667
2020,5643,295.1910204081633
2021,5644,1374.2408269230768
2022,5645,2396.1765625
2023,5646,410.36638095238095
2024,5647,719.0127397260275
2025,5648,283.3838243626062
2026,5649,291.7325303292894
2027,5650,375.19876993166287
2028,5651,381.96306666666663
2029,5652,377.83485981308405
2030,5653,636.1861116504854
2031,5655,527.1016152019002
2032,5656,421.9037028301887
2033,5658,423.9948224852071
2034,5659,406.41758666666664
2035,5660,306.0703559322034
2036,5661,312.5056156716418
2037,5662,563.7214902807775
2038,5663,1329.2556703910616
2039,5664,952.7030769230769
2040,5665,2717.172
2041,5666,1104.674
2042,5667,2090.9161685393256
2043,5668,2833.3733359375
2044,5669,912.3508208955224
2045,5670,432.60112743628184
2046,5671,447.3248314606742
2047,5674,6180.344305555556
2048,5675,4363.723813559322
2049,5676,1449.3400000000001
2050,5677,8517.825943396227
2051,5678,7404.985395683453
2052,5679,3271.278156424581
2053,5680,810.1916470588235
2054,5681,1381.8161280991737
2055,5682,5948.137375
2056,5683,11781.460869565217
2057,5684,3014.162
2058,5685,3205.5422222222223
2059,5686,2042.4068518518518
2060,5687,1323.4021428571427
2061,5693,262.34222222222223
2062,5710,5629.817219512195
2063,5711,6369.959157894737
2064,5712,2954.4698426966293
2065,5713,5186.034675324675
2066,5714,4460.777288135593
2067,5715,5829.051276595744
2068,5716,4929.901176470588
2069,5717,6723.788387096774
2070,5718,5150.778048780488
2071,5719,2181.3412280701755
2072,5720,3933.2983333333336
2073,5721,1711.4152830188677
2074,5722,1158.8986471502592
2075,5723,3217.126986792453
2076,5724,292.15530042918454
2077,5725,325.42461630218685
2078,5726,170.8215903614458
2079,5727,301.35571121718374
2080,5728,194.21286519607844
2081,5729,354.9838171846435
2082,5730,312.21161144578315
2083,5731,445.8690476190476
2084,5732,315.87559288537545
2085,5734,1199.2787307692306
2086,5735,6567.334933333333
2087,5736,1427.736076923077
2088,5737,623.8307782515992
2089,5738,732.8096774193548
2090,5739,1698.2987962962961
2091,5742,941.949696969697
2092,5743,3217.492814814815
2093,5744,1813.8338095238096
2094,5745,431.77082401315795
2095,5746,344.3825032425421
2096,5750,6131.147333333332
2097,5751,1297.4340534759358
2098,5752,5567.681686746988
2099,5753,36875.15473684211
2100,5754,6589.693235294118
2101,5755,787.5861776061777
2102,5756,1899.4559146341464
2103,5757,4967.077346938776
2104,5758,9037.608
2105,5759,6029.649333333334
2106,5760,1098.0279787234042
2107,5761,1327.2488392857142
2108,5762,1860.2413888888889
2109,5787,2814.582790697674
2110,5788,1632.465652173913
2111,5789,1778.5645180722893
2112,5790,4535.996724137931
2113,5791,6494.1153125
2114,5792,8121.048749999999
2115,5793,10567.779411764706
2116,5794,11802.582333333334
2117,5795,7438.025704545455
2118,5796,4267.662499999999
2119,5797,6258.831578947368
2120,5798,7558.941366666667
2121,5799,2959.4284615384613
2122,5800,825.3327086614173
2123,5801,441.12609375000005
2124,5802,266.50025594149906
2125,5803,1045.033
2126,5804,278.21184202898553
2127,5805,126.15756611165524
2128,5806,223.71253315649867
2129,5807,523.8301787709497
2130,5808,1395.4489285714285
2131,5809,1228.5322033898303
2132,5810,1082.6304545454545
2133,5811,1943.051231884058
2134,5812,1378.951557377049
2135,5813,496.42838362068966
2136,5814,576.3603674937965
2137,5815,1708.3582954545454
2138,5816,3963.8991666666666
2139,5817,243.84
2140,5818,150.62058091286306
2141,5819,705.7148765432098
2142,5820,785.738144989339
2143,5821,482.58481178396073
2144,5822,260.4949466463415
2145,5823,332.887572633552
2146,5828,2392.5701489361704
2147,5829,6568.5197499999995
2148,5830,5053.705024691359
2149,5831,5972.66862745098
2150,5832,2919.598672566372
2151,5833,12184.816774193549
2152,5834,14363.819047619048
2153,5835,14387.924166666666
2154,5836,8733.616875
2155,5837,3822.8985714285714
2156,5838,2157.0977777777775
2157,5862,1004.4660370370372
2158,5863,373.32159751037346
2159,5864,358.7537912087912
2160,5865,1916.6249471264366
2161,5866,5931.698139534884
2162,5867,8010.163571428571
2163,5868,6536.197581081081
2164,5869,3920.035066666667
2165,5870,8474.336975
2166,5871,5317.243863636364
2167,5872,5458.061559999999
2168,5873,2527.733527586207
2169,5874,5175.505833333334
2170,5875,6809.927826086956
2171,5876,4088.565137254902
2172,5877,6718.4765625
2173,5878,2927.9525
2174,5879,1666.0719464285714
2175,5880,1435.1067668393785
2176,5881,423.42090836653387
2177,5882,404.72133333333335
2178,5883,1825.4276
2179,5884,2354.8887017543857
2180,5885,3058.656858974359
2181,5886,505.0088713910761
2182,5887,350.1240215439857
2183,5888,897.91251497006
2184,5889,1448.4927753303964
2185,5890,1159.0463013698632
2186,5891,1868.7472388059703
2187,5892,894.0053333333333
2188,5893,335.5337685950413
2189,5894,402.35320430107527
2190,5895,531.436392479436
2191,5896,307.1687521079258
2192,5897,1002.5855454545456
2193,5898,1374.0495465994964
2194,5899,4097.2806164383555
2195,5905,1924.34
2196,5906,6968.466666666667
2197,5907,9969.092857142856
2198,5908,7391.72606060606
2199,5909,11949.47
2200,5910,12860.993846153848
2201,5911,6301.035789473684
2202,5912,2775.262666666667
2203,5913,1838.6999999999998
2204,5939,368.21040691927516
2205,5940,1304.4103759656653
2206,5941,2040.4476910447763
2207,5942,3246.9785368421053
2208,5943,6120.920028571429
2209,5944,5054.485130434782
2210,5945,5288.9062631578945
2211,5946,3345.8204081632657
2212,5947,888.7800653594771
2213,5948,7396.977772727273
2214,5949,1571.5060966666667
2215,5950,739.8984925795053
2216,5951,736.3994772093023
2217,5952,742.9454504672897
2218,5953,708.2658490566038
2219,5954,1149.0337907407406
2220,5955,270.74805555555554
2221,5956,712.0749347826087
2222,5957,275.8629746835443
2223,5958,236.2029076923077
2224,5959,605.2962453531599
2225,5960,1002.7537313432836
2226,5961,4789.312473684211
2227,5962,1465.606407329843
2228,5963,1060.38608040201
2229,5964,1891.2042771084336
2230,5965,2108.2612041884818
2231,5966,1966.6709797979797
2232,5967,1088.6950000000002
2233,5968,339.2692676056338
2234,5969,311.0693499043977
2235,5970,772.7898532494759
2236,5971,879.423336134454
2237,5974,4697.999456066946
2238,5975,2588.301592178771
2239,5976,802.0725337837838
2240,5980,63123.685
2241,5981,11471.12
2242,5982,7791.594
2243,5983,8300.62
2244,5985,8685.81625
2245,5986,7866.567368421052
2246,5987,6552.858
2247,5988,2954.8051111111113
2248,5989,1880.86
2249,6014,266.33709233791745
2250,6015,2173.683164539007
2251,6016,2779.8145977011495
2252,6017,6952.357999999999
2253,6018,6386.546833333333
2254,6019,7495.9514285714295
2255,6021,6961.675
2256,6024,2578.6491379310346
2257,6025,554.0320134228187
2258,6026,465.66493243243247
2259,6027,1259.8831532934132
2260,6028,1192.4748501650167
2261,6029,597.2912923728815
2262,6030,405.8916017316018
2263,6031,324.02521294718906
2264,6032,327.39852808988763
2265,6033,235.2929446935725
2266,6034,633.3356096866097
2267,6035,425.8627216699801
2268,6036,561.9792385786802
2269,6037,278.01824175824174
2270,6038,785.377627118644
2271,6039,6728.064
2272,6040,3631.1339130434785
2273,6041,1072.7137777777778
2274,6042,312.85469178082195
2275,6043,344.73669795918363
2276,6044,393.00555096774195
2277,6045,397.0005084745763
2278,6046,1022.9436037735849
2279,6047,738.9236032388665
2280,6050,503.2193254376931
2281,6051,375.4695421436004
2282,6052,648.47285
2283,6055,37028.63
2284,6056,10571.272727272728
2285,6057,6348.097952380953
2286,6058,6211.1330625
2287,6059,720.1383823529412
2288,6060,1583.3625
2289,6061,7712.073076923078
2290,6062,8069.856625
2291,6063,2685.9176315789473
2292,6064,933.7241666666667
2293,6065,1366.7135999999998
2294,6089,532.4056363636363
2295,6090,1632.7848837209303
2296,6093,6393.40076923077
2297,6094,4749.649411764705
2298,6095,3338.3785714285714
2299,6101,2938.3023839285715
2300,6102,869.2357947882737
2301,6103,708.1154754448398
2302,6104,424.59801022727277
2303,6105,848.0092030303031
2304,6106,430.9268567639257
2305,6107,464.0606325966851
2306,6108,532.3493235294118
2307,6109,607.5072747252747
2308,6110,1355.127874015748
2309,6111,436.149164785553
2310,6112,324.57290262172285
2311,6113,342.2290234375
2312,6114,364.77936416184974
2313,6115,568.8488533333333
2314,6116,765.2006539440204
2315,6117,320.7540427927928
2316,6118,294.20986497890294
2317,6119,340.6503195530727
2318,6120,420.75201413427567
2319,6121,422.3183286516854
2320,6122,341.88931428571425
2321,6123,672.6945454545455
2322,6124,613.1819191919192
2323,6126,769.1790256410256
2324,6127,306.546192893401
2325,6128,377.05183832976445
2326,6132,7815.875
2327,6133,4099.950684210527
2328,6134,759.0292893258428
2329,6135,594.3502273901809
2330,6136,4744.795
2331,6137,1715.0828571428572
2332,6138,1649.6568725490197
2333,6139,980.6612420382165
2334,6140,8137.726
2335,6141,3610.6575194805196
2336,6170,653.4373397435897
2337,6171,3443.8934761904766
2338,6172,1231.1825567796611
2339,6176,10994.763714285713
2340,6177,2497.3956000000003
2341,6178,3393.416
2342,6179,1719.0918763636362
2343,6180,7205.279069767442
2344,6181,4122.110000000001
2345,6182,668.0219999999999
2346,6183,693.6568831168831
2347,6184,329.09496261682244
2348,6185,800.2322222222222
2349,6186,352.80761252446183
2350,6187,354.9950293542074
2351,6188,325.8753588785047
2352,6189,372.72098058252425
2353,6190,449.7801017857143
2354,6191,344.5208864027539
2355,6192,343.7578234042553
2356,6193,389.6203647798742
2357,6194,385.22648
2358,6195,315.1245625562556
2359,6196,361.37109489051096
2360,6197,384.77178025034766
2361,6198,483.79609756097557
2362,6199,407.7840094339623
2363,6200,434.6684904371585
2364,6201,463.7492748538012
2365,6202,1158.6189112903226
2366,6203,537.8309921875
2367,6204,1365.8401304347826
2368,6207,5001.746
2369,6208,7042.057586206897
2370,6209,1534.2856896551723
2371,6210,474.2622477876106
2372,6211,929.3174056939501
2373,6212,565.0642
2374,6213,613.4707692307693
2375,6214,348.7273303167421
2376,6215,5338.744230769231
2377,6216,7415.363636363636
2378,6217,3527.8811111111113
2379,6254,2215.524961038961
2380,6256,22417.60672727273
2381,6257,5544.2185714285715
2382,6258,111.7
2383,6259,7129.963333333333
2384,6260,778.8302015267176
2385,6261,402.3875129251701
2386,6262,450.75269135802466
2387,6263,338.2823622047244
2388,6264,391.91556745182015
2389,6265,348.9318614357262
2390,6266,352.39585663716815
2391,6267,688.5251101485148
2392,6272,333.7570657894737
2393,6273,415.1233823529412
2394,6274,702.9733248081842
2395,6275,446.8579517766497
2396,6276,364.4438442822385
2397,6277,393.23438271604937
2398,6278,674.0394545454545
2399,6279,870.7198136645964
2400,6280,590.7339365079365
2401,6284,6413.762352941177
2402,6285,7468.118372093024
2403,6286,2794.066283185841
2404,6287,786.3894905325443
2405,6288,543.4819347826087
2406,6289,834.3475
2407,6290,6793.963636363637
2408,6291,2165.8541818181816
2409,6292,4109.924285714286
2410,6332,7752.446976744185
2411,6333,5689.8575
2412,6334,9370.732
2413,6335,5142.650063934426
2414,6336,1136.213118125
2415,6337,6169.918977142857
2416,6338,356.39484375
2417,6339,286.185731092437
2418,6340,279.91761248185776
2419,6341,334.49879478827364
2420,6342,300.1052833034111
2421,6348,309.5341517857143
2422,6349,413.7508964781217
2423,6350,459.11381021897813
2424,6351,581.6546153846153
2425,6352,596.897987704918
2426,6353,1099.567795414462
2427,6354,7951.043986013986
2428,6355,6235.230555555555
2429,6359,10614.463636363636
2430,6360,9167.856
2431,6361,21148.609333333334
2432,6362,1246.5978603603603
2433,6363,617.5665177111717
2434,6364,561.4125964010283
2435,6365,42413.6
2436,6366,7981.461875
2437,6367,2683.4933333333333
2438,6368,1776.1334285714286
2439,6409,11874.66806451613
2440,6410,9801.096114583333
2441,6411,2511.022187134503
2442,6412,2536.425770940171
2443,6413,625.057987012987
2444,6414,327.4087648054146
2445,6415,347.0074920318725
2446,6416,466.41189862385323
2447,6426,442.80202272727274
2448,6427,774.3461403508772
2449,6428,5607.6731578947365
2450,6429,10325.472012578617
2451,6430,66137.50436363636
2452,6435,13663.693
2453,6436,17138.94705882353
2454,6437,41242.431333333334
2455,6438,14761.484571428571
2456,6439,780.4886389684813
2457,6440,628.4845179063361
2458,6441,743.4673913043479
2459,6442,10225.558
2460,6443,4514.891428571428
2461,6444,5128.5055
2462,6485,5741.354770833333
2463,6486,1638.0676
2464,6487,1869.5229492957747
2465,6488,458.96594675
2466,6489,428.8959829059829
2467,6490,315.32371813285454
2468,6491,284.54362174578864
2469,6502,809.0280434782609
2470,6503,538.8229059829059
2471,6504,5661.76570093458
2472,6505,8790.949722222222
2473,6510,13110.628333333334
2474,6511,22705.330650000004
2475,6512,61520.397692307684
2476,6513,76981.385
2477,6514,1033.0779065359477
2478,6515,544.24375
2479,6516,539.5469783197832
2480,6517,664.98
2481,6518,8487.46875
2482,6519,11892.931785714287
2483,6525,578.7836585365853
2484,6564,560.1187179487179
2485,6565,542.4550286486486
2486,6566,463.3151807228916
2487,6579,609.4421143617021
2488,6580,3601.6877551020407
2489,6586,111294.80999999998
2490,6587,2269712.6044032257
2491,6588,31123.376652380957
2492,6589,15940.0
2493,6590,809.0409497206704
2494,6591,746.2056163522012
2495,6592,617.4622551319649
2496,6593,1254.2577777777778
2497,6594,2832.0
2498,6595,6555.8961538461535
2499,6636,197.073
2500,6638,288.2555
2501,6640,778.1444635193134
2502,6654,4688.7555999999995
2503,6655,1526.2043548387096
2504,6660,36450.94
2505,6661,31084.303333333333
2506,6662,3999607.1240540543
2507,6663,984309.3211000001
2508,6664,1721.982465437788
2509,6665,948.3644491228071
2510,6666,705.9333435582822
2511,6667,600.2690277777778
2512,6668,1039.44101010101
2513,6669,1841.84
2514,6670,58063.424999999996
2515,6671,8094.709999999999
2516,6713,94.62857142857142
2517,6735,701.9825537634409
2518,6736,1286.7104268292683
2519,6737,2492.126764705882
2520,6738,1118194.5052941176
2521,6739,1118863.0259800002
2522,6740,2181.501130952381
2523,6741,627.1208419540229
2524,6742,650.9937982195846
2525,6743,760.7356666666667
2526,6744,796.4322727272728
2527,6745,3101.532857142857
2528,6746,17.55
2529,6747,6888.495420000001
2530,6748,10450.210909090909
2531,6809,1115.8990947368422
2532,6810,514.6440799999999
2533,6811,912.3612698412699
2534,6812,1346.3840102564102
2535,6813,4277.220944444444
2536,6814,3770028.71
2537,6815,4638.081666666667
2538,6816,1021.4398814685314
2539,6817,553.5337872807017
2540,6818,1366.9782515337422
2541,6819,1581.1812538860104
2542,6820,1718.1169696969698
2543,6821,4326.208842105263
2544,6822,8619.352272727272
2545,6823,10370.19633125
2546,6824,8248.800000000001
2547,6884,386.9417741935484
2548,6885,298.71381619937694
2549,6886,231.65371830985916
2550,6887,441.61103244837756
2551,6888,1462.0871523178807
2552,6889,2736.8215625
2553,6892,4018.6695695652174
2554,6893,858.7313851351352
2555,6894,1034.512617801047
2556,6895,4579.0907916666665
2557,6896,5737.8114857142855
2558,6897,1080.699969348659
2559,6898,4681.696218045113
2560,6899,3346.3832352941176
2561,6900,1649.7551428571428
2562,6958,1555.9135537190084
2563,6959,516.0470948012232
2564,6960,510.9067670157068
2565,6961,2336.5952719665274
2566,6962,432.7432578740158
2567,6963,710.9325251256282
2568,6964,1258.9592660550459
2569,6965,1948.8436734693878
2570,6966,8914.273333333333
2571,6967,14064.907500000001
2572,6968,1972.1978787878788
2573,6969,1096.0111328413284
2574,6970,4373.210472727273
2575,6971,1808.5151655172415
2576,6972,804.858021978022
2577,6973,1631.2579090909092
2578,6974,697.5702203389831
2579,6975,626.7958288770053
2580,6976,2845.7401923076923
2581,6977,1827.777794117647
2582,6978,1101.0
2583,6979,10826.53
2584,7034,1509.6009879032258
2585,7035,922.0106012658227
2586,7036,577.6928919860628
2587,7037,782.1289866962306
2588,7038,1846.9856828193833
2589,7039,489.60965600000003
2590,7040,1506.3729775280897
2591,7041,1115.366330049261
2592,7042,2474.746666666667
2593,7043,7778.683000000001
2594,7044,5005.301428571429
2595,7045,4547.396775
2596,7046,2428.201382113821
2597,7047,1677.1341390728478
2598,7048,1599.8293214285716
2599,7049,1255.2936324786326
2600,7050,2107.800690140845
2601,7051,2202.826833802817
2602,7052,904.1138073394495
2603,7053,698.5086281588448
2604,7054,1774.902868852459
2605,7055,3416.4447999999998
2606,7109,655.6647418478261
2607,7110,443.80982213438733
2608,7111,524.5693986636971
2609,7112,355.7892402464066
2610,7113,498.10646017699116
2611,7114,1170.47025
2612,7115,652.1683672922252
2613,7116,805.2481818181818
2614,7117,808.9908670520232
2615,7118,2956.8614374999997
2616,7119,8383.96
2617,7120,6336.33385106383
2618,7121,4008.5325468749998
2619,7122,1163.227947368421
2620,7123,586.5150952380952
2621,7124,3154.775785714286
2622,7125,2213.6458666666667
2623,7126,2448.240376146789
2624,7127,1091.1019323671499
2625,7128,1308.2599447513812
2626,7129,3289.2205357142857
2627,7130,3629.394545454545
2628,7186,385.1647744360902
2629,7187,419.5517684210526
2630,7188,504.5056950672646
2631,7189,303.84590609555187
2632,7190,2354.2508701923075
2633,7191,1655.6785510204081
2634,7192,739.1063953488373
2635,7193,1216.629
2636,7194,2441.761393442623
2637,7195,3851.8983478260866
2638,7196,6683.409135135135
2639,7199,585.9997990196078
2640,7200,839.5753532608695
2641,7201,2469.007525773196
2642,7202,931.2495021276595
2643,7203,2537.424792207792
2644,7204,795.6277023809523
2645,7205,2762.754
2646,7206,1094.0568181818182
2647,7261,4350.029194444444
2648,7262,608.2153217158177
2649,7263,546.3835897435897
2650,7264,757.5020919881305
2651,7265,1049.62968503937
2652,7266,1279.9655333333333
2653,7267,771.8069205298013
2654,7268,893.4235267857142
2655,7270,4114.819024390244
2656,7276,645.5968
2657,7277,1140.4566237623762
2658,7278,1515.9519552238805
2659,7279,415.4
2660,7281,935.0733333333333
2661,7337,5156.557592592592
2662,7338,890.4798469387755
2663,7339,912.3853020134228
2664,7340,1190.5983783783784
2665,7341,843.37110625
2666,7342,1102.0852052238806
2667,7343,918.1364980544748
2668,7344,990.0780458333334
2669,7345,1991.73773553719
2670,7352,559.4744485596708
2671,7353,753.8298738170347
2672,7354,668.865029498525
2673,7355,2287.466062992126
2674,7356,6786.596363636363
2675,7412,5622.934583333333
2676,7413,8391.422631578947
2677,7414,5245.796779661017
2678,7415,2840.8144565217394
2679,7416,761.7781220657276
2680,7417,1148.4966379310345
2681,7418,1485.7375
2682,7428,483.3888933717579
2683,7429,508.17291479820625
2684,7430,670.0331449275362
2685,7431,1857.554101010101
2686,7488,447.9317037037037
2687,7489,5718.603043478261
2688,7490,9338.125642857141
2689,7491,3133.73925060241
2690,7505,387.608802946593
2691,7506,467.7448006134969
2692,7507,633.0716666666667
2693,7563,566.7765055762083
2694,7564,5226.600285714286
2695,7565,8508.42564102564
2696,7566,3819.379873015873
2697,7581,270.07540659340657
2698,7582,312.7796680080483
2699,7639,295.38760869565215
2700,7640,1786.5642500000001
2701,7641,2476.5284210526315
2702,7642,17325.852857142858
2703,7643,4220.9775
2704,7715,384.9460627177701
2705,7716,2007.9402631578946
2706,7718,1539.42
2707,7791,279.468
2708,7792,657.5828333333334
2709,7793,1872.3419999999999
2710,7794,2603.3312068965515
2711,7795,1870.49
2712,7867,868.6854961832062
2713,7868,781.005099009901
2714,7869,2547.2400000000002
2715,7870,773.493402366864
2716,7941,382.1
2717,7943,687.868
2718,7944,5611.057777777778
2719,7945,3877.570769230769
2720,7946,4815.632093023256
2721,8021,136.22285714285712
