fid,HousingUnitAreaPrice
797,3107732.280
798,2942874.212
800,
801,
871,2503806.129
872,2348085.488
873,2993888.109
874,3404943.353
875,2590394.328
876,2164139.000
877,
945,
946,2750512.973
947,3059520.500
948,2714760.558
949,2756267.842
950,3107312.413
951,2992565.194
952,2695825.022
953,3073174.974
954,
955,
1021,
1022,2280891.740
1023,3575201.483
1024,2715090.774
1025,3652078.250
1026,3244652.500
1027,
1028,3135763.750
1029,3014160.000
1030,
1031,
1045,1989768.838
1098,3567393.500
1099,4036711.000
1100,3516291.333
1101,4318353.417
1104,
1105,
1106,5186152.615
1107,2680472.735
1108,
1121,3079045.400
1122,2606160.367
1126,
1174,
1175,
1176,3700309.600
1177,3409207.500
1179,
1180,5194472.333
1181,5254529.138
1182,4512141.167
1183,1987719.400
1184,2077804.366
1185,1750035.360
1186,1811739.033
1197,2844408.400
1198,2493981.333
1251,
1252,
1257,4216439.556
1258,2452565.325
1259,3266025.222
1260,2867100.065
1261,2095373.412
1262,1940856.205
1263,1881820.612
1264,1812617.308
1265,2095203.429
1266,1722810.886
1268,3299448.000
1269,3703930.000
1273,2017096.446
1274,2134506.850
1275,2448350.524
1327,
1332,
1333,2391476.444
1334,2335678.446
1335,2498521.954
1336,2342522.842
1337,2028463.441
1338,1897561.895
1339,1901372.612
1340,2023578.188
1341,1652360.750
1342,1675192.113
1343,2182023.000
1344,2880984.375
1349,2044542.674
1350,
1351,2825028.159
1404,2304278.700
1405,4037815.000
1407,
1408,5454304.167
1409,2977136.235
1410,3435631.985
1411,4696436.917
1412,2243494.987
1413,2296063.070
1414,2191316.061
1415,2247471.437
1416,2114777.753
1417,2247452.405
1418,2020433.345
1419,1841843.640
1420,1731608.952
1421,3345657.294
1425,2057704.986
1426,2498813.595
1427,2504482.000
1428,2572833.500
1429,3140029.800
1480,2963870.821
1481,3751470.667
1482,4073540.609
1483,4267578.000
1484,4010094.000
1485,2449536.521
1486,3138195.000
1487,2100847.121
1488,2304384.776
1489,2244066.422
1490,2198820.563
1491,2457379.000
1492,2216758.543
1493,2061219.310
1494,2241158.789
1495,2955600.228
1496,3157962.469
1497,3295429.100
1498,1866848.667
1499,1834097.673
1500,2171707.854
1501,2464438.828
1502,2046251.638
1504,
1557,3920811.111
1558,3640403.625
1559,3869249.636
1560,3504058.231
1561,3765009.444
1562,2129837.631
1563,2212075.225
1564,2136488.664
1565,2071787.976
1566,2077655.785
1567,2238250.958
1568,2633889.149
1569,1950269.073
1570,2326881.060
1571,2783185.391
1572,3028099.333
1573,2894971.800
1574,2450067.615
1575,2137165.045
1576,2232748.932
1577,2523135.700
1578,1806912.321
1584,
1633,3958509.667
1634,3977219.000
1635,3780676.522
1636,3139622.258
1637,2398768.000
1638,2201019.962
1639,2164153.483
1640,2143627.415
1641,2046481.943
1642,2153284.997
1643,2266028.292
1644,2192882.929
1645,2556565.500
1646,2473764.077
1647,2417474.159
1648,3153875.000
1649,3247844.143
1650,1759740.338
1651,2215928.462
1652,2313144.909
1653,2204745.160
1710,3467593.741
1711,3889310.250
1712,2369684.294
1713,2616536.707
1714,2055163.041
1715,1827294.333
1716,1832584.667
1717,1986265.057
1718,2152820.453
1719,2240615.721
1720,2319146.776
1721,2448919.634
1722,2376845.941
1723,3338607.333
1724,3261335.962
1725,3674268.813
1726,2296381.727
1727,2270047.762
1728,2052126.651
1729,2537915.333
1730,2230044.522
1731,2090186.136
1732,2314489.355
1786,3968950.370
1787,4094161.263
1788,2938825.237
1789,2422922.133
1790,2590198.393
1791,2410304.050
1793,2077289.434
1794,2302663.372
1795,2390815.233
1796,2266352.509
1797,2381292.841
1798,3144170.417
1799,6221921.000
1800,6180631.313
1801,5053463.750
1802,3248506.833
1803,2700716.447
1804,2826481.318
1805,2155405.773
1806,3507062.351
1863,3518053.167
1864,3668132.000
1865,2925483.565
1866,2951453.235
1867,2754732.482
1868,3547166.520
1869,3426880.333
1870,2459025.755
1871,2392735.227
1872,2348591.919
1873,2383029.986
1874,2312971.539
1875,6218520.261
1876,5651443.067
1877,4978817.200
1878,3915199.143
1879,2662630.625
1880,2979130.500
1881,3523150.750
1882,2934621.750
1935,
1940,3992005.500
1941,3054785.521
1942,3511546.628
1943,2901838.448
1944,2539680.902
1945,2692239.377
1946,2529425.812
1947,2870956.481
1948,7665362.450
1949,3007699.571
1950,6356685.692
1951,5785394.071
1952,5957158.267
1953,2503941.789
1954,2530533.633
1955,2363858.195
1956,3204781.500
1957,3756458.733
2012,
2017,3440218.565
2018,2847144.033
2019,3156128.603
2020,2950271.586
2021,2516956.536
2022,2593835.887
2023,3948903.347
2024,8293221.556
2025,5771628.520
2026,5636499.400
2027,4711459.600
2028,5960342.765
2029,4402859.250
2030,3025854.000
2031,
2032,2026397.619
2033,
2087,
2088,
2093,3730329.250
2094,4183829.360
2095,3225984.232
2096,2742655.313
2097,3547081.640
2098,7414128.000
2099,7603897.800
2100,6560576.000
2101,3935523.233
2102,4313366.680
2103,3681566.882
2104,6269074.273
2105,
2106,1743120.000
2107,
2108,2702545.500
2109,3420711.917
2110,3655169.286
2163,
2164,
2165,
2170,3193052.333
2171,3507764.727
2172,3098004.034
2173,6880984.800
2174,7236474.042
2175,7621165.545
2176,
2177,5914651.000
2178,3807380.864
2179,3500778.000
2180,5309240.286
2181,2439780.000
2182,3258589.571
2183,3981062.286
2184,
2185,3048823.900
2186,3378239.917
2187,3274665.125
2189,
2190,1990180.000
2236,4563230.577
2237,5276201.545
2238,3318085.600
2239,
2240,
2241,
2246,
2247,3164230.362
2248,5295553.200
2249,7069048.810
2250,7160956.385
2251,7826511.500
2252,
2253,3612919.857
2254,3711477.250
2255,3245632.000
2256,4115884.750
2257,3518410.353
2258,4183304.966
2259,3640819.400
2260,3245774.000
2261,2642081.543
2262,2622132.375
2263,2259422.893
2264,2873176.083
2265,1621271.000
2266,
2267,
2313,4835365.800
2314,5720557.875
2315,3301902.625
2316,
2317,
2318,
2323,
2324,
2325,
2326,7663444.714
2327,7942744.083
2328,
2329,3190753.538
2330,3767217.111
2331,3529352.357
2332,3196240.200
2333,4333045.903
2334,4347795.143
2335,3035551.909
2336,2248001.838
2337,2647473.636
2338,2518920.760
2339,1836639.748
2340,1869769.021
2341,2723887.045
2342,
2343,
2344,3048413.667
2345,
2388,2580553.083
2389,
2390,5992503.733
2391,5738294.500
2392,5295310.500
2393,
2394,
2399,3021833.636
2400,3520012.667
2401,4582138.667
2402,
2403,
2404,3787675.750
2405,3273694.750
2406,3829781.000
2407,3988702.000
2408,3757179.889
2409,5079418.889
2410,4118309.429
2411,2779663.043
2412,2787014.375
2413,3717746.625
2414,2723926.596
2415,1975551.363
2416,1963733.538
2417,3036855.667
2418,7101611.500
2419,2647276.882
2420,2543941.000
2421,2886041.500
2422,3260163.833
2423,
2465,3257856.833
2466,
2467,4959093.050
2469,
2470,
2471,
2477,3594659.655
2478,3301866.000
2479,4073985.462
2480,3912543.125
2481,3713140.300
2482,3995687.250
2483,4484472.571
2484,4127999.333
2485,3912627.500
2486,4344605.667
2487,3173551.750
2488,2657376.722
2489,3563384.577
2490,3024083.000
2491,2002711.149
2492,2301293.821
2493,1725708.071
2494,2311237.231
2495,2808128.281
2496,2728949.320
2497,2786601.111
2498,3039857.891
2499,3346590.111
2500,
2501,2010175.667
2540,3046181.864
2541,3250344.778
2542,4776793.313
2543,5282997.552
2544,
2545,
2546,
2547,2740563.333
2548,3153959.950
2553,3779706.873
2554,3636594.600
2555,3966129.316
2556,3544120.167
2557,3471994.000
2558,3904904.933
2559,5014018.353
2560,1901021.000
2561,2338006.459
2562,2609598.974
2563,2260744.456
2564,2595140.929
2565,2222765.661
2566,2041908.122
2567,2181127.500
2568,
2569,2345522.941
2570,3146503.684
2571,2417891.314
2572,2408863.941
2573,2611059.667
2574,2443260.391
2575,2833748.200
2576,3023152.760
2577,2503798.200
2617,3509503.818
2618,3242136.541
2619,
2620,3528106.250
2621,5961353.400
2622,4543514.750
2623,3212997.133
2624,3150683.543
2625,3246455.270
2630,4196403.000
2631,5004060.143
2632,4497688.667
2633,4446993.235
2634,4233101.611
2635,4768525.778
2636,4642164.000
2637,4639243.583
2638,2626372.143
2639,3021118.190
2640,2350265.971
2641,3100355.773
2642,2524176.522
2643,2958717.885
2644,3486497.308
2645,3279564.455
2646,3156603.710
2647,2788085.218
2648,2720065.039
2649,2316936.679
2650,2296973.721
2651,2310307.806
2652,2281521.714
2653,3117331.885
2654,2633317.185
2655,2621444.667
2656,
2657,2513719.250
2691,2145352.158
2692,2447240.250
2693,2727213.894
2694,2250815.944
2695,2562200.385
2696,3682650.172
2697,3594048.690
2698,2895426.500
2699,2766273.908
2700,3301147.796
2701,3615380.413
2706,3922609.909
2707,4747955.719
2708,4122231.467
2709,3332860.583
2710,2907656.000
2711,7897977.000
2712,3310891.294
2713,2828544.886
2714,2932290.889
2715,2245633.560
2716,2429920.524
2717,2666671.100
2718,2471703.263
2719,2879994.737
2720,2248719.364
2721,3150672.800
2722,2455869.553
2723,2242359.625
2724,2252426.134
2725,2250620.634
2726,2427990.932
2727,2289704.439
2728,2693716.500
2729,2597520.415
2730,2382109.056
2731,2263813.472
2732,2235523.153
2760,2244315.021
2761,2200342.963
2762,2130685.329
2763,2190211.000
2764,2132274.401
2765,2400596.051
2766,2005792.854
2767,2046474.636
2768,2518435.161
2769,2553575.611
2770,2573116.127
2771,2554749.443
2772,4899063.737
2773,2707650.184
2774,2485146.837
2775,2524073.211
2776,2841189.172
2777,3350771.748
2778,3698019.834
2779,3488856.267
2784,4591176.069
2785,3969646.100
2786,3476453.900
2787,5396651.500
2788,2376438.960
2789,2613304.000
2790,3326132.714
2791,3673076.400
2792,3430754.375
2793,3120329.778
2794,3123576.400
2795,3203428.760
2796,3135755.741
2797,3159848.352
2798,3001788.073
2799,2428034.590
2800,
2801,2105485.583
2802,2334389.043
2803,2044590.247
2804,1929053.231
2805,2439536.754
2806,2564712.723
2834,2210571.651
2835,2180013.615
2836,2239769.179
2837,2065995.548
2838,2272369.653
2839,2329017.160
2840,2053874.116
2841,2106838.944
2842,2077555.600
2843,2317544.448
2844,2527271.653
2845,2521137.563
2846,2664727.338
2847,5003261.882
2848,4421440.889
2849,2594886.660
2850,2485057.267
2851,2554812.122
2852,3160756.969
2853,3267850.783
2854,4164071.522
2855,3388568.310
2859,
2860,
2861,3228744.667
2862,5075689.000
2863,4324021.133
2864,2390360.569
2865,3160576.000
2866,2070522.500
2867,3265559.500
2868,2865672.130
2869,4550581.333
2870,3417915.903
2871,2599747.605
2872,2969834.640
2873,3346965.205
2874,3003746.780
2875,2183115.025
2876,2689582.333
2877,
2878,1946760.773
2880,1655983.000
2881,2381118.111
2909,2062692.372
2910,2211298.180
2911,2269057.168
2912,2286188.738
2913,2372914.050
2914,2176439.769
2915,2339382.245
2916,2164377.729
2917,2168950.835
2918,2309832.673
2919,2565998.117
2920,2215530.071
2921,2069088.907
2922,2481893.528
2923,3395609.561
2924,5702835.800
2925,3228751.450
2926,2498201.489
2927,2511416.602
2928,2872784.500
2929,3116502.415
2930,3295031.829
2931,3229769.699
2932,3427540.208
2935,
2936,
2937,
2938,
2939,6051548.200
2940,2427833.556
2941,2645935.923
2942,3022287.952
2943,3117678.500
2944,2803947.174
2945,3017061.233
2946,3913367.923
2947,3944764.143
2948,2933678.288
2949,2811934.463
2950,3061489.150
2951,2195501.419
2952,2855222.756
2954,1945815.486
2955,2069950.080
2957,2490145.800
2958,2528102.538
2981,3710480.111
2985,2203246.200
2986,2268158.112
2987,2621738.583
2988,2312209.946
2989,2356981.773
2990,2279275.776
2991,2177293.740
2992,2399387.197
2993,2561660.409
2994,2259498.911
2995,1990206.211
2996,1886318.974
2997,2213128.135
2998,2931385.370
2999,3344959.176
3000,1826634.533
3001,2161920.793
3002,3023620.595
3003,2963017.038
3004,2784414.125
3005,3102823.800
3006,2884936.406
3007,4065207.655
3011,
3012,
3013,
3014,5703481.000
3015,3672206.625
3016,3054707.576
3017,2802057.179
3018,3664918.214
3019,3454161.917
3020,3467314.676
3021,2421088.800
3022,
3023,2614311.984
3024,2809468.096
3025,2713610.462
3026,2011463.701
3027,2403445.791
3028,2504483.509
3029,2409321.385
3030,3305315.857
3031,3556359.000
3033,2222455.000
3062,2117744.962
3063,2322859.800
3064,2579925.500
3065,2302064.138
3066,2383486.364
3067,2277374.837
3068,2424519.324
3069,2354339.818
3070,1944865.103
3071,4181378.500
3072,2285942.104
3073,2281210.914
3074,2370294.500
3075,2549624.505
3076,1856448.063
3078,2889180.708
3079,3117379.526
3080,2634570.000
3081,2697582.692
3082,2239746.417
3083,3400251.159
3088,4325520.000
3089,
3090,
3091,6420181.000
3092,3101741.900
3093,3300450.400
3094,4746916.000
3095,3309602.362
3096,2870017.403
3097,2632272.426
3098,2586290.481
3099,2739923.657
3100,3164184.153
3101,2561782.863
3102,2935681.727
3103,2021068.116
3104,2242830.179
3105,2060800.902
3106,2487746.800
3107,2802448.167
3108,
3134,3711337.625
3137,2183319.553
3138,2202524.673
3139,2279549.000
3140,2815226.644
3141,2793491.794
3142,2262851.222
3143,2298626.571
3144,2261163.760
3149,2302263.982
3150,2415068.772
3151,1868307.500
3152,2151570.795
3153,2191106.500
3154,2769036.980
3155,2851905.430
3156,2728324.967
3157,2282787.885
3158,3509120.214
3159,5258580.727
3164,6314739.000
3165,
3166,4984512.500
3167,6154414.833
3168,4422070.733
3169,4102338.750
3170,
3171,2587923.098
3172,2969783.013
3173,2908616.675
3174,2528432.225
3175,3210611.692
3176,4295724.375
3177,3058469.625
3178,1880889.538
3179,2139566.286
3180,2859081.389
3181,2463008.688
3182,2432952.333
3183,2738265.111
3212,3960481.308
3215,2031823.866
3216,2338647.614
3217,2431897.606
3218,2812581.366
3219,2054021.109
3220,2306819.118
3221,2562088.845
3223,1496717.300
3224,1627293.934
3226,2100949.768
3227,1864735.082
3228,1741728.769
3229,2438842.800
3230,2423118.276
3231,2659550.571
3232,2498997.781
3233,2994611.815
3234,4585283.182
3235,4125843.633
3236,3896366.571
3241,7188178.364
3242,5456895.412
3243,5810476.154
3244,
3245,3794627.250
3246,3242433.931
3247,3512619.333
3248,2992266.633
3249,2735359.275
3250,2500183.376
3251,2407653.796
3252,3999544.058
3253,2509641.056
3254,2220651.833
3255,1874817.959
3256,2440273.714
3257,1971053.722
3258,2149773.292
3259,3752643.558
3286,3962027.333
3293,4184174.579
3294,4808384.000
3295,2027645.098
3296,2622082.714
3298,1855531.603
3299,2264546.652
3300,1847122.825
3301,1996204.299
3302,2271820.403
3303,2645206.583
3304,2402198.216
3307,3236455.667
3308,4922027.000
3309,3585660.857
3310,3478126.103
3311,3690021.348
3317,5411132.000
3318,6135131.773
3319,5192970.250
3320,2355190.500
3321,3433898.353
3322,3194301.721
3323,2772795.600
3324,2425422.220
3325,2381697.300
3326,2106237.000
3327,2070685.696
3328,2588500.167
3329,2147104.818
3330,2116402.314
3331,1977015.660
3332,2427583.000
3333,1904715.643
3334,2628746.923
3361,
3375,2364267.500
3377,1971131.945
3379,3432400.125
3384,2113431.378
3385,3051097.462
3387,3322014.718
3388,3885727.213
3395,5170004.800
3396,
3397,3953145.824
3398,3321609.279
3399,3315479.222
3400,2950852.580
3401,2721159.308
3403,2328807.814
3404,2164816.531
3405,2839437.000
3406,2329782.629
3407,2213689.380
3408,2231587.829
3409,2973955.792
3410,1944975.923
3411,
3450,2800764.750
3451,2577907.619
3452,2033416.416
3456,
3460,5121128.643
3461,3021620.455
3462,4254995.167
3463,4389294.467
3464,5328525.000
3465,3873856.000
3471,
3472,3408884.667
3473,3350126.327
3474,3300550.575
3475,3852484.377
3476,2940472.102
3477,2962147.810
3478,2868734.607
3479,2801556.476
3480,2937930.972
3481,2783839.100
3482,3119857.571
3484,1813332.000
3485,3634788.286
3524,1925295.463
3525,1888022.128
3526,2332757.038
3527,2259407.919
3528,2543979.172
3529,3070993.273
3532,
3533,2262470.455
3536,4286106.588
3537,3108651.658
3538,3635073.833
3539,3526588.484
3540,5097009.000
3541,4100909.273
3542,3564600.757
3548,4198222.000
3549,3048930.000
3550,3544149.645
3551,3267762.833
3552,2842410.618
3553,2717348.484
3554,2568887.000
3555,2861107.627
3556,3016328.660
3557,3014497.763
3558,2816729.224
3559,2391244.385
3560,
3561,
3601,1769993.351
3602,2021898.579
3604,3033052.553
3610,2764913.483
3611,4491247.833
3612,2850472.956
3613,3000371.519
3614,5736426.949
3615,5012518.333
3616,4407304.421
3617,4270981.919
3618,4294267.559
3619,5268407.333
3624,5440482.222
3625,4067346.909
3626,2945557.036
3627,2860655.695
3628,3207289.500
3629,3540440.000
3630,3264520.095
3631,3023093.685
3632,2518898.241
3633,4824493.889
3634,3146399.857
3635,3459523.167
3636,
3673,3697293.500
3683,4121987.000
3684,4423569.000
3686,2756998.446
3687,3039722.788
3688,2976820.500
3689,5873064.000
3690,3860303.111
3691,3950329.914
3692,4997879.897
3693,4708118.348
3694,3698241.078
3695,4383140.643
3696,5582044.706
3697,4959973.839
3701,3723273.724
3702,3126528.605
3704,4898091.722
3705,4450639.778
3706,2782658.732
3707,3076331.690
3708,2633805.938
3709,3099121.464
3710,2932194.810
3711,2666706.106
3712,
3713,
3750,2524526.736
3751,2226597.485
3752,1810252.667
3759,4841025.071
3760,3202913.238
3761,3121083.255
3762,2914005.867
3763,3085285.022
3764,2413684.747
3765,2373720.541
3766,3912892.707
3767,3863910.227
3768,3325012.838
3769,3703418.962
3770,4464465.133
3771,2873030.000
3772,
3773,5641738.500
3777,4273273.313
3778,3886406.300
3779,4284878.462
3780,4220056.036
3781,3527305.167
3782,3009321.500
3783,3441349.838
3784,3523797.870
3785,2597485.757
3786,2724652.148
3787,2454944.297
3788,
3827,2310449.676
3828,2195176.138
3829,2499232.618
3834,2810357.605
3835,2190736.739
3836,2177173.493
3837,2779986.500
3838,4130924.040
3839,2997339.727
3840,2679202.491
3841,2319753.297
3842,3024263.590
3843,2674817.030
3844,3118387.885
3845,3480073.987
3846,3834625.765
3847,3848190.667
3848,
3849,7231109.600
3850,5525896.000
3854,3602189.750
3855,4959664.688
3856,4451390.245
3857,
3858,
3859,3444003.871
3860,3406562.045
3861,4598993.000
3862,2358564.489
3863,2450528.071
3864,2435839.025
3865,2885491.943
3902,2820915.462
3907,3549719.750
3908,3414857.700
3909,2632715.396
3910,2822798.385
3911,2890101.308
3912,2677959.778
3913,
3914,3702049.000
3915,4889264.750
3916,3540313.625
3917,5693856.920
3918,3427276.746
3919,3382569.600
3920,3334698.733
3921,4423928.000
3922,6042999.583
3923,6888545.667
3924,9221389.000
3925,6463547.250
3926,5658909.364
3930,4167952.333
3931,3467661.478
3932,
3933,
3934,2603764.871
3935,3443868.609
3936,3011870.458
3937,2738409.426
3938,2474520.031
3939,2401285.337
3940,2310967.813
3977,3301311.000
3978,2791539.789
3984,2985491.000
3985,2335491.973
3986,3005723.360
3987,3575082.471
3988,5294756.000
3989,
3990,4468564.000
3991,6042734.667
3992,4937070.500
3993,
3994,5521939.667
3995,4834017.526
3996,3763703.429
3997,5084159.500
3998,5311525.750
3999,7374706.833
4000,6461424.333
4001,7818043.750
4002,7310158.050
4003,8657930.630
4007,3586307.842
4008,
4009,
4010,
4011,3192640.556
4012,3100672.821
4013,3135013.716
4014,3131057.021
4015,2934405.015
4016,2892715.101
4052,2273033.400
4053,2640721.571
4060,
4061,
4062,3754003.333
4063,
4064,3203528.000
4065,
4066,
4067,
4068,
4069,4629788.304
4070,3902875.065
4071,4547378.150
4072,5458175.667
4073,
4074,
4075,7020648.000
4076,
4077,
4078,6899058.867
4079,8413827.875
4083,
4084,
4085,
4086,3458269.811
4087,3635669.524
4088,3321730.333
4089,3429798.177
4090,3153034.352
4091,3220961.282
4092,3553993.571
4129,2728041.000
4136,2851684.000
4137,
4138,
4139,
4140,
4141,
4142,
4143,
4144,3964515.750
4145,3191673.563
4146,3636472.463
4147,3709143.140
4148,3769978.000
4149,
4150,
4151,
4152,
4153,
4154,
4155,6354688.704
4160,
4161,3034185.839
4162,3174095.407
4163,3283126.615
4164,3455796.837
4165,3256333.956
4166,3320066.116
4167,3908802.632
4168,3465080.795
4211,
4212,2910038.750
4213,2945717.571
4214,2859958.500
4215,
4216,4618908.000
4217,
4218,
4219,4383268.333
4220,3159087.385
4221,
4222,3381633.492
4223,3339961.894
4224,3978609.933
4225,
4226,
4227,
4228,
4229,
4230,
4231,5087393.333
4235,13613757.474
4236,3252653.700
4237,3861896.933
4238,4313857.564
4239,5860583.818
4240,5296676.080
4241,4570923.644
4242,4443081.840
4243,5475080.917
4244,2581291.000
4288,
4289,3149667.074
4290,2560212.686
4291,2602862.000
4292,4664114.667
4293,4437496.000
4294,
4295,
4296,2698506.667
4300,3553481.380
4301,4199238.610
4302,3865315.867
4303,
4304,
4305,
4306,
4307,6843555.444
4311,14241933.688
4312,13296687.074
4313,6394282.000
4314,4192781.292
4315,4538016.214
4316,4383832.868
4317,5187926.830
4318,4735778.643
4319,4127515.732
4361,3170932.429
4362,2162183.333
4364,
4365,2493752.063
4366,2779462.000
4367,3654669.667
4368,
4369,
4370,
4371,2922152.000
4372,
4374,
4375,3038938.313
4376,4545540.870
4377,4057095.171
4378,4133289.000
4379,5664907.267
4380,2642320.500
4381,5053256.500
4382,4012663.714
4386,14873010.500
4387,14175662.105
4388,11916268.615
4389,4865250.338
4390,4692107.148
4391,4805917.949
4392,4828868.982
4393,4599333.165
4394,4836976.397
4395,4860905.353
4437,4494820.500
4438,2631561.800
4439,1702179.790
4441,2318840.200
4442,
4443,
4444,
4445,2743011.000
4446,2626882.000
4447,2543996.000
4448,3308828.833
4449,2897220.813
4452,
4453,3937426.281
4454,4572936.840
4455,5772993.750
4456,5190613.941
4457,4424017.650
4458,7120644.420
4462,9665500.500
4463,10123780.000
4464,13507511.000
4465,3874435.151
4466,4985162.989
4467,4828984.778
4468,4835445.440
4469,4324471.308
4470,5004533.419
4471,4322331.025
4472,
4510,1897307.500
4511,1814339.778
4512,
4513,3603611.500
4514,2190931.462
4515,2530241.753
4516,3161721.034
4517,2557326.375
4518,2127463.667
4519,3283275.625
4520,4877120.000
4521,1861435.000
4522,6543595.000
4523,3173081.625
4524,2608677.500
4525,3543167.000
4526,
4528,
4529,
4530,4838662.143
4531,6641621.481
4532,6089092.722
4533,6176491.188
4537,9671688.000
4538,9364567.524
4539,11810585.455
4540,4168977.750
4541,3901269.636
4542,4329366.000
4543,5013334.083
4544,5808224.972
4545,4596610.500
4546,4760696.211
4547,4647214.750
4584,2125371.222
4585,2309008.250
4586,1916086.119
4587,1793786.500
4588,
4589,1754586.750
4590,2547452.214
4591,2071902.723
4592,2528833.000
4593,2641677.875
4594,2225495.421
4595,2388443.688
4596,
4597,
4598,2696771.500
4599,2991873.700
4600,2591628.444
4601,
4602,1822580.917
4603,
4604,3418808.588
4605,3561040.444
4606,4098568.447
4607,4908815.380
4608,7195584.085
4609,5911117.100
4613,9619585.400
4614,8815267.077
4615,10505146.667
4616,10223215.250
4617,4066802.000
4618,3900524.027
4619,
4620,5238501.469
4621,4445082.556
4622,5039821.412
4623,5779888.714
4652,1788995.080
4653,3094777.400
4659,2379185.135
4660,3153870.864
4661,2028086.923
4662,2552864.426
4663,1490713.000
4664,1630997.800
4665,1720160.840
4666,2245233.460
4667,2309169.964
4668,1999425.609
4669,2075144.880
4670,2784894.000
4671,2674613.538
4672,
4673,
4674,
4675,3512795.241
4676,1837680.167
4677,2113695.231
4678,2262829.739
4679,4697913.467
4680,3532251.250
4681,2739915.625
4682,6924982.120
4683,6987185.214
4688,7029616.727
4689,8373907.455
4690,8902585.000
4691,7779080.800
4692,7961390.667
4693,
4694,6224091.000
4695,3780780.750
4696,3668230.544
4697,3895264.885
4698,5001035.533
4723,1688509.226
4725,2041676.593
4728,2254562.979
4729,1769162.519
4730,2082105.292
4731,2654964.526
4735,2961210.818
4736,3523673.852
4737,2236908.333
4738,2311988.916
4739,2555480.600
4740,2716224.421
4741,2360291.226
4742,2965649.045
4743,2223312.886
4744,3110860.190
4745,2103837.500
4746,2662691.571
4747,2243947.925
4748,2392722.750
4749,2203502.000
4750,
4751,3030069.524
4752,2978331.111
4753,3057299.732
4754,3161031.825
4755,4811297.500
4757,3107631.741
4758,13216600.774
4759,5269820.216
4764,8812048.500
4765,7695966.550
4766,9344581.529
4767,11369083.556
4768,4944172.063
4769,4854647.750
4770,
4771,4263448.556
4772,4559722.750
4773,3823766.034
4774,3594880.229
4800,1838880.859
4801,2257315.212
4802,1913632.913
4803,2330828.647
4804,2294704.941
4805,2266968.763
4806,2251356.508
4807,2371400.950
4808,1982165.953
4809,2096465.862
4810,2199826.857
4811,3194819.600
4812,3018056.375
4813,2303128.923
4814,2385747.405
4815,2640205.769
4816,2979172.143
4817,2752680.952
4818,2923389.150
4819,2295331.625
4820,2144864.600
4821,3894954.182
4822,3285474.429
4823,2680975.276
4824,4049536.400
4825,3811292.000
4826,2891740.769
4827,3359191.571
4828,3147519.318
4829,3128689.539
4830,3912986.300
4831,4572942.250
4832,4679450.563
4833,6217222.065
4838,6429843.235
4839,7857913.235
4840,5034832.389
4841,7754847.611
4842,10458121.381
4843,9997084.429
4844,8078953.864
4845,5884731.250
4846,4076998.700
4847,3888493.087
4848,4754294.000
4849,4693443.267
4880,2234641.176
4881,2217821.067
4882,2226402.148
4883,2143984.296
4884,2049438.025
4885,2582719.246
4886,2576877.096
4887,2159932.345
4888,3489790.565
4889,3610557.029
4890,4317438.607
4891,3841979.688
4892,3104115.889
4893,3657759.308
4894,2494790.103
4895,3315383.800
4896,2486775.341
4897,2847110.129
4898,2657533.842
4899,2304198.409
4900,3638113.286
4901,3878873.625
4902,3150201.000
4903,3046913.862
4904,4224158.222
4905,3694898.400
4906,2879567.365
4907,2980641.069
4908,4327712.304
4909,5534065.000
4914,9959002.300
4915,5876174.176
4916,3600631.889
4917,4144638.625
4918,4308787.520
4919,5244442.731
4920,7144000.667
4921,7524012.048
4922,4250701.457
4923,4446236.091
4924,4281482.231
4925,4830994.115
4926,
4953,1868112.633
4954,1665919.604
4955,2278371.707
4956,1996683.278
4957,2063270.387
4958,2280922.231
4959,2340412.453
4960,2530403.368
4961,2570895.809
4962,2481088.438
4963,3105051.108
4964,3435243.561
4965,4102016.839
4966,4370928.154
4967,4562892.250
4968,2654759.789
4969,2298338.611
4970,2203244.419
4971,2621112.571
4972,2576073.906
4973,2389806.765
4974,2382151.038
4975,3296521.122
4976,3638248.647
4977,3867223.882
4978,3824100.455
4979,3227471.929
4980,2281166.688
4981,2837519.850
4982,2977415.448
4983,4196774.800
4988,10357056.500
4989,6524815.083
4990,4023305.302
4991,4279239.765
4992,4563628.136
4993,4642065.556
4994,4533732.453
4995,5504443.333
4996,7821280.533
4997,6474136.286
4998,4936739.000
4999,4128426.489
5000,4463407.565
5001,
5002,
5003,5416997.600
5006,7547313.000
5028,2263601.281
5029,2593360.643
5030,1832119.103
5031,1784150.224
5032,2093010.630
5033,2099369.395
5034,2297300.407
5035,2476746.879
5036,2332001.138
5037,2480685.829
5038,2691012.193
5039,2630318.537
5040,2401133.543
5041,3243499.229
5042,3079852.490
5043,2706538.392
5044,3133580.065
5045,2288658.050
5046,3018658.500
5050,1965826.370
5051,2825681.700
5052,2476236.714
5053,5794620.000
5054,2400225.000
5055,3659478.647
5056,4437979.000
5057,3125973.383
5058,4719998.607
5059,3233229.220
5064,10593104.000
5065,10627268.000
5066,4341604.182
5067,4214699.788
5068,4395505.955
5069,4248916.525
5070,4493857.953
5071,4109374.458
5072,4379604.333
5073,3964134.250
5074,5874901.000
5075,6834871.824
5076,4791410.370
5077,3042940.333
5078,
5079,
5080,7215448.923
5081,3845562.557
5082,7252782.000
5083,7401883.000
5101,1773163.055
5102,1768414.364
5103,2459886.792
5104,2583561.833
5105,2680013.143
5106,2087678.075
5107,2101891.076
5108,2133566.565
5109,2281179.489
5110,2226529.667
5111,1603996.203
5112,1576548.000
5113,1994145.500
5114,2378869.851
5115,2746386.346
5116,2970827.429
5117,3223581.300
5118,3493025.565
5119,3439132.000
5120,3366807.195
5121,2635740.500
5122,3596077.000
5125,2560919.250
5126,2459275.130
5127,2774922.700
5128,3162580.167
5129,3847798.000
5130,2888777.500
5131,2996695.132
5132,3984535.273
5133,1882842.982
5134,3032815.667
5135,
5139,11916998.684
5140,10030305.636
5141,5805679.348
5142,4757379.306
5143,4153080.638
5144,4364812.800
5145,4078698.446
5146,4310353.886
5147,3940537.385
5148,4452104.571
5149,4797304.412
5150,5341178.000
5151,4428289.875
5152,4155961.280
5153,
5154,6149943.333
5155,6269953.714
5156,
5157,
5178,1910597.887
5179,1882009.115
5180,2517890.031
5181,2734074.238
5182,1865245.024
5183,1992898.863
5184,2733332.333
5185,2728552.574
5186,2202287.500
5187,2350012.263
5188,1968699.000
5189,1501580.096
5190,1585895.891
5191,2067876.229
5192,2211768.624
5193,2950195.000
5194,1902850.167
5195,2684709.588
5196,3100268.952
5197,2872003.327
5198,2749925.771
5201,2348766.583
5202,2617424.803
5203,2965313.355
5204,3232285.391
5205,3363574.300
5206,3951954.000
5207,4304333.500
5208,2773327.909
5209,4687218.121
5210,3969392.684
5211,3410417.438
5212,
5216,9668575.143
5217,5008074.545
5218,5051259.067
5219,4787154.467
5220,3602953.727
5221,4332982.698
5222,4330774.543
5223,4040248.394
5224,4172912.511
5225,4386594.904
5226,4399301.434
5227,4156158.833
5228,4519914.340
5229,4273533.500
5230,6239012.833
5231,4099361.700
5232,3779878.500
5233,
5253,1833453.061
5254,1845598.892
5255,2034996.946
5256,1968226.164
5257,1968850.102
5258,2148730.617
5259,2102045.740
5260,2189089.368
5261,2281599.683
5262,2246221.551
5263,2905096.500
5264,1671310.145
5265,1839330.887
5266,3066765.000
5267,2173283.000
5268,2331691.000
5269,3647906.068
5270,3511196.469
5271,2926961.706
5272,3601587.524
5273,2465195.145
5274,2411242.158
5275,2145125.423
5276,1855643.692
5277,2214597.069
5278,3413901.000
5279,4153684.833
5280,3582163.375
5281,3185146.625
5282,3901694.824
5283,3366508.850
5284,2974402.655
5285,4549537.583
5286,
5287,
5288,
5292,9931053.417
5293,5348991.000
5294,4390639.421
5295,4868068.510
5296,5649386.636
5297,4692653.000
5298,4090689.333
5299,4178912.154
5300,4550343.750
5301,4482801.263
5302,4054749.723
5303,5696823.375
5304,4177082.829
5305,3715316.482
5306,4141280.657
5307,4323775.105
5308,4280754.933
5309,
5310,
5311,
5329,1897574.431
5330,2159552.014
5331,2158656.513
5332,2092573.123
5333,2388425.977
5334,2169065.827
5335,2850143.429
5336,2121578.429
5337,2204437.750
5338,2142553.000
5339,2405110.403
5340,2606270.200
5341,2136231.657
5342,
5343,
5344,2458521.667
5345,2220816.865
5346,4290292.000
5347,2582490.593
5348,2662120.632
5349,3726936.409
5350,2728112.778
5351,2349267.364
5352,2372185.889
5353,2870733.917
5354,3106725.667
5355,3024644.211
5356,2942057.316
5357,3529191.462
5358,3971610.444
5359,3174135.182
5361,2923668.222
5362,3648650.500
5363,4525655.059
5364,8791123.000
5365,
5369,8260112.556
5370,5042974.636
5371,5215761.741
5372,6303111.179
5373,4580080.839
5374,4037317.659
5375,4403430.844
5376,5735434.857
5377,4159109.440
5378,4156911.368
5379,7039755.133
5380,5594824.208
5381,4274129.667
5382,3767604.118
5383,4548223.875
5384,4327878.373
5385,4487974.371
5386,3716849.000
5401,1696550.722
5402,2198326.612
5403,1719254.022
5404,1854102.426
5405,2239604.684
5406,2709517.719
5407,2355476.045
5408,3720245.231
5409,2508420.255
5410,3646821.000
5411,3110667.923
5412,3235195.500
5413,
5414,1787996.000
5415,2489184.286
5416,2758116.000
5417,2927704.950
5418,3266117.250
5419,2395991.158
5420,2379641.863
5421,2081801.765
5422,2855141.000
5423,2544831.000
5424,
5425,
5426,
5427,2009952.882
5428,2116257.045
5429,2915755.000
5430,4075795.000
5431,2696506.238
5432,4577761.917
5433,3175093.765
5434,3145547.240
5438,5014598.000
5439,4698391.733
5440,5764240.095
5441,6219994.150
5444,7065554.143
5445,7229494.286
5446,5344237.690
5447,6848412.500
5448,4615058.067
5449,3918492.433
5450,4456599.423
5451,5628218.500
5452,8000106.640
5453,5755567.111
5454,6216268.429
5455,5777822.739
5456,5921005.381
5457,4541621.225
5458,4256233.083
5459,4358741.329
5460,4153759.968
5461,4340400.016
5477,2798689.143
5478,2754964.368
5479,2155624.000
5480,2560780.667
5481,2506978.286
5482,3725182.833
5483,3107755.167
5484,3164740.250
5485,3592812.313
5486,3613553.000
5487,3413048.050
5488,3271418.200
5489,3314046.000
5490,
5491,2535811.000
5492,3036986.400
5493,3938109.500
5494,3121171.476
5495,2994634.897
5496,2604369.571
5497,2203291.630
5498,2218101.393
5499,2322292.346
5500,
5503,2067067.306
5504,2248958.103
5505,2374222.846
5506,2709391.000
5507,3438067.706
5508,3037817.824
5509,3730633.125
5510,3271333.941
5511,2570289.222
5514,4163922.000
5515,4103050.048
5516,3949611.385
5517,4546490.684
5518,6240671.391
5521,6186980.932
5522,5895783.543
5523,7118964.478
5524,6259007.630
5525,4590422.654
5526,
5527,4704040.600
5528,5321662.346
5529,8967966.178
5530,8624351.000
5531,8554579.000
5532,8215931.647
5533,7685151.615
5534,4387431.357
5535,4126888.651
5536,4380452.259
5553,3034005.000
5554,3339843.643
5555,2267079.188
5556,2269290.644
5557,3320262.619
5558,3498248.167
5559,3624753.600
5560,
5561,
5562,3290117.857
5563,3061456.500
5564,3135244.091
5565,
5566,2518533.200
5567,2685212.364
5568,2874437.824
5569,2336613.136
5570,2032841.756
5571,2168458.857
5572,2382333.600
5573,2439241.049
5574,3207596.971
5575,1831810.429
5578,2136103.600
5579,2837365.206
5580,2600122.746
5581,2835759.029
5582,2783568.515
5583,3996542.000
5584,3429688.833
5585,2923150.800
5586,2505399.952
5587,2840843.889
5588,
5589,
5590,3551783.720
5591,4026919.750
5592,4052013.750
5593,5270148.250
5594,5279893.600
5597,7843650.727
5598,6055172.600
5599,5768433.806
5600,6738652.429
5601,4097643.958
5602,5033899.778
5603,4152000.098
5604,3962974.184
5605,8325285.000
5606,10480426.500
5607,8100403.625
5608,7394052.625
5609,10721696.808
5610,6267368.286
5611,4225023.897
5632,2143663.298
5633,2518599.455
5634,3509873.944
5635,3738353.407
5636,3553731.200
5637,
5638,3805338.100
5639,3560270.615
5640,3339613.200
5641,2488783.000
5642,
5643,1848053.250
5644,2748727.444
5645,2090887.500
5646,1924319.107
5647,2097326.852
5648,2319452.359
5649,2795697.250
5650,2374362.095
5651,2192664.824
5652,2622948.273
5653,2838541.075
5655,2579784.063
5656,2164558.109
5658,2934056.818
5659,2644175.222
5660,2740653.300
5661,2521945.571
5662,4084743.357
5663,3568937.000
5664,
5665,
5666,
5667,4640104.500
5668,4758472.400
5669,3562341.375
5670,5238535.154
5671,5055428.400
5674,8988090.182
5675,8580600.000
5676,4883254.000
5677,4783282.571
5678,6906672.000
5679,4504427.231
5680,4064110.396
5681,4649512.520
5682,9849568.375
5683,10102171.091
5684,
5685,12654303.040
5686,14645606.585
5687,7808735.481
5693,
5710,3980174.000
5711,3894542.091
5712,3649291.125
5713,4009331.000
5714,3841581.031
5715,3402718.682
5716,3441136.500
5717,3547741.786
5718,3421895.600
5719,2782434.000
5720,2690117.136
5721,1922133.091
5722,2466011.154
5723,2540868.892
5724,2141371.206
5725,2589970.460
5726,2070486.819
5727,2672681.524
5728,2728228.270
5729,2605850.432
5730,2852162.419
5731,2662867.857
5732,2153963.622
5734,3837059.364
5735,3473503.444
5736,2667101.650
5737,2787507.083
5738,2874503.343
5739,3705666.000
5740,
5741,
5742,3116168.000
5743,3864053.667
5744,
5745,4048217.200
5746,4214297.217
5750,8673510.286
5751,6732049.987
5752,6531937.000
5753,
5754,4267418.933
5755,5156444.633
5756,5742860.510
5757,6886481.556
5758,10083152.846
5759,8360384.818
5760,4542769.258
5761,9081957.128
5762,14764379.458
5787,3540172.560
5788,2950327.316
5789,3844696.188
5790,4843458.529
5791,3646761.300
5792,3518652.462
5793,3716533.688
5794,3730075.417
5795,3236362.542
5796,2837990.000
5797,3549574.556
5798,3760164.550
5799,2751675.500
5800,2549256.000
5801,2448348.875
5802,2554862.600
5803,3482471.130
5804,3209593.600
5805,2537683.686
5806,2505741.486
5807,2397180.561
5808,2785853.500
5809,2079032.368
5810,2253086.500
5811,3086341.229
5812,3085366.273
5813,2626049.256
5814,2663032.727
5815,3250060.045
5816,
5817,
5818,3866295.000
5819,3379356.455
5820,3467087.069
5821,3544483.297
5822,3798003.750
5823,3811684.421
5828,6697721.269
5829,
5830,
5831,5128376.000
5832,5605590.565
5833,10340130.471
5834,9997705.375
5835,10163000.333
5836,9835876.000
5837,
5838,14783241.250
5839,
5862,2160560.771
5863,1906935.743
5864,2131929.145
5865,2525592.885
5866,3594425.313
5867,2789835.900
5868,2788190.053
5869,3071101.833
5870,3737152.500
5871,3090759.625
5872,3258479.333
5873,2688763.933
5874,4028663.444
5875,3653470.577
5876,3709802.938
5877,3293760.429
5878,
5879,3430860.429
5880,3227062.560
5881,2505050.125
5882,2723602.455
5883,4059875.667
5884,2961515.429
5885,3195753.609
5886,2670872.720
5887,2686439.289
5888,3023259.939
5889,3115589.053
5890,3051417.245
5891,2912794.000
5892,1932032.000
5893,3230671.185
5894,3375739.447
5895,3803015.292
5896,3603673.238
5897,4116120.364
5898,3915687.037
5899,4719447.424
5903,
5904,
5905,
5906,
5907,13035382.000
5908,9033596.273
5909,10329421.889
5910,9220282.750
5911,9834495.500
5912,13844934.586
5913,13683803.500
5939,1971976.519
5940,2208875.613
5941,3201854.300
5942,3701683.846
5943,4626028.800
5944,4043818.556
5945,2604533.308
5946,4114088.000
5947,2401526.750
5948,3355615.333
5949,2507119.651
5950,2306019.409
5951,2336770.927
5952,2665060.419
5953,3096664.821
5954,3300812.545
5955,2216807.594
5956,2417537.857
5957,2600503.590
5958,2761986.525
5959,2594734.161
5960,2988901.750
5961,2944334.600
5962,2710320.340
5963,2995904.548
5964,3374530.250
5965,3250491.000
5966,3613608.750
5967,2949239.778
5968,3037078.727
5969,3052371.560
5970,3170718.588
5971,3454196.692
5974,5167920.333
5975,4461193.750
5976,3760261.643
5980,
5981,
5982,7836208.429
5983,7212017.438
5984,
5985,8779266.333
5986,7910033.000
5987,8046967.250
5988,12956460.630
5989,13501417.000
6014,2541782.333
6015,2741962.619
6016,2856432.577
6017,3238147.154
6018,4045357.444
6019,4010557.500
6021,3227191.182
6024,2510479.100
6025,2767288.023
6026,2513641.697
6027,3035479.333
6028,3037108.023
6029,3053290.105
6030,2823808.264
6031,2417096.325
6032,2695076.976
6033,2564065.636
6034,3320617.311
6035,2371125.368
6036,2522263.037
6037,2179374.738
6038,3087152.000
6039,4273491.250
6040,3467001.824
6041,3289152.714
6042,3205183.515
6043,2995617.915
6044,3080698.898
6045,2960336.740
6046,2989811.000
6047,2229262.000
6050,3635107.966
6051,3738454.621
6052,3870567.222
6055,
6056,8850522.444
6057,7043867.333
6058,8197984.267
6059,3624950.594
6060,
6061,8440255.692
6062,8280939.167
6063,7774296.000
6064,
6065,8855538.211
6089,1656267.000
6090,2716935.676
6093,2992353.000
6094,3286722.053
6095,3076754.474
6101,2433763.838
6102,2597837.667
6103,2533522.475
6104,2177651.507
6105,2701270.256
6106,2285654.650
6107,2552762.446
6108,2139821.492
6109,2265894.232
6110,2769907.273
6111,2620359.984
6112,2616534.760
6113,2610561.484
6114,2088596.429
6115,2825686.789
6116,2996032.921
6117,3262395.732
6118,3284464.359
6119,2820986.860
6120,2941180.422
6121,4021984.292
6122,3228765.590
6123,
6124,3070773.708
6126,3355355.803
6127,3595682.980
6128,3598647.757
6132,9092849.611
6133,9408036.462
6134,3931486.531
6135,3635966.629
6136,5790011.000
6137,
6138,4072246.957
6139,5272979.294
6140,
6141,7860373.704
6170,1832398.688
6171,2788323.275
6172,2469979.600
6175,
6176,3712061.000
6177,3297907.567
6178,3444598.000
6179,3583740.500
6180,3506897.833
6181,
6182,1763678.500
6183,2338875.917
6184,2345611.897
6185,2940881.857
6186,2613055.745
6187,2615402.708
6188,2949173.965
6189,2810203.633
6190,2661695.132
6191,2636970.788
6192,2713331.342
6193,2897756.522
6194,3068581.407
6195,3129697.067
6196,3038374.317
6197,4080456.269
6198,2313040.000
6199,2831382.583
6200,2948607.095
6201,3109577.629
6202,3643856.800
6203,3724870.632
6204,3518860.362
6207,
6208,9128142.154
6209,5315795.174
6210,4091657.647
6211,3695138.907
6212,3385243.111
6213,4024284.545
6214,4233780.139
6215,3865167.714
6216,7887971.833
6217,8788008.263
6254,3512959.609
6256,3222388.548
6257,3939615.000
6258,
6259,2062795.000
6260,2596686.625
6261,2942663.483
6262,2230727.075
6263,2361856.957
6264,2618356.667
6265,3039843.361
6266,2523708.333
6267,2576534.725
6272,2839940.615
6273,3118079.244
6274,3224331.300
6275,2971381.230
6276,3231229.537
6277,2916459.587
6278,3089501.129
6279,3341815.679
6280,3682184.684
6284,8614011.533
6285,9780550.593
6286,5776858.704
6287,3794740.788
6288,3478297.638
6289,4132258.000
6290,6853442.444
6291,5549241.600
6292,
6332,3462662.769
6333,3205934.111
6334,3186605.143
6335,3087749.433
6336,2457599.750
6337,3690428.500
6338,2507713.413
6339,2532182.000
6340,2711583.436
6341,2820312.238
6342,2052212.653
6348,2874057.351
6349,2885211.832
6350,2944994.243
6351,3097070.000
6352,3139134.357
6353,2959452.466
6354,3326156.464
6355,4319630.800
6359,11806139.000
6360,11190956.222
6361,8296697.857
6362,4244702.198
6363,3598363.636
6364,3545348.620
6365,
6366,6258317.833
6367,
6368,7485584.667
6409,3645042.071
6410,2782161.182
6411,2711220.375
6412,2488840.433
6413,2448615.560
6414,2471142.485
6415,2615110.889
6416,2311955.636
6426,2545908.870
6427,2431032.000
6428,7836426.000
6429,5102380.034
6430,5079464.286
6435,7229221.167
6436,11012713.182
6437,11975938.000
6438,7930068.067
6439,3651032.987
6440,3457769.494
6441,3444230.536
6442,
6443,
6444,8853339.333
6485,4004097.231
6486,2414826.875
6487,2606261.257
6488,2480476.905
6489,2165192.702
6490,2456330.167
6491,2289512.973
6502,2711049.250
6503,2724992.353
6504,5642010.048
6505,5759206.909
6510,6975451.222
6511,6636792.400
6512,4627721.000
6513,
6514,3562377.382
6515,3655667.619
6516,3660801.203
6517,
6518,
6519,7230636.429
6525,6896688.000
6564,2844075.154
6565,2093854.750
6566,1594741.833
6579,3489799.107
6580,4631947.074
6586,
6587,6861776.333
6588,6323229.500
6589,
6590,3737982.194
6591,3858853.256
6592,3682741.378
6593,3420459.333
6594,
6595,5722080.000
6636,
6638,
6640,2592296.714
6654,4235391.667
6655,3726574.176
6660,
6661,
6662,
6663,7692133.389
6664,3508749.414
6665,3830962.081
6666,3701051.707
6667,3944545.275
6668,4297135.077
6669,
6670,
6671,
6713,
6735,2670379.700
6736,3265965.469
6737,
6738,
6739,8189440.500
6740,3884880.100
6741,3458623.592
6742,3840356.092
6743,3625686.512
6744,3917400.984
6745,2884951.000
6746,
6747,5444884.200
6748,5515833.750
6749,
6809,3880623.538
6810,2956895.750
6811,3529585.209
6812,3137369.940
6813,4446626.250
6814,
6815,
6816,3557814.173
6817,3550217.634
6818,3707437.185
6819,4246187.675
6820,3681869.052
6821,4870588.125
6822,
6823,5649504.500
6824,6628363.000
6825,
6826,
6884,3847030.750
6885,3384792.684
6886,2807471.500
6887,3106351.692
6888,3735143.286
6889,2971176.455
6890,
6891,
6892,4474097.250
6893,3458923.268
6894,3583986.038
6895,4807307.161
6896,6188119.294
6897,3503360.302
6898,3726941.273
6899,3752332.914
6900,4562236.667
6902,
6903,
6904,
6958,3682031.188
6959,3637827.978
6960,3988213.303
6961,3518409.444
6962,3263225.682
6963,3393567.072
6964,3377278.581
6965,2941506.429
6966,
6967,
6968,3477873.167
6969,3808801.101
6970,4935503.450
6971,3535279.405
6972,3496321.214
6973,3695292.000
6974,3738754.266
6975,3521718.109
6976,3535061.400
6977,4100398.318
6978,
6979,
7034,3219447.576
7035,3264344.890
7036,3405349.053
7037,3341926.750
7038,3852908.364
7039,3487261.905
7040,3000663.762
7041,3047417.562
7042,3075043.250
7043,
7044,
7045,6426074.818
7046,3838452.826
7047,3334387.891
7048,3228082.000
7049,3595263.921
7050,4057397.786
7051,4123088.456
7052,3725750.663
7053,3869019.629
7054,4946929.023
7055,6523819.143
7056,
7109,3176832.664
7110,3080278.197
7111,3300475.706
7112,3463588.381
7113,3315238.875
7114,3643291.000
7115,3296517.860
7116,2924928.120
7117,2817091.609
7118,3263668.333
7119,7591961.000
7120,7143697.412
7121,5756380.795
7122,3206810.493
7123,2945172.404
7124,4099309.320
7125,4346977.643
7126,3503844.921
7127,4042658.592
7128,3911699.816
7129,5065949.750
7130,5791578.880
7186,2998687.826
7187,3346660.103
7188,3508338.125
7189,3543200.885
7190,3341666.767
7191,3575680.120
7192,2955506.830
7193,4725166.150
7194,7168166.429
7195,7276976.385
7196,7547072.533
7199,3364636.143
7200,3283670.292
7201,4294213.289
7202,3663642.495
7203,3866532.487
7204,3867635.146
7205,4958915.000
7206,5032512.000
7261,4791895.613
7262,3482179.807
7263,3203935.824
7264,3056668.602
7265,2539306.099
7266,3096082.808
7267,3066648.567
7268,3963139.656
7269,7355348.861
7270,6693417.593
7276,3245434.608
7277,3006189.404
7278,4372262.818
7279,
7281,
7337,4924298.692
7338,3118208.689
7339,2950493.147
7340,3056949.910
7341,2700214.274
7342,2791501.986
7343,2877657.429
7344,2866518.431
7345,4947753.323
7352,2993736.992
7353,3135000.966
7354,3385175.514
7355,4430847.333
7356,5144614.600
7412,3991272.625
7413,5260074.667
7414,4267620.833
7415,3323425.750
7416,2979404.270
7417,2889952.479
7418,3739082.830
7428,3206939.750
7429,3404841.000
7430,3908759.273
7431,3776230.348
7432,
7488,3698948.000
7489,4700576.000
7490,4322931.923
7491,4193857.778
7505,3511059.912
7506,3692074.304
7507,3984063.889
7563,3689727.528
7564,5970283.818
7565,4160444.333
7566,4227559.667
7581,3359812.422
7582,3476859.145
7638,
7639,3167091.000
7640,
7641,
7642,4037777.000
7643,3719676.000
7714,
7715,3296573.955
7716,
7717,
7718,
7791,3240421.667
7792,3564804.000
7793,
7794,6621657.500
7795,
7864,
7867,3884706.619
7868,3780999.111
7869,6771379.167
7870,4542612.654
7941,3831513.667
7943,4137294.182
7944,4433909.429
7945,4909102.500
7946,4740587.594
8020,3884111.833
8021,
