,fid,avg_Land_Value
0,797,2108758.1754478067
1,798,2368378.171637398
2,800,1360715.3927398985
3,801,820000.0000000001
4,871,2354814.537295347
5,872,2265881.476929883
6,873,2281875.884867765
7,874,2381674.7282304647
8,875,1943149.1441450906
9,876,1484677.7470014822
10,877,836232.7255810122
11,945,125823.78909065353
12,946,676815.0315396758
13,947,2144407.594465095
14,948,2094547.0081607418
15,949,1852538.7486325952
16,950,1900799.1296586331
17,951,1972810.1632559164
18,952,1539210.4145936328
19,953,1453964.7795745817
20,954,1156799.7493208605
21,955,1224859.7208771273
22,1021,292205.2101957007
23,1022,480357.0695913923
24,1023,1463236.4905269702
25,1024,2147244.2445219136
26,1025,2530401.822705553
27,1028,2001520.7984928626
28,1029,2142256.8338786596
29,1030,1880590.5859387289
30,1031,1166796.558428662
31,1045,670599.4797304054
32,1098,225015.822098115
33,1099,225000.00000000003
34,1100,846528.129032503
35,1101,2275243.2037024153
36,1105,1988153.724778305
37,1106,2204644.8181368243
38,1107,1249492.5720836332
39,1108,750113.0462633871
40,1121,1099218.6938906556
41,1122,1432315.755958888
42,1126,753118.8849888737
43,1174,225000.0
44,1175,233247.02803484738
45,1180,2431577.751021347
46,1181,1985193.2547031045
47,1182,830879.4713235577
48,1183,1086067.552225964
49,1184,1671558.6581284944
50,1185,1861309.7130134348
51,1186,1811660.5608462365
52,1197,2038419.8857276933
53,1198,1466549.5240881743
54,1251,225000.0
55,1252,338326.4847664224
56,1257,1698561.1772368443
57,1258,1746563.8035833677
58,1259,2158585.516936454
59,1260,2351684.922130837
60,1261,1861284.1992740335
61,1262,1569133.835117962
62,1263,1541811.169199966
63,1264,1369196.1258252088
64,1265,704766.0405770448
65,1266,1490837.3412330127
66,1268,793733.9751244636
67,1269,63210.52246141216
68,1273,621580.7760611096
69,1274,1911221.516983809
70,1275,2174619.5585058285
71,1327,1490321.0157165076
72,1332,2963524.5805462324
73,1333,2344684.800060666
74,1334,2969178.316638668
75,1335,2432915.712629837
76,1336,2232034.8244146006
77,1337,1770986.2068150018
78,1338,2067218.124146375
79,1339,1788928.9314181106
80,1340,1389380.9126163688
81,1341,1527964.20937394
82,1342,1405501.4704893532
83,1343,1878947.4872783693
84,1344,1824784.256020469
85,1349,1808227.2004472169
86,1350,2189266.7348727426
87,1351,1605171.0781838095
88,1404,1109076.6105880933
89,1405,2881257.3430989007
90,1407,3025639.0293939863
91,1408,4137128.131202808
92,1409,2354042.257140818
93,1410,1034470.0780613298
94,1411,2478868.328432093
95,1412,2521220.663354764
96,1413,2499531.7988080825
97,1414,1672175.8346680594
98,1415,1776175.0098830257
99,1416,2112895.322050914
100,1417,1847490.9978964808
101,1418,1802772.9942145487
102,1419,2432158.061985029
103,1420,2259069.420201819
104,1421,2111408.869113993
105,1425,1986029.5431579535
106,1426,2238408.177276983
107,1427,1764827.7967409657
108,1428,82110.91497669525
109,1429,1155385.6722231803
110,1480,2983597.96007057
111,1481,3299188.361476864
112,1482,3028576.661016525
113,1483,3237930.8477154314
114,1484,2001397.6686802404
115,1485,444305.8696645799
116,1486,802671.1909140511
117,1487,2054680.3083092084
118,1488,2095436.2978428858
119,1489,1142205.1091216647
120,1490,1644023.0584868372
121,1491,2123603.1773194666
122,1492,1908932.1612808092
123,1493,1723073.2633165172
124,1494,2317009.786340892
125,1495,2502150.2855208423
126,1496,697586.0543505639
127,1497,1464017.8764332728
128,1498,1202400.0457091331
129,1499,1749358.0911131797
130,1500,1793417.0659221536
131,1501,2475656.4052231708
132,1502,1023276.9214444552
133,1504,84670.77813508664
134,1557,2587810.3483744995
135,1558,2853797.5381885655
136,1559,2893894.4663747735
137,1560,3030968.363341068
138,1561,2676089.823666318
139,1562,2575661.201426064
140,1563,2104587.4827539176
141,1564,1508808.0252102779
142,1565,1294527.188372095
143,1566,1366733.4505590159
144,1567,2067791.1864756227
145,1568,2634719.9110495895
146,1569,1816017.8481377363
147,1570,2241058.740430323
148,1571,2721880.2170869443
149,1572,869759.1532115842
150,1573,852937.8036697409
151,1574,845771.0386731074
152,1575,1668542.7231533565
153,1576,2087539.659732595
154,1577,1508957.578978508
155,1578,1089074.0165089276
156,1633,1725074.229825045
157,1634,3105622.6393122333
158,1635,2268461.0370278996
159,1636,2631916.5938420515
160,1637,2811224.466592826
161,1638,1485015.0894076256
162,1639,457392.3106420978
163,1640,326997.50575650594
164,1641,556339.8756704689
165,1642,1304245.901089246
166,1643,1726321.1584951866
167,1644,1801858.365434082
168,1645,1925108.4281587016
169,1646,3656855.262480551
170,1647,2824202.426325076
171,1648,2031331.1846843634
172,1649,957324.2699979219
173,1650,1007046.3354010704
174,1651,1619126.9912110518
175,1652,2287133.394330011
176,1653,1764458.3833860278
177,1710,1762265.4254387934
178,1711,2804398.2930404874
179,1712,3587535.655976989
180,1713,2172922.0268136915
181,1714,588003.881638096
182,1715,576096.0623551653
183,1716,574613.9585305086
184,1717,269819.91715066484
185,1718,1331746.4298700166
186,1719,1734069.618833678
187,1720,1884468.7233337527
188,1721,1966129.9803930665
189,1722,2302132.030858048
190,1723,3313006.3487086594
191,1724,2739544.1812382587
192,1725,1754502.5585775995
193,1726,1192147.96459644
194,1727,2030060.7115986727
195,1728,2038536.150270393
196,1729,3011548.2941208584
197,1730,2427742.2038326836
198,1731,2380405.3882397627
199,1732,2009987.1098062934
200,1786,1732534.3664963301
201,1787,3121470.082056563
202,1788,3088990.591864602
203,1789,1874294.558108672
204,1790,1861298.6899470345
205,1791,2435318.97869374
206,1793,548047.2645243416
207,1794,1701502.412578529
208,1795,2062423.7333575487
209,1796,2316383.8637467786
210,1797,2143773.9008992678
211,1798,3019643.9082564292
212,1799,4313372.673426419
213,1800,4220548.144595195
214,1801,2905671.957229439
215,1802,2264181.036378375
216,1803,2216418.5049883844
217,1804,2409177.53859617
218,1805,2328712.1793748075
219,1806,2498818.2690055054
220,1863,1592468.183321877
221,1864,3010042.7693152423
222,1865,2923001.6187645346
223,1866,3687587.635596731
224,1867,2810671.1744032586
225,1868,1890156.7267304524
226,1869,1963391.6028593048
227,1870,2037345.0481028191
228,1871,2692178.053395047
229,1872,3080052.7938078158
230,1873,3857949.0731890043
231,1874,3495756.078836871
232,1875,4186085.544353955
233,1876,4376603.942745839
234,1877,2000339.3415890331
235,1878,2317020.6691718483
236,1879,2208332.8007617323
237,1880,2543616.2851967243
238,1881,2440197.7636840125
239,1882,1006103.1279163585
240,1935,272706.92419770657
241,1940,1883490.8440452768
242,1941,3160207.5094126784
243,1942,3575472.106537557
244,1943,2729470.090730796
245,1944,1436093.0324690545
246,1945,2031809.2295868613
247,1946,2362718.5891474234
248,1947,3278850.862195796
249,1948,4460506.866477201
250,1949,4460496.400889046
251,1950,3877371.2977269487
252,1951,2934756.816004207
253,1952,2338401.4856261723
254,1953,1673105.4128966727
255,1954,574689.9356662143
256,1955,1094263.595493054
257,1956,1296815.0197469548
258,1957,709771.8205128269
259,2012,276659.01945795445
260,2017,2273211.8505173353
261,2018,2868635.632900787
262,2019,3637586.422319414
263,2020,2071074.020827537
264,2021,1725637.730591166
265,2022,3460697.185249963
266,2023,4403359.852799065
267,2024,4808737.343982184
268,2025,5671817.019037704
269,2026,3815742.446139955
270,2027,2905501.1554214214
271,2028,3877673.6973444847
272,2029,1556788.110950215
273,2030,417317.80447106285
274,2031,575639.7286451409
275,2032,1483871.2689118115
276,2033,1658419.188405448
277,2087,280000.0
278,2088,279128.11203972687
279,2093,1291862.283512718
280,2094,3241442.6922104806
281,2095,2437171.826933576
282,2096,1296133.0907045573
283,2097,4082479.421168532
284,2098,3503774.594587526
285,2099,4739818.652416392
286,2100,5090815.040771538
287,2101,3438978.25742145
288,2102,2431155.227627125
289,2103,2500395.0062656705
290,2104,1500266.35919409
291,2105,1034410.4148800584
292,2106,2496651.78884888
293,2107,3507288.2969045467
294,2108,1950089.9438595749
295,2109,1867623.7039758281
296,2110,2029189.4489156846
297,2163,305377.4824276739
298,2164,279220.90116446133
299,2165,279800.4402383037
300,2170,506549.22132715065
301,2171,1389141.8265892577
302,2172,783745.0047006278
303,2173,4030330.729481202
304,2174,4541767.517391305
305,2175,3954821.799718734
306,2176,1031791.2975312555
307,2177,356403.29991349374
308,2178,616650.354778639
309,2179,326484.98160638765
310,2180,616848.2246098613
311,2181,1925833.4366067005
312,2182,2702240.17498975
313,2183,4202173.038299947
314,2184,1889624.0263491338
315,2185,1493251.505300377
316,2186,1309638.219812432
317,2187,1265319.4600003592
318,2189,2003236.3309556006
319,2190,2312869.41176384
320,2236,3883339.401688431
321,2237,3458078.114619073
322,2238,3514905.218914804
323,2239,287418.46890556015
324,2240,279544.4615098913
325,2241,279387.72950200055
326,2246,513270.5522852902
327,2247,486112.53908181895
328,2248,1686631.6317301665
329,2249,2857601.8725342993
330,2250,4219542.482905235
331,2251,2140932.721529115
332,2252,528301.346465366
333,2253,2751033.9835710437
334,2254,2726127.20587844
335,2255,2295359.5479129124
336,2256,1495269.7105351973
337,2257,2746465.755487866
338,2258,2988383.9028946515
339,2259,2249293.4989907
340,2260,2233498.829323959
341,2261,2124225.7640008787
342,2262,3125142.1414622962
343,2263,2105277.630080568
344,2264,2315013.4490661668
345,2265,2320174.8947360488
346,2266,2111481.6710970383
347,2267,1929322.8456417876
348,2313,2852489.170287118
349,2314,4216821.350448254
350,2315,4438508.752088256
351,2316,1890093.08576828
352,2317,280000.0
353,2318,279791.3740030027
354,2323,306809.73098479555
355,2324,748590.250615992
356,2325,504053.6802244784
357,2326,1714249.4513864792
358,2327,1737235.4207029534
359,2328,374710.7015216629
360,2329,2494312.6129301614
361,2330,3294953.8132544667
362,2331,2883239.306737809
363,2332,2437639.608397196
364,2333,1792170.941507847
365,2334,3851642.8040640997
366,2335,2519912.6018755278
367,2336,2333955.924056415
368,2337,2330814.680061644
369,2338,2902710.82900267
370,2339,2677689.6751475045
371,2340,2086306.494047973
372,2341,3274153.4871444562
373,2342,3038152.5091002607
374,2343,2418575.6396567468
375,2344,1797609.73684348
376,2345,1808515.901424043
377,2388,1706593.2816855682
378,2389,2955555.221505226
379,2390,5027832.905624168
380,2391,3376674.1577936322
381,2392,546081.5348631097
382,2393,322902.7242276445
383,2394,869286.3765322361
384,2399,270000.0
385,2400,1677383.458399976
386,2401,2513397.103334023
387,2402,1366159.1107282436
388,2403,1592472.0154137716
389,2404,2303238.8196393577
390,2405,2857447.642560409
391,2406,3543007.963573299
392,2407,3223482.177664853
393,2408,2436635.42233158
394,2409,1064592.313359414
395,2410,2051857.9125161823
396,2411,2248616.105046709
397,2412,2367178.47249509
398,2413,2858136.339440462
399,2414,2413512.9075771766
400,2415,2843726.8662502756
401,2416,2887173.703026599
402,2417,3100971.7625866267
403,2418,2172198.073258294
404,2419,1999847.418154452
405,2420,2063883.1084185971
406,2421,1779759.4087000908
407,2422,1845081.7678067363
408,2423,1138357.8402471966
409,2465,2682955.6093419986
410,2466,1978067.4282958342
411,2467,3024568.8358007967
412,2469,608864.1218748293
413,2470,981032.1987212935
414,2471,1078897.7866397635
415,2477,1615860.2635062872
416,2478,3208038.473493779
417,2479,2994347.808108054
418,2480,3083169.2769978717
419,2481,3363720.725804982
420,2482,3603938.638514425
421,2483,3558952.858504644
422,2484,3355455.580641791
423,2485,1844413.310340439
424,2486,1984260.5320191614
425,2487,2014526.9382056599
426,2488,2075185.9399160813
427,2489,1886965.1186819605
428,2490,2001679.8875069004
429,2491,1740359.134335188
430,2492,2792448.5903208456
431,2493,3047164.924651182
432,2494,2264108.596434676
433,2495,2039073.0653552136
434,2496,2447294.1199896582
435,2497,3116154.7815881036
436,2498,2394957.1568468236
437,2499,2227216.7064030217
438,2500,2459712.99661655
439,2501,1642157.2726946836
440,2540,1729241.3867199505
441,2541,1786484.4832468163
442,2542,2026123.1587924454
443,2543,2528136.6873987783
444,2544,1200357.4447439332
445,2545,1166920.1549161104
446,2546,1462796.844001864
447,2547,2010766.9642963898
448,2548,2115142.5904840594
449,2553,673575.3358379024
450,2554,3648224.8774114326
451,2555,2965936.6481672428
452,2556,2905546.87729786
453,2557,3103848.9204223757
454,2558,3500612.59500008
455,2559,3389502.6810990646
456,2560,2821407.8544615433
457,2561,2135393.1227371558
458,2562,2422864.673861533
459,2563,1837711.130914732
460,2564,1828039.6227955776
461,2565,2587905.4328751126
462,2566,1911768.4397915814
463,2567,1698462.2468177644
464,2568,3258003.8080726257
465,2569,2642064.4251267537
466,2570,2049115.7084106214
467,2571,2334851.329712711
468,2572,2150613.699131052
469,2573,2086105.9442334387
470,2574,1641780.0880668573
471,2575,1976850.0644124222
472,2576,2690717.0160998516
473,2577,3042614.849721148
474,2617,705730.0925667338
475,2618,2372605.2860053685
476,2619,1804113.6893088114
477,2620,2389373.2776285103
478,2621,3388666.781239689
479,2622,3066643.8279042095
480,2623,2244019.922168674
481,2624,2426463.8823501137
482,2625,2279560.861114146
483,2630,662257.9664403369
484,2631,3282685.663621625
485,2632,3239892.6726199426
486,2633,3134149.3761412287
487,2634,3563264.767948012
488,2635,6896995.571553392
489,2636,3240768.9824376004
490,2637,2775243.1759204096
491,2638,2260696.6593140275
492,2639,2528461.1756694443
493,2640,1698331.1806195406
494,2641,1811760.8032324456
495,2642,2032552.3070533706
496,2643,1940802.5603748907
497,2644,2637695.082659346
498,2645,2887973.9593262416
499,2646,2634692.388504963
500,2647,1769469.620603275
501,2648,1721393.1992550213
502,2649,1602020.7994599806
503,2650,1715130.0387997392
504,2651,1696762.2228270348
505,2652,1711123.1303625945
506,2653,2057008.8202564947
507,2654,2162569.1618483434
508,2655,1982850.8368021369
509,2656,2077879.6796700158
510,2657,1719933.8010403388
511,2691,1316620.826729198
512,2692,1979055.2884918917
513,2693,2221253.4177396004
514,2694,1762110.0791156339
515,2695,2228916.678264636
516,2696,2109473.991439466
517,2697,1752287.6109679292
518,2698,2062721.7607235217
519,2699,2715200.441561671
520,2700,2965747.3999734474
521,2701,2446907.1753809415
522,2706,566238.0923510006
523,2707,1972921.5848420744
524,2708,2800774.6849823906
525,2709,2752368.9617454167
526,2710,4685164.1923702825
527,2711,6775694.23535317
528,2712,2141844.95909671
529,2713,2138699.999149255
530,2714,2856550.9035129095
531,2715,2762001.7383009945
532,2716,2168282.56126757
533,2717,2390807.2751913057
534,2718,2721406.5973330834
535,2719,3042546.11090421
536,2720,1903477.2941591092
537,2721,2637593.3901557736
538,2722,1769996.709430804
539,2723,351840.4353329542
540,2724,585025.1076804977
541,2725,788161.4643966613
542,2726,1355678.2288393024
543,2727,1128000.8542605275
544,2728,1069170.1750895306
545,2729,2063752.6699781746
546,2730,1557101.2089506383
547,2731,568912.9994688003
548,2732,735145.3479698265
549,2760,1718870.9379471072
550,2761,1882206.0038726516
551,2762,1672212.1633133832
552,2763,1876356.557032143
553,2764,1840949.635144124
554,2765,2009904.1894870864
555,2766,1329629.3488182707
556,2767,1212122.2813565894
557,2768,2250956.623683282
558,2769,2157633.1564598004
559,2770,2251542.307280241
560,2771,2980669.969138504
561,2772,2484626.571852845
562,2773,1939613.787438757
563,2774,2106463.7351304814
564,2775,1194932.0082741303
565,2776,2560895.1977383266
566,2777,3533233.0546785826
567,2778,3218271.5441271854
568,2779,2858568.369011837
569,2784,2127008.699989957
570,2785,1000015.7334288412
571,2786,2509136.909079687
572,2787,3557012.8678355603
573,2788,1508154.3478770368
574,2789,2391067.6259288765
575,2790,2929515.9014602737
576,2791,3148903.133905792
577,2792,2697514.412051941
578,2793,2999783.6100618085
579,2794,2999744.2900014436
580,2795,1857625.2248082107
581,2796,1976091.2255633979
582,2797,2778687.258878848
583,2798,2802740.5333195985
584,2799,1613433.0769113605
585,2800,624614.0083416421
586,2801,182608.81393149315
587,2802,249718.23878136388
588,2803,755013.8487184206
589,2804,104983.93512407763
590,2805,1220554.434864936
591,2806,1848586.9848216854
592,2834,1711326.7780917275
593,2835,1812566.6459461853
594,2836,2163793.899889026
595,2837,2290522.6202816623
596,2838,1962827.4932253747
597,2839,1913892.2992220242
598,2840,2036832.13838322
599,2841,1748383.4311128973
600,2842,1866342.6056060456
601,2843,2144272.0365228853
602,2844,1976621.0880147936
603,2845,2022327.9262037838
604,2846,2463461.0054458086
605,2847,2676502.023290619
606,2848,3066512.26672284
607,2849,1708559.0135373252
608,2850,2501427.3636901937
609,2851,2329116.4979477953
610,2852,3045817.8844583184
611,2853,3456160.303757085
612,2854,5253991.801641892
613,2855,2340484.331391592
614,2859,7083490.57087781
615,2860,5457475.660420984
616,2861,2469278.689041366
617,2862,847172.9649446055
618,2863,1550507.117860817
619,2864,2546188.7804353577
620,2865,2618125.104735122
621,2866,2515579.5449992255
622,2867,2575613.202417022
623,2868,2159410.266831454
624,2869,2709855.1085007805
625,2870,909253.5138493575
626,2871,1703600.2954032123
627,2872,2515905.382501475
628,2873,2572807.5405020085
629,2874,2357411.601337895
630,2875,2000095.4355301142
631,2876,691760.3704831296
632,2877,178581.19400396908
633,2878,958677.1737691205
634,2880,82800.13856772149
635,2881,1644547.320205171
636,2909,1700370.801810458
637,2910,2428250.200701556
638,2911,3442459.3689164575
639,2912,2245174.5904381545
640,2913,2332293.798568428
641,2914,2149525.517655279
642,2915,1785515.5139067539
643,2916,2070900.257743586
644,2917,2541524.1492566564
645,2918,2401114.4824613486
646,2919,2163944.932257514
647,2920,2227270.863877256
648,2921,1685859.5980191405
649,2922,1935117.440071503
650,2923,2395191.7577849976
651,2924,2640256.905610042
652,2925,1548102.3199766004
653,2926,1983136.1329700635
654,2927,2345842.64477413
655,2928,3233433.491360279
656,2929,4732077.623350712
657,2930,4246500.97851587
658,2931,3128545.242494886
659,2932,1356199.0764744738
660,2935,2239793.7910768106
661,2936,5573398.617993021
662,2937,4229115.717346228
663,2938,4171156.0494418233
664,2939,1286916.2822524444
665,2940,1756006.948192199
666,2941,2045434.3583734098
667,2942,2488376.585971266
668,2943,2479731.388164485
669,2944,2693214.1010122476
670,2945,2434968.5197909893
671,2946,785583.2093070871
672,2947,1153647.4865143658
673,2948,2101088.6533865365
674,2949,2533971.1555095445
675,2950,1139792.3698132527
676,2951,2041263.102996355
677,2952,2376089.8422355927
678,2954,1411806.1889593645
679,2955,2494808.3034134065
680,2957,487487.63960540324
681,2958,1797054.803202285
682,2981,36460.94497249343
683,2985,1596503.4441563045
684,2986,1897273.7074373928
685,2987,4450009.681268464
686,2988,2041625.08122055
687,2989,1960902.943371638
688,2990,2298746.4874692285
689,2991,2204000.7903696885
690,2992,2717586.7082874533
691,2993,1595353.1951617312
692,2994,1878663.4025441755
693,2995,1670722.5217122645
694,2996,1937716.0876578253
695,2997,1804412.151039136
696,2998,2333388.191810955
697,2999,1914392.560369217
698,3000,1390903.2216837842
699,3001,1013951.523480058
700,3002,2082684.3519195742
701,3003,2506906.3906412604
702,3004,5875264.310614787
703,3005,5551880.505106991
704,3006,3698865.964857678
705,3007,2746190.8555286983
706,3011,2394614.906542422
707,3012,4162214.329178451
708,3013,4897130.0149140395
709,3014,6038267.849350432
710,3015,1053138.836817231
711,3016,1878113.797491741
712,3017,2520728.84997521
713,3018,2777592.7064584508
714,3019,2283524.9862058735
715,3020,2567705.2969330447
716,3021,1705430.6298844966
717,3022,3452008.603527903
718,3023,2046161.6761467261
719,3024,2034709.5157238021
720,3025,1829116.3188178164
721,3026,670561.5017683436
722,3027,1410286.5046707755
723,3028,1475405.7785491718
724,3029,906871.0412157885
725,3030,623032.7261788716
726,3031,467898.0126838802
727,3033,38045.241493220376
728,3062,1753434.964721654
729,3063,1805230.7110262937
730,3064,2797248.3297548383
731,3065,2779488.071773084
732,3066,2457509.8255214393
733,3067,1749781.0970777825
734,3068,2523640.1145743006
735,3069,1625481.1212605266
736,3070,538086.0334101139
737,3071,86975.41377793119
738,3072,401045.0002236776
739,3073,1616581.19542857
740,3074,1989559.768271622
741,3075,1818404.597188922
742,3076,1390992.2262406365
743,3078,1947596.9995930688
744,3079,2303138.380916518
745,3080,3484702.929532987
746,3081,3886795.0784585765
747,3082,2538590.1797893653
748,3083,2747000.6870463304
749,3088,2095987.5460584012
750,3089,6003618.036970841
751,3090,8331655.316080933
752,3091,6692843.8809669465
753,3092,873939.1117911182
754,3093,2319293.145541104
755,3094,1546830.0336403388
756,3095,1953775.6038867878
757,3096,2439677.321475863
758,3097,2382939.836347052
759,3098,2391494.543614584
760,3099,3047291.1212837733
761,3100,3591066.29333115
762,3101,3914381.4223639956
763,3102,2010948.2673717847
764,3103,611929.0079376715
765,3104,527412.2594417572
766,3105,688911.2456108107
767,3106,1347775.3387117505
768,3107,1559254.4204116303
769,3108,88008.07674252173
770,3134,17504.48696803559
771,3137,1061479.1348929002
772,3138,1416641.651577397
773,3139,649273.5115371351
774,3140,2292061.0156484507
775,3141,4114859.156246296
776,3142,2158422.8806411414
777,3143,1490344.543566425
778,3144,2335078.4968253947
779,3149,349973.1304456381
780,3150,1568950.4267367562
781,3151,924776.5642043768
782,3152,2095481.9655573976
783,3153,2376395.6970551717
784,3154,2058944.6644281896
785,3155,2081730.1990334298
786,3156,2902302.9559154874
787,3157,2538208.134312691
788,3158,2804576.4432350043
789,3159,2896875.8938068612
790,3164,3303847.3667593794
791,3165,5844330.513172092
792,3166,6380261.651314419
793,3167,3321951.1371204597
794,3168,2257242.7302822582
795,3169,3041813.4136291724
796,3170,1285865.4645069775
797,3171,1947062.6546687728
798,3172,2821655.449649063
799,3173,1745642.6228528852
800,3174,1616602.7131217686
801,3175,2300161.5629246663
802,3176,4941787.598937399
803,3177,2560224.5832177196
804,3178,1811622.5794105108
805,3179,1744668.103860019
806,3180,2384779.6858763946
807,3181,2605346.45665437
808,3182,1635377.6800728193
809,3183,418944.03703524434
810,3212,30912.205628959102
811,3215,1668343.1835205657
812,3216,1307432.796997999
813,3217,2281943.2591370917
814,3218,3067323.1645177086
815,3219,2073840.8139787768
816,3220,2224527.9372081677
817,3221,990561.7382435456
818,3223,1019461.6000148063
819,3224,1202106.0130095622
820,3226,2035182.8052499664
821,3227,1739506.2851105682
822,3228,2051160.8139085604
823,3229,2037094.9671128604
824,3230,1993378.1944657308
825,3231,2137455.8909200854
826,3232,4368315.029217329
827,3233,7878437.370756752
828,3234,2566918.781857654
829,3235,2739045.450373056
830,3236,2725260.0211946703
831,3241,1292971.3656315967
832,3242,4451419.724882667
833,3243,4514650.260623848
834,3244,1507367.0073385793
835,3245,3315712.3509393623
836,3246,2630130.8102804553
837,3247,2396759.7030953127
838,3248,2150129.2579369885
839,3249,1691864.177691601
840,3250,1356587.0091242986
841,3251,1200481.6961238973
842,3252,2303387.178512673
843,3253,1842761.4085025315
844,3254,1091346.7699283597
845,3255,2108618.103499833
846,3256,2826432.8114987663
847,3257,3180778.3133539925
848,3258,1565161.1294785077
849,3259,89014.91003807582
850,3286,21851.63864949454
851,3293,2024592.6776800342
852,3294,115768.10925709365
853,3295,568554.9319681774
854,3296,948060.6069393129
855,3298,125617.20355938148
856,3299,899723.5297967085
857,3300,1007449.4732570926
858,3301,1193942.8325421729
859,3302,995184.1460483811
860,3303,1867087.4357105116
861,3304,1838606.229696894
862,3307,2442264.590284915
863,3308,8548249.305036256
864,3309,3867713.858191739
865,3310,2616618.8893163935
866,3311,2529219.4162979685
867,3317,450458.1357142027
868,3318,4433225.334830643
869,3319,1677879.2601427766
870,3320,5222588.892429986
871,3321,3212973.5533215683
872,3322,3371550.646075366
873,3323,2431292.0721020806
874,3324,1641493.501389232
875,3325,1107582.0545091054
876,3326,163090.1727110688
877,3327,1349842.7007282388
878,3328,2730268.0127596892
879,3329,1842188.1183862125
880,3330,1681675.4574459451
881,3331,1876709.8827412752
882,3332,2766301.4539954048
883,3333,1815264.707567597
884,3334,338258.49057337723
885,3361,32525.399085006953
886,3375,3107725.395937806
887,3377,1141689.4170661047
888,3379,55321.62254926357
889,3384,6091066.771029527
890,3385,3196653.3785126433
891,3387,3256774.2217586436
892,3388,3207186.7423479357
893,3395,591386.0255182323
894,3396,2677682.1911008945
895,3397,5365955.501329614
896,3398,2885251.467705928
897,3399,3064894.636533077
898,3400,2654255.615257903
899,3401,1866664.0244275734
900,3403,1749513.9004719506
901,3404,2467716.2232828154
902,3405,3392639.648286305
903,3406,2323479.655170886
904,3407,1378650.7748062129
905,3408,817958.8129656245
906,3409,2331264.4762629867
907,3410,163825.0349971708
908,3411,39872.11800260045
909,3450,2213210.829903605
910,3451,2860625.7321565915
911,3452,2936403.5464302176
912,3456,352260.2864807617
913,3460,5852958.110459701
914,3461,3209168.690064942
915,3462,3346381.702137753
916,3463,3909692.240331691
917,3464,6665880.722106371
918,3465,6003042.9411184415
919,3471,402033.2941050342
920,3472,2980040.7713926174
921,3473,2762687.736357108
922,3474,2981682.686099433
923,3475,2501980.6028517643
924,3476,1575173.427192264
925,3477,1008961.7886996936
926,3478,1852895.1666180892
927,3479,2645900.2713917643
928,3480,2572145.8201068616
929,3481,3557940.612598382
930,3482,1862029.623946019
931,3484,531108.9486476728
932,3485,351614.808465191
933,3524,1325398.5757165684
934,3525,1393683.107587512
935,3526,1669285.2667218728
936,3527,1430827.4210447187
937,3528,2069252.2161878087
938,3529,2649252.456301403
939,3532,223397.55182431664
940,3533,414845.0615327214
941,3536,3130161.1355033717
942,3537,3163793.2882838547
943,3538,3250403.4892965457
944,3539,3444986.264107263
945,3540,6449682.075784075
946,3541,4779823.815418492
947,3542,3525586.0227660816
948,3548,1134965.9585238765
949,3549,2440897.7779511604
950,3550,2688073.541319723
951,3551,2275902.9229204087
952,3552,2245792.293708833
953,3553,2804328.202867159
954,3554,1650288.1189814825
955,3555,2630517.019446703
956,3556,2321604.482363686
957,3557,2940233.6913937833
958,3558,4898108.541144657
959,3559,1325346.187617108
960,3560,813250.8049621666
961,3561,415121.3691086798
962,3601,429754.784944604
963,3602,291404.1459077862
964,3604,62805.58686800348
965,3610,2327938.2537150118
966,3611,2535304.2171871956
967,3612,4246566.61662448
968,3613,5656768.387311585
969,3614,5276708.566067596
970,3615,5009304.250852218
971,3616,4082909.4420094867
972,3617,4393279.263968368
973,3618,2832885.748608456
974,3619,5425560.284050653
975,3624,970202.7070222698
976,3625,1511174.0689937805
977,3626,1867213.0959994497
978,3627,2247107.7615901716
979,3628,2781009.988144197
980,3629,2665349.5453907354
981,3630,1480670.266325998
982,3631,2375441.5045320108
983,3632,3018389.7920646737
984,3633,3557097.020001674
985,3634,2405987.6648336216
986,3635,712703.7781316777
987,3636,117739.64340334928
988,3673,989363.7949294682
989,3683,2111259.310036877
990,3684,1807242.851736413
991,3686,1882153.1663943958
992,3687,2395939.4210275915
993,3688,3673336.137294074
994,3689,4441413.943882058
995,3690,3619032.459280965
996,3691,2680509.2017975855
997,3692,1988528.3207945134
998,3693,3384232.6242590174
999,3694,3534478.1911203307
1000,3695,5832121.139615462
1001,3696,8138526.790805406
1002,3697,7990277.324888583
1003,3701,1114862.7201177406
1004,3702,2988701.7485882803
1005,3704,1478583.4560464732
1006,3705,1753961.3574950653
1007,3706,2836207.158764132
1008,3707,2111273.042405526
1009,3708,2672557.6748394533
1010,3709,2067069.2216332632
1011,3710,2879167.76222297
1012,3711,1637941.8218741845
1013,3712,318950.3553393692
1014,3713,541071.5035373934
1015,3750,1327365.8260537675
1016,3751,1377758.6570826394
1017,3752,1441715.668386001
1018,3759,1946068.2645368236
1019,3760,3575785.313156829
1020,3761,3034350.3512826245
1021,3762,3126799.971621615
1022,3763,4047862.5600056336
1023,3764,2126159.5445299665
1024,3765,2490331.5022182516
1025,3766,2594903.2737886147
1026,3767,1871361.9257388744
1027,3768,2704065.851965592
1028,3769,2938801.4955114545
1029,3770,4792106.038018959
1030,3771,8250065.415984889
1031,3772,9854325.920576457
1032,3773,8586597.81830134
1033,3777,3062945.7470856337
1034,3778,4444449.81717204
1035,3779,2628653.6967245243
1036,3780,606830.2302732175
1037,3781,414652.71536675835
1038,3782,1476009.659167633
1039,3783,2051894.9796726147
1040,3784,885470.2117189531
1041,3785,1349032.7524125536
1042,3786,3074930.847349241
1043,3787,1852115.5697034672
1044,3788,356553.46082687884
1045,3827,2129995.0166992694
1046,3828,160748.23827524603
1047,3829,624922.3711217894
1048,3834,2022535.4200033632
1049,3835,1030085.8564969776
1050,3836,2317888.5161920697
1051,3837,4132029.9119548304
1052,3838,6069910.247120782
1053,3839,5284192.972656253
1054,3840,3574874.5260139727
1055,3841,2617030.0533390325
1056,3842,2921663.877796577
1057,3843,2631604.3742376957
1058,3844,3093246.2424879405
1059,3845,3018829.7319631404
1060,3846,4374300.8942934545
1061,3847,5275342.590239804
1062,3848,10420586.237225886
1063,3849,11098809.11705324
1064,3850,7221643.240533928
1065,3854,3105276.418499131
1066,3855,2332815.111738133
1067,3856,532874.4182838997
1068,3857,375901.30505408236
1069,3858,230370.3412890666
1070,3859,871075.7597932422
1071,3860,1797629.3796432125
1072,3861,1068059.9063570288
1073,3862,479837.8803618798
1074,3863,2551383.1689047185
1075,3864,2091457.6950673156
1076,3865,909537.1074027232
1077,3902,2062759.515757109
1078,3907,1886521.2651604982
1079,3908,2582081.837673777
1080,3909,3202361.1443241937
1081,3910,3101855.151959959
1082,3911,5685952.980067965
1083,3912,2977730.170193768
1084,3913,6272092.0843646005
1085,3914,5017228.163111499
1086,3915,4888928.728397852
1087,3916,6066222.553328673
1088,3917,6129461.098787586
1089,3918,4039242.3389447187
1090,3919,3831506.311344025
1091,3920,4715353.957651204
1092,3921,4594585.212546574
1093,3922,4417998.629230792
1094,3923,7267158.623168597
1095,3924,5338086.933305783
1096,3925,6824448.510592784
1097,3926,7950229.742481339
1098,3930,2691764.942631966
1099,3931,419311.21671346115
1100,3932,555000.0
1101,3933,467653.9582247524
1102,3934,898413.9446341428
1103,3935,3072976.888453289
1104,3936,2592523.182958126
1105,3937,1861270.5797777611
1106,3938,1953973.6288629575
1107,3939,1673749.9303971846
1108,3940,925302.430797207
1109,3977,1779481.009577099
1110,3978,1674760.174295213
1111,3984,1105824.9008176338
1112,3985,1521855.9942304653
1113,3986,1904791.1463202971
1114,3987,4695393.978732385
1115,3988,13762503.85783152
1116,3989,12407651.436685616
1117,3990,3027501.3938263534
1118,3991,12842606.171413694
1119,3992,9061264.492660187
1120,3993,10841399.800766436
1121,3994,5824962.618158695
1122,3995,3435064.803895467
1123,3996,4343208.488337336
1124,3997,3809092.298050434
1125,3998,3587653.04367765
1126,3999,5655530.814361553
1127,4000,2156602.179746395
1128,4001,1800000.0
1129,4002,3647983.452918693
1130,4003,7518512.010166042
1131,4007,415921.7435252375
1132,4008,555000.0
1133,4009,477199.0091312564
1134,4010,574153.5980063583
1135,4011,3802094.9958588774
1136,4012,2166962.766889984
1137,4013,2916723.7604138
1138,4014,2030685.346475991
1139,4015,2768502.352749284
1140,4016,1532975.0757629029
1141,4052,1370188.2241948033
1142,4053,1908735.7427540643
1143,4060,995259.3441529259
1144,4061,896086.7502203302
1145,4062,988943.4506269009
1146,4063,10930299.775867674
1147,4064,20648688.732457697
1148,4065,20382979.58548434
1149,4066,13536518.007636417
1150,4067,14013325.618832393
1151,4068,4906393.339065518
1152,4069,2747084.721904262
1153,4070,3306696.869378114
1154,4071,2831000.38423718
1155,4072,1799866.3815952386
1156,4073,1800000.0
1157,4074,1800358.7706077343
1158,4075,1799999.9999999998
1159,4076,1800000.0
1160,4077,1794697.5109694025
1161,4078,3978040.7711177706
1162,4079,6445534.034612533
1163,4083,531760.1725873501
1164,4084,377666.1177340842
1165,4085,713037.7864699763
1166,4086,2015910.2540732417
1167,4087,3546547.349444885
1168,4088,2535426.756190108
1169,4089,2179432.6787875663
1170,4090,3266535.509093092
1171,4091,2230331.917693566
1172,4092,530120.8694329727
1173,4129,270452.54694194876
1174,4136,2399798.965666423
1175,4137,3387758.891595525
1176,4138,3353973.7436476173
1177,4139,5020343.556073293
1178,4140,9390561.831480961
1179,4141,22776541.48294851
1180,4142,24108688.487216335
1181,4143,22546828.306824356
1182,4144,8824309.34679483
1183,4145,1366096.6773371838
1184,4146,1647950.9811937024
1185,4147,2455607.9282779214
1186,4148,2413284.3228070834
1187,4149,1800000.0
1188,4150,1799999.9999999998
1189,4151,1800009.7153496156
1190,4152,1800000.0
1191,4153,1799245.0590886616
1192,4154,1790426.878140641
1193,4155,4477504.561460801
1194,4160,1791700.3970926374
1195,4161,2109720.2589243767
1196,4162,2878213.0674998634
1197,4163,4214368.390668114
1198,4164,5836216.43518318
1199,4165,4403224.198932669
1200,4166,4743332.756909718
1201,4167,5996106.921061652
1202,4168,2858165.887411723
1203,4211,196643.53019796027
1204,4212,2586208.553574145
1205,4213,3319925.7489492637
1206,4214,4703879.525833633
1207,4215,7497332.311697955
1208,4216,14538803.923887959
1209,4217,19236171.88014602
1210,4218,22898080.10297507
1211,4219,15888987.834567066
1212,4220,1784652.5068198994
1213,4221,405061.2728740987
1214,4222,342642.7102903453
1215,4223,1627870.614345027
1216,4224,2617501.817746739
1217,4225,2216357.1661105496
1218,4226,1963737.7217104556
1219,4227,1799999.9999999998
1220,4228,1799999.9999999998
1221,4229,1798707.459027761
1222,4230,1721579.8171143122
1223,4231,5052329.024732764
1224,4235,7223187.102954641
1225,4236,4870953.113273305
1226,4237,6530895.83975093
1227,4238,5032346.615575732
1228,4239,4296756.979419264
1229,4240,4751319.647694671
1230,4241,3165739.0155257513
1231,4242,4180734.8079517144
1232,4243,924224.8731154286
1233,4244,470407.8565314558
1234,4288,960964.4542817556
1235,4289,1334960.718055531
1236,4290,1875089.2689546132
1237,4291,3987668.0514282594
1238,4292,6268273.885121346
1239,4293,11576051.281253545
1240,4294,11988236.66566153
1241,4295,9547815.203610618
1242,4296,1768515.4965100277
1243,4300,1688310.3444918934
1244,4301,3724903.7221088535
1245,4302,2772782.1817226517
1246,4303,4506703.5331539
1247,4304,2448229.636616716
1248,4305,1900194.5260215334
1249,4306,2379816.4399374295
1250,4307,3990980.3314296505
1251,4311,7259181.161402548
1252,4312,6231751.063178101
1253,4313,5400139.943762264
1254,4314,5559216.627732616
1255,4315,5141010.781381673
1256,4316,4665903.814034397
1257,4317,4675027.680286385
1258,4318,2433475.322198838
1259,4319,3709670.5971477535
1260,4361,2153057.395129058
1261,4362,1515580.5653494843
1262,4364,1167553.8209787381
1263,4365,938535.3449756255
1264,4366,962641.2313139151
1265,4367,1088695.4822939397
1266,4368,6660177.036984082
1267,4369,10072988.809345132
1268,4370,8219212.428513077
1269,4371,5825233.323546583
1270,4372,1764238.05977239
1271,4374,282066.17283018254
1272,4375,274785.1011058784
1273,4376,1535244.9629359301
1274,4377,3203615.030695145
1275,4378,5736919.225442362
1276,4379,4747804.129291888
1277,4380,4897364.638384866
1278,4381,4178655.958617483
1279,4382,2859613.452394701
1280,4386,5399532.236756535
1281,4387,5796858.950292141
1282,4388,3358088.6694318764
1283,4389,4671798.305079112
1284,4390,4799608.708791511
1285,4391,5437154.132043019
1286,4392,5030688.86072696
1287,4393,4871631.90063436
1288,4394,1925103.4567900114
1289,4395,2157698.017427284
1290,4437,2031877.7866351358
1291,4438,2012807.3598506416
1292,4439,1636458.1913508326
1293,4441,2667547.8225103915
1294,4442,2080748.991708523
1295,4443,2247138.508270279
1296,4444,3977190.282748477
1297,4445,11215492.748281725
1298,4446,8137048.8896526005
1299,4447,7118375.614979256
1300,4448,2789880.773592056
1301,4449,874698.0072013335
1302,4452,234094.73512305008
1303,4453,2642108.219795804
1304,4454,5066733.24732878
1305,4455,5535272.879120634
1306,4456,4843783.356653887
1307,4457,4419242.638686344
1308,4458,4286352.547297535
1309,4462,4948703.641875609
1310,4463,6666148.829033913
1311,4464,5301703.746699532
1312,4465,4655390.137730118
1313,4466,3269905.6933702943
1314,4467,2228811.2859114665
1315,4468,4103096.364262235
1316,4469,4425036.842820978
1317,4470,3571873.391023546
1318,4471,1850712.064446888
1319,4472,1170389.5669015
1320,4510,1373330.241209493
1321,4511,549443.0594394197
1322,4512,522040.377890563
1323,4513,1792720.9489171053
1324,4514,2070672.603953178
1325,4515,2169579.2444110443
1326,4516,3310475.4347130135
1327,4517,7195515.463432741
1328,4518,3970392.216330085
1329,4519,4321895.00379541
1330,4520,9135486.466163306
1331,4521,6947172.911992331
1332,4522,6238648.79343741
1333,4523,3266145.094259499
1334,4524,1604453.6933850637
1335,4525,1581087.7970241501
1336,4526,1260552.1378250637
1337,4528,1954441.7662022102
1338,4529,3837927.292537801
1339,4530,3844780.8641747325
1340,4531,4185113.9814297985
1341,4532,4580795.080256507
1342,4533,4626171.793549486
1343,4537,4594638.515370933
1344,4538,7636593.052477995
1345,4539,7973769.4507637685
1346,4540,5807735.934380684
1347,4541,2941506.5161131234
1348,4542,2500005.1594281974
1349,4543,2535488.9935871107
1350,4544,1836718.6751056025
1351,4545,4988608.506658472
1352,4546,6046130.9602523595
1353,4547,1447043.8121856109
1354,4584,964268.5072397344
1355,4585,1178903.7445982706
1356,4586,1549908.8975795354
1357,4587,418199.4065525249
1358,4588,72215.06563205413
1359,4589,1052929.023134838
1360,4590,1261399.3414978257
1361,4591,2154910.4553340934
1362,4592,2327731.057314568
1363,4593,2224043.935182936
1364,4594,3736626.666081046
1365,4595,2949487.2751313704
1366,4596,4062440.9145698454
1367,4597,8772550.660464255
1368,4598,8425566.312457925
1369,4599,3592666.1117687193
1370,4600,2715512.28717906
1371,4601,1654464.8993057336
1372,4602,1667892.7504041968
1373,4603,1842403.1877878003
1374,4604,715450.9611790723
1375,4605,2895000.1404582243
1376,4606,3054777.414419172
1377,4607,4894889.119680459
1378,4608,4002160.968787087
1379,4609,3475664.7038639816
1380,4613,5619337.006608915
1381,4614,7673847.5896716295
1382,4615,10275751.52839198
1383,4616,5507263.687581366
1384,4617,2721599.638821335
1385,4618,8449761.650023662
1386,4619,7521960.746444058
1387,4620,4525864.648468807
1388,4621,4328261.077523943
1389,4622,5138468.324967481
1390,4623,1674151.8152810514
1391,4652,1206900.4802326455
1392,4653,659664.802333218
1393,4659,2069367.4173279775
1394,4660,2075276.040329927
1395,4661,1756888.52561632
1396,4662,2071946.329407688
1397,4663,1656730.0339886039
1398,4664,1561479.6596576043
1399,4665,1701084.046248768
1400,4666,2555475.6478632437
1401,4667,2880379.602142933
1402,4668,2107734.8310583946
1403,4669,1610379.236246457
1404,4670,1312943.4402956103
1405,4671,2086965.2987669106
1406,4672,5761470.253272034
1407,4673,13769092.945200007
1408,4674,3704631.933482505
1409,4675,2805160.0800388856
1410,4676,2724725.3626889796
1411,4677,3297441.1500638076
1412,4678,3615532.139043434
1413,4679,1913839.4172990762
1414,4680,1472727.3863579677
1415,4681,3147789.4137644046
1416,4682,5274493.080279106
1417,4683,3923456.589189068
1418,4688,6350591.5713415025
1419,4689,7008195.524989675
1420,4690,7790682.256553925
1421,4691,6396091.770019626
1422,4692,5225220.06246437
1423,4693,7671339.289056823
1424,4694,9152794.265325794
1425,4695,7024240.4537231
1426,4696,6466072.465267072
1427,4697,4514398.631934495
1428,4698,2465693.4725129916
1429,4723,916248.8956496608
1430,4725,1481962.602418546
1431,4728,1424288.770213828
1432,4729,1419688.8184214358
1433,4730,1310937.841232962
1434,4731,1368061.6448541342
1435,4735,2500086.441512593
1436,4736,2302247.9171158844
1437,4737,1712721.9356572235
1438,4738,1625909.4209715757
1439,4739,2064769.2466659532
1440,4740,2122177.720074805
1441,4741,2147802.241013708
1442,4742,2549357.6258305297
1443,4743,3026341.0423824494
1444,4744,2411876.6795495073
1445,4745,2229199.924335198
1446,4746,2596688.0564375557
1447,4747,2008943.620691563
1448,4748,4563314.598951878
1449,4749,7192341.376767913
1450,4750,5082691.59613583
1451,4751,2556397.166064211
1452,4752,3255826.427389865
1453,4753,3563439.2786514256
1454,4754,2136701.347395171
1455,4755,2117029.7649057866
1456,4757,3254691.045460971
1457,4758,4540512.778173971
1458,4759,4994435.017901244
1459,4764,5727860.722035725
1460,4765,5925272.793134374
1461,4766,6927288.761019585
1462,4767,6288584.848698774
1463,4768,7653774.61964153
1464,4769,11123552.59628817
1465,4770,10932999.46139998
1466,4771,6935568.642179629
1467,4772,8697746.655653235
1468,4773,6953221.674596563
1469,4774,2925337.0838653645
1470,4800,785128.1941815836
1471,4801,1207209.4814396177
1472,4802,1205903.7833360357
1473,4803,1589724.7640102315
1474,4804,1835957.9677841498
1475,4805,1539353.1099668886
1476,4806,1558873.5592870964
1477,4807,1570329.2373890243
1478,4808,1464549.725594057
1479,4809,1635572.207833886
1480,4810,1366238.0172876813
1481,4811,2704345.926997005
1482,4812,2224909.6694069635
1483,4813,2741858.953516351
1484,4814,2546153.020365349
1485,4815,2335390.5977532496
1486,4816,2169724.5545621
1487,4817,2270700.714001078
1488,4818,4500063.1305582775
1489,4819,3175601.2717405944
1490,4820,2531696.470539303
1491,4821,2000920.6783115652
1492,4822,2064350.6672561578
1493,4823,3087064.6939215576
1494,4824,4899745.675065905
1495,4825,4934507.9631897565
1496,4826,4057840.049055796
1497,4827,2954958.7201651605
1498,4828,2444076.2275067233
1499,4829,1895143.659626816
1500,4830,2630397.526079656
1501,4831,2474306.979516331
1502,4832,2788081.0000171317
1503,4833,2938287.198386799
1504,4838,3850960.6194179407
1505,4839,4770862.003923987
1506,4840,5331163.511535868
1507,4841,4367972.2037610635
1508,4842,4389878.926377305
1509,4843,4315465.350210557
1510,4844,7392351.8524239715
1511,4845,9390564.502045328
1512,4846,5822119.3703123005
1513,4847,4782962.537202838
1514,4848,8657245.620470176
1515,4849,3028406.519256526
1516,4880,1657924.778051195
1517,4881,2036323.350123607
1518,4882,1426763.227430475
1519,4883,2067473.7802611224
1520,4884,1927401.4801291937
1521,4885,1656359.3142319468
1522,4886,1831498.3323793449
1523,4887,2380055.991449141
1524,4888,2556692.518504773
1525,4889,2551061.3391084345
1526,4890,2538329.2908282704
1527,4891,2963805.7004313706
1528,4892,2635084.945234231
1529,4893,2134661.790062422
1530,4894,2130939.287597995
1531,4895,2334920.7903173324
1532,4896,2133840.8701759065
1533,4897,2475949.718310878
1534,4898,2328482.931590671
1535,4899,2515944.0630350253
1536,4900,5276994.098668577
1537,4901,4074135.9435725193
1538,4902,4312810.857935834
1539,4903,2562159.957454048
1540,4904,2546594.811762499
1541,4905,2017558.9534899858
1542,4906,2340721.884868162
1543,4907,3145149.0845831004
1544,4908,2214087.838146228
1545,4909,1340059.4445774613
1546,4914,6999129.495712458
1547,4915,5682463.693645141
1548,4916,8616802.16874973
1549,4917,8204492.184976793
1550,4918,7468167.836362472
1551,4919,6047814.499701664
1552,4920,7303926.035426365
1553,4921,5226363.804695301
1554,4922,4854942.70515225
1555,4923,4809194.366728035
1556,4924,5138616.470121524
1557,4925,3974084.6185447806
1558,4926,1265598.434490999
1559,4953,435521.5890096211
1560,4954,1212335.9536587573
1561,4955,1310387.7871324364
1562,4956,1660042.2156003912
1563,4957,2581850.1809098665
1564,4958,3589172.658303838
1565,4959,2581778.5546016144
1566,4960,2381279.611571895
1567,4961,2185027.8732230007
1568,4962,1703370.3034614748
1569,4963,1787153.9769176058
1570,4964,1903307.1836954725
1571,4965,2311716.743188038
1572,4966,2466124.015450931
1573,4967,3049907.333140626
1574,4968,1590339.4572362443
1575,4969,892768.0739288966
1576,4970,1630986.6890761661
1577,4971,2275071.23516992
1578,4972,2145774.0644795178
1579,4973,2270190.158798039
1580,4974,2965605.7803103677
1581,4975,4220009.30881406
1582,4976,3391389.9317197376
1583,4977,3353343.336176347
1584,4978,3031600.096209939
1585,4979,2507676.540387797
1586,4980,2862502.8905798756
1587,4981,2691983.162883245
1588,4982,2572094.6914527663
1589,4983,2830432.9795379797
1590,4988,10782004.388784535
1591,4989,9284185.7193859
1592,4990,4504559.435487997
1593,4991,5902731.399997567
1594,4992,4347328.448377546
1595,4993,5130344.032375679
1596,4994,7119926.42508129
1597,4995,14557416.918950824
1598,4996,16732622.380579168
1599,4997,13024789.594454138
1600,4998,6339620.347451355
1601,4999,6489740.199875665
1602,5000,3711415.039530315
1603,5001,1114423.8995107866
1604,5002,294121.52395126264
1605,5003,882017.8642771035
1606,5028,1932454.7782080506
1607,5029,1671161.114773275
1608,5030,656594.5899329361
1609,5031,1495771.0584754313
1610,5032,1763398.9395715154
1611,5033,2181924.9669628856
1612,5034,3081495.0775772776
1613,5035,1487155.7463908335
1614,5036,810025.314396645
1615,5037,1510707.1602145687
1616,5038,2328633.981215687
1617,5039,2487006.959086639
1618,5040,2699477.0023394977
1619,5041,3340436.885345118
1620,5042,3801191.644477794
1621,5043,3370306.763218054
1622,5044,2521049.4100397932
1623,5045,1374080.655007718
1624,5046,236573.6338856032
1625,5050,2484560.8797302595
1626,5051,2475037.4021385163
1627,5052,2331168.8692548806
1628,5053,3125553.490329544
1629,5054,3146310.6866991804
1630,5055,2464482.245600148
1631,5056,3046762.8098231046
1632,5057,2781769.8510609246
1633,5058,2289270.4083255716
1634,5059,1400334.8567286849
1635,5064,10464472.22237594
1636,5065,11655684.760237437
1637,5066,7847216.573586299
1638,5067,7622254.7659547655
1639,5068,5111004.080455577
1640,5069,5344061.304243964
1641,5070,3614964.9304127977
1642,5071,6504570.20689907
1643,5072,5691418.337963307
1644,5073,19525107.55172252
1645,5074,15793424.962102132
1646,5075,12346875.981205553
1647,5076,6305305.578316288
1648,5077,6767984.73135101
1649,5078,677751.6821394076
1650,5079,2197780.448217678
1651,5080,2065964.2820613552
1652,5081,1306392.6677647675
1653,5082,1475629.7109413233
1654,5083,178000.00000000003
1655,5101,1145470.118831815
1656,5102,1342549.5664354588
1657,5103,1979895.3637065922
1658,5104,1869649.9845017397
1659,5105,853199.1480628868
1660,5106,1372888.0795486884
1661,5107,2154154.967046622
1662,5108,2045380.1074201672
1663,5109,1349758.2715721382
1664,5110,1839464.8061148282
1665,5111,797642.0316481788
1666,5112,191125.7447990771
1667,5113,1108424.15158519
1668,5114,1123427.6371935282
1669,5115,1579669.592527465
1670,5116,2371222.250033296
1671,5117,3391144.1561766206
1672,5118,2387813.9942241446
1673,5119,2216826.4504769472
1674,5120,2768875.1187993195
1675,5121,1980143.368713541
1676,5122,1281319.0356521152
1677,5125,2177304.2472981564
1678,5126,2447373.005411896
1679,5127,2201052.984765448
1680,5128,2616225.687470368
1681,5129,2700739.6178586064
1682,5130,3188196.4055001885
1683,5131,3247572.9779269127
1684,5132,2784922.0811715913
1685,5133,2540104.1428665053
1686,5134,2398452.878438031
1687,5135,563030.9153094449
1688,5139,6437616.372434012
1689,5140,11067880.323319418
1690,5141,6829940.750059958
1691,5142,8606000.849854585
1692,5143,6005843.256509661
1693,5144,6351392.043038339
1694,5145,5281518.259031167
1695,5146,6816696.202190709
1696,5147,4112765.0919709406
1697,5148,15277354.290639961
1698,5149,6160991.464438775
1699,5150,8398069.758622533
1700,5151,8031731.865520651
1701,5152,9317937.309011824
1702,5153,2106301.3796293633
1703,5154,1158589.945249611
1704,5155,2637382.733025211
1705,5156,738278.8363716009
1706,5157,1850096.0640279688
1707,5178,1523425.8034069745
1708,5179,1777031.2470345758
1709,5180,1599042.3544984057
1710,5181,1769420.4352191044
1711,5182,1716902.6870993285
1712,5183,2189615.7592309476
1713,5184,1800789.014519393
1714,5185,1763269.6891281663
1715,5186,1551466.0117668589
1716,5187,1421290.3614585625
1717,5188,1244263.5317562968
1718,5189,932339.2089060622
1719,5190,463482.8368399968
1720,5191,217277.88081691688
1721,5192,1490935.9651972065
1722,5193,2135105.6105681863
1723,5194,2508670.382578581
1724,5195,2381760.7535105376
1725,5196,2240861.2311535142
1726,5197,2326929.984794927
1727,5198,2406120.6769369002
1728,5201,1786816.7206021633
1729,5202,2932402.058827774
1730,5203,3945978.2502602437
1731,5204,2199649.8840673966
1732,5205,2577938.0425656773
1733,5206,2484213.2298296317
1734,5207,3296445.095234072
1735,5208,2657624.598884002
1736,5209,3000279.3077733805
1737,5210,1819704.3558060033
1738,5211,687830.0823645843
1739,5212,1160155.4173923295
1740,5216,10106193.526674371
1741,5217,9347515.915245464
1742,5218,8897670.178182818
1743,5219,6139835.478172182
1744,5220,6252045.791148905
1745,5221,5559246.981393607
1746,5222,6530160.091748407
1747,5223,4856526.114740904
1748,5224,20499529.80543473
1749,5225,8584667.13654075
1750,5226,5542219.135282246
1751,5227,6243294.469369274
1752,5228,6395050.149649239
1753,5229,7765216.862041007
1754,5230,3518697.47532963
1755,5231,3754723.2534805983
1756,5232,1219010.6963887173
1757,5233,1443458.1530233028
1758,5253,1480702.5725860412
1759,5254,1672562.1475163447
1760,5255,1574863.4819602629
1761,5256,2098994.781084734
1762,5257,2358613.7805530857
1763,5258,1280538.7798975855
1764,5259,874781.2915293548
1765,5260,1225082.051943976
1766,5261,1741311.679082409
1767,5262,1373789.0019991552
1768,5263,1264070.791228588
1769,5264,1995888.5554364552
1770,5265,743834.139902366
1771,5266,93173.9196820273
1772,5267,97821.25412937978
1773,5268,1409553.5662833788
1774,5269,1396500.9206367894
1775,5270,1437191.8685616022
1776,5271,2367538.835259555
1777,5272,2079929.133337743
1778,5273,1585196.5185027963
1779,5274,1643089.8300662697
1780,5275,1988862.9786592855
1781,5276,2143756.882489611
1782,5277,2379104.4937327444
1783,5278,4679115.992321454
1784,5279,2992083.3034176896
1785,5280,1552256.5558952638
1786,5281,2654197.8567326902
1787,5282,2641447.2597247595
1788,5283,2430187.527810642
1789,5284,2282477.399121395
1790,5285,1724294.0750322978
1791,5286,853305.8419752578
1792,5287,2519304.30112906
1793,5288,1317303.1021775994
1794,5292,13598044.046263348
1795,5293,11756023.92273463
1796,5294,6788331.221212366
1797,5295,7161109.997526401
1798,5296,5150586.679398727
1799,5297,5064422.773359929
1800,5298,5602547.517283129
1801,5299,14808231.007668989
1802,5300,6443977.362008273
1803,5301,6186217.716649074
1804,5302,7318154.346078276
1805,5303,5165703.476860507
1806,5304,5078518.710104759
1807,5305,4376135.094429794
1808,5306,3200175.962919955
1809,5307,3222484.194481166
1810,5308,4134941.9234226584
1811,5309,4426351.384748813
1812,5310,2343362.942384243
1813,5311,2157163.2090252116
1814,5329,1768689.2217217698
1815,5330,2291490.7383543667
1816,5331,2039845.4960389605
1817,5332,1939411.8877056674
1818,5333,2245573.723859232
1819,5334,2152016.1485090805
1820,5335,1823633.577168799
1821,5336,571506.058653508
1822,5337,149101.60028815805
1823,5338,269978.3719734774
1824,5339,603673.6549114225
1825,5340,1065387.8250505493
1826,5341,1609309.742223191
1827,5342,669815.7321213861
1828,5343,744408.2255322844
1829,5344,1878497.7508577763
1830,5345,1858264.1907928917
1831,5346,701442.190685913
1832,5347,2213538.4115431453
1833,5348,1908697.217863783
1834,5349,1706573.8902862808
1835,5350,676349.5712571772
1836,5351,1154087.2062257533
1837,5352,1272839.156159607
1838,5353,2581438.3942598947
1839,5354,5552239.999018944
1840,5355,3762745.2783678393
1841,5356,2188025.0032501835
1842,5357,1609794.318542662
1843,5358,2590171.47674877
1844,5359,2083272.594617558
1845,5361,2052936.23713301
1846,5362,1378219.801518581
1847,5363,2985563.454065792
1848,5364,6859951.494425617
1849,5365,4035000.3257880216
1850,5369,9461925.95055434
1851,5370,7485884.750028352
1852,5371,5068357.255970172
1853,5372,8313402.1049849065
1854,5373,5309484.278111224
1855,5374,4208231.019353305
1856,5375,9053463.353911329
1857,5376,10263663.554040903
1858,5377,8172328.064632858
1859,5378,6050703.324097077
1860,5379,1337616.8097018474
1861,5380,4507655.89751082
1862,5381,5525620.087331558
1863,5382,2596927.552344558
1864,5383,5736478.717868834
1865,5384,4090352.883866242
1866,5385,3578844.358982507
1867,5386,4414396.265105833
1868,5401,1868916.0483560928
1869,5402,1532233.938716095
1870,5403,1915128.5967769304
1871,5404,1588544.498597575
1872,5405,1590570.3006406354
1873,5406,2241645.4694441124
1874,5407,1792518.984388964
1875,5408,2335959.203566696
1876,5409,2595330.496743784
1877,5410,2301825.0055934456
1878,5411,1451878.2811957353
1879,5412,852887.8538876479
1880,5413,42355.84221110735
1881,5414,39510.591778131515
1882,5415,209677.23918012477
1883,5416,858826.4825790689
1884,5417,1808248.2715764963
1885,5418,2106780.0991347167
1886,5419,2141679.9419771023
1887,5420,2249415.3762970376
1888,5421,1909298.0571154081
1889,5422,2172449.412772218
1890,5423,1162691.629584091
1891,5424,526948.05284769
1892,5425,1137317.6212244497
1893,5426,1280985.1757450271
1894,5427,1698035.7170536448
1895,5428,2144081.0343390377
1896,5429,3092973.914908005
1897,5430,2197871.5270037553
1898,5431,2526643.441611315
1899,5432,2142560.8997513554
1900,5433,1586105.4744758855
1901,5434,1289892.168522775
1902,5438,2780455.930126735
1903,5439,2782193.0858543282
1904,5440,2959503.6537136585
1905,5441,3633098.7209105566
1906,5444,3464028.056020112
1907,5445,8685858.496616103
1908,5446,6987012.790290917
1909,5447,8613086.281481555
1910,5448,5293595.877694994
1911,5449,3357047.1471993993
1912,5450,6414244.06098166
1913,5451,13285431.56518158
1914,5452,8365035.181695119
1915,5453,7412672.722322413
1916,5454,6959515.40087213
1917,5455,5463481.027754119
1918,5456,7583165.226435586
1919,5457,3157330.149050285
1920,5458,3515703.988020528
1921,5459,3897060.0852355207
1922,5460,2836673.5234596794
1923,5461,292755.2930472698
1924,5477,1151600.695247462
1925,5478,1239928.66414412
1926,5479,1236256.73507646
1927,5480,1407782.2115196967
1928,5481,1716914.7312593285
1929,5482,1582516.1322095157
1930,5483,1266750.119350117
1931,5484,1070728.2897945486
1932,5485,2117669.2798179733
1933,5486,3132567.5045695845
1934,5487,1716727.9051875963
1935,5488,1303220.1936879107
1936,5489,621770.1190302185
1937,5490,190119.96491499024
1938,5491,710926.1764460976
1939,5492,1155023.576045644
1940,5493,1847952.2065500258
1941,5494,999013.1943516807
1942,5495,1952217.0222548936
1943,5496,2207719.397674658
1944,5497,2256775.9616372217
1945,5498,2301415.6209555906
1946,5499,1566138.897654421
1947,5500,256244.67791050771
1948,5503,2945140.8592550387
1949,5504,2332270.2626941074
1950,5505,1816000.3746810474
1951,5506,1970863.2612854268
1952,5507,2126313.061206978
1953,5508,2378402.2059340235
1954,5509,2844844.5709589007
1955,5510,3067025.6515255803
1956,5511,2034573.9357784062
1957,5514,1446038.6149576427
1958,5515,2888257.4730606144
1959,5516,2880680.4701819755
1960,5517,3612049.8609233275
1961,5518,3739190.751136991
1962,5521,5417693.30861156
1963,5522,5964068.544889301
1964,5523,6318106.684716425
1965,5524,6071087.599007542
1966,5525,6611137.439603104
1967,5526,3966466.855632537
1968,5527,13013321.155453127
1969,5528,5476041.413542285
1970,5529,7549038.760274822
1971,5530,10280378.582291882
1972,5531,9289862.812940883
1973,5532,15106762.223632082
1974,5533,7570210.824562823
1975,5534,6061426.237135111
1976,5535,3513581.6172676785
1977,5536,1774896.770768171
1978,5553,1232123.7709121073
1979,5554,2046176.8703883784
1980,5555,1944121.5532921387
1981,5556,2049953.3419844508
1982,5557,2204882.082863142
1983,5558,2338619.7415298093
1984,5559,2128994.6048349934
1985,5560,1703786.569165678
1986,5561,2090215.900368093
1987,5562,1554147.8434918907
1988,5563,1179845.6504190336
1989,5564,704870.1180388052
1990,5565,488820.03984306875
1991,5566,89098.48756159747
1992,5567,835907.1948450141
1993,5568,1545629.0125596104
1994,5569,215108.75343764282
1995,5570,823984.6196609103
1996,5571,1740953.8253827388
1997,5572,2254295.5584055707
1998,5573,2605208.487908803
1999,5574,2065825.4524519166
2000,5575,649999.9999999999
2001,5578,2150039.0011415435
2002,5579,2578208.244415294
2003,5580,1771239.3036655686
2004,5581,1981429.5813738822
2005,5582,2551232.6053106845
2006,5583,2777077.4420110206
2007,5584,2505974.6481010895
2008,5585,2628932.737538067
2009,5586,2954042.346312594
2010,5587,2141280.885014078
2011,5588,973945.032212901
2012,5589,778921.545887054
2013,5590,2855117.2016384704
2014,5591,3540001.6954150256
2015,5592,3054547.4801949854
2016,5593,3080776.641039161
2017,5594,3343090.1886834335
2018,5597,4856258.627682855
2019,5598,7352244.524756792
2020,5599,4823680.131124882
2021,5600,6196868.537169264
2022,5601,9173867.77045502
2023,5602,15953567.720161721
2024,5603,6572343.245489696
2025,5604,4330166.226220897
2026,5605,7752533.007346323
2027,5606,9746082.307944987
2028,5607,6800983.166852194
2029,5608,6759584.669349855
2030,5609,7894155.605807879
2031,5610,7846597.726727381
2032,5611,1290936.697820904
2033,5632,1335307.950766447
2034,5633,1336420.191642779
2035,5634,2159328.9695203444
2036,5635,2208894.7894239016
2037,5636,2084795.6332876873
2038,5637,3040645.266186563
2039,5638,4331947.085949397
2040,5639,2305824.2113914904
2041,5640,1632466.3134014315
2042,5641,1361368.1998905987
2043,5642,1240964.6016228276
2044,5643,803175.9873755397
2045,5644,1725828.710807725
2046,5645,1039935.0807669077
2047,5646,1235122.0561463009
2048,5647,1681883.6390091833
2049,5648,1719868.222544314
2050,5649,2421867.478101614
2051,5650,2080730.9055928406
2052,5651,1863691.6199743655
2053,5652,1942453.5740150856
2054,5653,2550149.2966102813
2055,5655,1987361.600305158
2056,5656,2094207.1622568062
2057,5658,2009898.8510462325
2058,5659,2635435.0985343917
2059,5660,1969668.106507347
2060,5661,2072427.6893304756
2061,5662,2315411.2702889815
2062,5663,3045885.705857662
2063,5664,975252.9073537155
2064,5665,792000.0
2065,5666,682897.6598336684
2066,5667,3211919.6259610015
2067,5668,3150838.5492639816
2068,5669,3077340.651395478
2069,5670,3315135.243692261
2070,5671,1394487.7948045596
2071,5674,3304775.4758048845
2072,5675,6969923.571513822
2073,5676,5351128.5509797195
2074,5677,13948960.839276236
2075,5678,19399218.553573843
2076,5679,5869246.046156684
2077,5680,5365752.198508494
2078,5681,7306756.585738338
2079,5682,9486836.158669304
2080,5683,8126492.729064853
2081,5684,4155155.722370996
2082,5685,5426387.9489722075
2083,5686,7875914.408476608
2084,5687,2426661.4328133487
2085,5693,110217.48723207577
2086,5710,2080464.2119830465
2087,5711,1919562.2458783796
2088,5712,2407567.7671346576
2089,5713,4327296.096599196
2090,5714,2451802.8070639903
2091,5715,2395245.5575693455
2092,5716,1976463.4347512827
2093,5717,2391270.815828043
2094,5718,2113556.1967639746
2095,5719,1359327.8550852581
2096,5720,1057536.3711806915
2097,5721,2005052.8517246176
2098,5722,1575612.50778521
2099,5723,1735433.3268787959
2100,5724,1597277.2852428216
2101,5725,1924080.7598059827
2102,5726,1782397.7584938502
2103,5727,2694379.8986615986
2104,5728,2209626.6537833046
2105,5729,2105462.2694799397
2106,5730,2017171.0671022674
2107,5731,2115530.337320547
2108,5732,857150.0519287653
2109,5734,1021480.51995927
2110,5735,1392606.717175691
2111,5736,1608549.2934953803
2112,5737,2261915.0891048573
2113,5738,2454821.5123028834
2114,5739,2940456.620348006
2115,5740,792000.0
2116,5741,587705.0026594176
2117,5742,1286015.4606732703
2118,5743,3346298.124610418
2119,5744,3322946.71974142
2120,5745,2903996.1724952585
2121,5746,2929622.8009455963
2122,5750,371876.4264068264
2123,5751,3852152.2356271963
2124,5752,9009380.612149876
2125,5753,11137858.977116004
2126,5754,8034602.385548902
2127,5755,5656818.0354678985
2128,5756,8034955.025652562
2129,5757,8551078.269935613
2130,5758,11582721.701256221
2131,5759,3375286.223960334
2132,5760,6815637.995024741
2133,5761,6244717.359683674
2134,5762,1902784.2408858154
2135,5787,1932092.0139086074
2136,5788,1689229.0296321153
2137,5789,2186915.353300049
2138,5790,2241303.8332124567
2139,5791,1522479.8999550159
2140,5792,2172593.1703226254
2141,5793,2283709.239472864
2142,5794,1989590.8278324662
2143,5795,2109288.3307328275
2144,5796,1527718.3572863583
2145,5797,1317981.7426826926
2146,5798,1329566.407061363
2147,5799,1842501.5960813446
2148,5800,2028375.1887417478
2149,5801,1714546.7140960777
2150,5802,1532628.100377579
2151,5803,1326537.3169040377
2152,5804,1607707.1404369562
2153,5805,1787202.4927009428
2154,5806,1405586.140273685
2155,5807,1742741.2444118145
2156,5808,1216573.4215235405
2157,5809,1836977.4133044754
2158,5810,1693891.52309173
2159,5811,2252990.8302682056
2160,5812,2269996.7949948125
2161,5813,2510963.4058881984
2162,5814,2815250.3072709567
2163,5815,2983944.3191668377
2164,5816,2547879.0721875597
2165,5817,735713.6726431878
2166,5818,2475261.0850504525
2167,5819,3712134.7621082608
2168,5820,2866256.4791057957
2169,5821,4346487.846630354
2170,5822,3513426.228495545
2171,5823,3464193.24947418
2172,5828,641673.4413578119
2173,5829,1905787.0908811109
2174,5830,2386032.479384143
2175,5831,1769847.688983792
2176,5832,4494117.021724556
2177,5833,7954792.5080886185
2178,5834,9530791.65226875
2179,5835,4562741.224363037
2180,5836,8076462.704318741
2181,5837,5677042.235369364
2182,5838,585607.9903237419
2183,5839,452692.6934600764
2184,5862,1133890.2020736202
2185,5863,1835079.360277559
2186,5864,1692242.957871905
2187,5865,1730464.354256146
2188,5866,1695922.7709452063
2189,5867,2052631.517187602
2190,5868,2207964.8164280276
2191,5869,1945454.9308243843
2192,5870,1736887.4201405528
2193,5871,1747673.107660326
2194,5872,1689824.6078898152
2195,5873,1766099.6501576088
2196,5874,1076057.9669748177
2197,5875,898818.389571606
2198,5876,435226.05956507503
2199,5877,885520.8027329694
2200,5878,548313.8360793535
2201,5879,528987.1344163893
2202,5880,691613.3371110982
2203,5881,891268.4909513964
2204,5882,1409017.8023024402
2205,5883,890542.1848468318
2206,5884,632460.7590363367
2207,5885,2405377.423363119
2208,5886,2240338.4509309065
2209,5887,2357796.6966670495
2210,5888,3316903.378013042
2211,5889,2715602.447387269
2212,5890,1932029.8347393314
2213,5891,938995.4247240397
2214,5892,2114627.757956189
2215,5893,2448284.4181189174
2216,5894,3108753.3412267053
2217,5895,3991034.0327920024
2218,5896,3759051.0243012966
2219,5897,6928824.006593456
2220,5898,4875861.708708916
2221,5899,3214394.0938968537
2222,5903,2037326.063011547
2223,5904,3785239.307579494
2224,5905,3511489.5303079057
2225,5906,5046145.66792558
2226,5907,982274.744338422
2227,5908,3358371.733292576
2228,5909,4444200.281104243
2229,5910,3941078.97885858
2230,5911,7880076.618063018
2231,5912,5762851.224286358
2232,5913,216320.18638994952
2233,5939,2068601.9911736166
2234,5940,1671238.1285345098
2235,5941,1866896.3645597945
2236,5942,2323737.320066978
2237,5943,2484838.5910265823
2238,5944,1431198.580823855
2239,5945,1658701.0774662585
2240,5946,1692077.661341609
2241,5947,1543070.7332262467
2242,5948,1588056.5528292456
2243,5949,1646722.739847999
2244,5950,1654627.29414491
2245,5951,1924816.046642515
2246,5952,1595447.6435330973
2247,5953,2295042.2570402552
2248,5954,1897690.6206063724
2249,5955,1929715.9798402619
2250,5956,1809284.957105064
2251,5957,2120675.0857840236
2252,5958,1816911.358066271
2253,5959,2244300.8204760556
2254,5960,1887716.7116381947
2255,5961,710250.2470428417
2256,5962,978301.8211530439
2257,5963,1652922.771551642
2258,5964,2135089.540779469
2259,5965,1760009.966896036
2260,5966,729632.6737226951
2261,5967,1313412.6241403082
2262,5968,2802829.439679845
2263,5969,2466646.8238368174
2264,5970,2413398.7014491484
2265,5971,1604590.2683319405
2266,5974,3182095.7015716205
2267,5975,3129153.173551432
2268,5976,2206723.782695498
2269,5980,3450512.7611319646
2270,5981,3471063.589080695
2271,5982,6753498.741033615
2272,5983,5549775.976693825
2273,5984,692781.7178826835
2274,5985,1929905.8393271533
2275,5986,7798439.077825904
2276,5987,6769018.177414974
2277,5988,4111160.2053805646
2278,5989,1470112.269657475
2279,6014,1696193.5416420468
2280,6015,932856.6719412868
2281,6016,1308916.8201754612
2282,6017,1119632.1497718652
2283,6018,2239649.809906345
2284,6019,1898269.1414746891
2285,6021,143788.45688697216
2286,6024,1771543.2297279416
2287,6025,1793133.9064597304
2288,6026,1637479.7575971019
2289,6027,1474336.073565119
2290,6028,2237738.639615715
2291,6029,2032636.6676132358
2292,6030,1946484.5201808608
2293,6031,2178230.600031613
2294,6032,2504040.526765565
2295,6033,1910337.896179337
2296,6034,2207774.760447956
2297,6035,2010000.882487469
2298,6036,1991632.1840002886
2299,6037,1680011.8942547806
2300,6038,614342.4005228418
2301,6039,946856.254148938
2302,6040,1130835.5226869755
2303,6041,1656482.7786235218
2304,6042,2300878.7482271045
2305,6043,2208202.2719093235
2306,6044,3931357.0105705047
2307,6045,2234667.216660186
2308,6046,570050.4529480141
2309,6047,1185705.360204721
2310,6050,2711818.6560650007
2311,6051,2681918.4915300747
2312,6052,1887436.9043888177
2313,6055,764605.5587795342
2314,6056,7846733.347163806
2315,6057,6729944.900229894
2316,6058,5074068.488853575
2317,6059,2196270.9931337154
2318,6060,572019.7459054281
2319,6061,1075109.9788768075
2320,6062,6016199.923722295
2321,6063,4809330.46862243
2322,6064,2749182.3224345758
2323,6065,5148170.10853432
2324,6089,1019879.310501942
2325,6090,558105.9421370957
2326,6093,29406.10166576714
2327,6094,481317.02480117464
2328,6095,1664985.3928902664
2329,6101,1580578.2729228144
2330,6102,2141988.214593651
2331,6103,1311810.3113307524
2332,6104,1788579.7703724308
2333,6105,687527.0200928543
2334,6106,182684.34038703237
2335,6107,643221.5525524679
2336,6108,1576636.5115133417
2337,6109,1612267.1255833288
2338,6110,2265476.539015902
2339,6111,1776504.979146938
2340,6112,1539887.7549683962
2341,6113,1541254.3819213698
2342,6114,1489873.0107140534
2343,6115,1793820.5533391514
2344,6116,1835969.1806732472
2345,6117,2061783.0923184531
2346,6118,2324964.864653454
2347,6119,2369860.285635411
2348,6120,1986021.222524333
2349,6121,3091540.946622443
2350,6122,1222642.469042235
2351,6123,628387.0089143554
2352,6124,2135109.4226896013
2353,6126,4794740.456865568
2354,6127,3237936.9222189784
2355,6128,2737734.0177290263
2356,6132,4396532.307236601
2357,6133,7682183.307652313
2358,6134,5375084.406027753
2359,6135,4302136.690063625
2360,6136,2378242.430022035
2361,6137,368573.4965025164
2362,6138,2772395.505260924
2363,6139,3138903.430539296
2364,6140,1997984.3050605021
2365,6141,8092590.733948059
2366,6170,29864.337306071688
2367,6171,156046.56702567803
2368,6172,591246.2940191021
2369,6175,215538.52773627933
2370,6176,713307.6621126073
2371,6177,1899568.2828956316
2372,6178,1330236.2850873224
2373,6179,1498330.924302951
2374,6180,1253548.3300932725
2375,6181,66711.9019019767
2376,6182,34816.398954672826
2377,6183,482265.9405000255
2378,6184,1538289.0864325543
2379,6185,2386430.617723689
2380,6186,2603478.74908952
2381,6187,2025357.9185439874
2382,6188,2005426.8850364194
2383,6189,2181125.2898099604
2384,6190,2256263.2352903113
2385,6191,1611221.6783157282
2386,6192,1017836.1187594056
2387,6193,1447445.019055873
2388,6194,1951630.053337906
2389,6195,2036878.916642986
2390,6196,2503190.1293862304
2391,6197,2902380.5385750704
2392,6198,1870962.9050952485
2393,6199,2628157.2376118284
2394,6200,2501514.270662707
2395,6201,3018714.9561253493
2396,6202,3418308.750826401
2397,6203,2637948.145207035
2398,6204,1346142.6107083359
2399,6207,1084542.7631471406
2400,6208,7563995.435006938
2401,6209,6876111.791943399
2402,6210,4944266.788429045
2403,6211,4433670.558318188
2404,6212,1507517.6165311765
2405,6213,386556.88735608273
2406,6214,3887022.85899424
2407,6215,1455531.0781261541
2408,6216,4483021.338527866
2409,6217,1862638.6467351813
2410,6254,1098360.98948533
2411,6256,1493563.1081786745
2412,6257,1167605.5249379233
2413,6258,62728.80966035769
2414,6259,977875.5750783982
2415,6260,1899972.4299496827
2416,6261,1306724.185966554
2417,6262,3326260.360944486
2418,6263,1602879.4536972442
2419,6264,1842185.0320129693
2420,6265,1614721.4958511624
2421,6266,1769011.9649103219
2422,6267,1216829.4175231152
2423,6272,1383542.8240141599
2424,6273,2046261.7796353947
2425,6274,2798316.6038601417
2426,6275,2564411.318537046
2427,6276,1835083.5827243114
2428,6277,2361933.631416808
2429,6278,3035570.394307243
2430,6279,3563238.434831648
2431,6280,1412339.3728401896
2432,6284,6433736.250417712
2433,6285,7456297.356287483
2434,6286,6934406.608074152
2435,6287,4005649.726736829
2436,6288,3572644.8093609028
2437,6289,1074424.5232618698
2438,6290,1609914.3544486973
2439,6291,1154680.1350145095
2440,6292,190692.69145264063
2441,6332,1597478.5187551833
2442,6333,1895362.4960334154
2443,6334,2327501.0381980054
2444,6335,2062944.524807461
2445,6336,1574121.5883288074
2446,6337,2587433.950934024
2447,6338,1752682.3151129673
2448,6339,1886956.4002150393
2449,6340,1822719.6711524897
2450,6341,1620905.5723923638
2451,6342,533284.7074535027
2452,6348,848066.4116998326
2453,6349,1631028.9456446923
2454,6350,1486234.546665295
2455,6351,1160561.4452895934
2456,6352,2607550.82071186
2457,6353,4026007.1681124927
2458,6354,3411378.908548604
2459,6355,624055.9596506637
2460,6359,5134034.961849848
2461,6360,7104352.149816044
2462,6361,19711343.360472027
2463,6362,5553686.539619917
2464,6363,4147891.464549071
2465,6364,3518794.5090610473
2466,6365,688037.5801475205
2467,6366,1075190.6281404379
2468,6367,963404.5052420609
2469,6368,1676419.2163809328
2470,6409,468778.0577635824
2471,6410,1975328.098963394
2472,6411,1814489.3760528313
2473,6412,1579735.8515499004
2474,6413,2438257.210881216
2475,6414,1930701.1235038769
2476,6415,1697993.6252147784
2477,6416,1230047.0292132099
2478,6426,221420.34814689626
2479,6427,621179.9707497044
2480,6428,1805232.7953850597
2481,6429,3831069.2870884584
2482,6430,1941326.4891945792
2483,6435,6465485.081398882
2484,6436,10429284.2105446
2485,6437,18839533.627976596
2486,6438,5088775.035429354
2487,6439,4135454.4038001928
2488,6440,3315016.287072323
2489,6441,2115911.2145849564
2490,6442,263858.2961681367
2491,6443,5277988.329902175
2492,6444,3862667.8521305
2493,6485,465500.7927735208
2494,6486,483751.0722208882
2495,6487,1175203.6024104995
2496,6488,2065090.742039917
2497,6489,1175132.1812711959
2498,6490,759455.2790166956
2499,6491,578326.5222867329
2500,6502,1707643.463039048
2501,6503,2602471.3788721794
2502,6504,3825870.2104457417
2503,6505,808014.4695580387
2504,6510,4838504.280061753
2505,6511,8719991.276315168
2506,6512,19477304.82946222
2507,6513,5582166.079628036
2508,6514,4701876.459468307
2509,6515,3332031.0359878507
2510,6516,4520093.041142301
2511,6517,5252259.054983109
2512,6518,1227727.3574949575
2513,6519,5689003.215197728
2514,6525,191260.9704363038
2515,6564,1826433.7701791595
2516,6565,835490.8725375514
2517,6566,72489.30135529727
2518,6579,3458995.4678962287
2519,6580,1063867.904110805
2520,6586,3203311.548145787
2521,6587,6954024.075852294
2522,6588,8731820.782249711
2523,6589,6044484.375861403
2524,6590,3586324.797578843
2525,6591,5384948.740576589
2526,6592,5095971.721091399
2527,6593,6592575.128768054
2528,6594,8040852.115164202
2529,6595,3828124.9501869334
2530,6636,1000428.407197289
2531,6638,427515.8336021481
2532,6640,665170.6936860859
2533,6654,1314982.4879841697
2534,6655,691314.449927366
2535,6660,2180006.377365405
2536,6661,2164847.2960131997
2537,6662,7368341.313160115
2538,6663,6395122.966249006
2539,6664,4672185.6297053415
2540,6665,4188732.751986886
2541,6666,3502745.7760345847
2542,6667,3762306.6500749337
2543,6668,5008530.417112728
2544,6669,7319163.6313522365
2545,6670,9880000.000000002
2546,6671,4809880.141539097
2547,6713,336244.9961724429
2548,6735,2355002.729625856
2549,6736,2951748.2102540396
2550,6737,2911887.5716129374
2551,6738,2905598.562812145
2552,6739,3529685.295217543
2553,6740,4297631.1705282675
2554,6741,3653150.4991787216
2555,6742,3656138.448117282
2556,6743,5229420.5157206785
2557,6744,3199255.4042902924
2558,6745,3159500.904186564
2559,6746,8089715.284394202
2560,6747,6595695.3696464375
2561,6748,6230125.8953515375
2562,6749,441167.97950569785
2563,6809,1767712.5457604683
2564,6810,1980726.707915215
2565,6811,2805095.856972904
2566,6812,3894584.9526109733
2567,6813,1966421.613601056
2568,6814,2355886.9290605756
2569,6815,2114842.3321792874
2570,6816,3416561.5567991696
2571,6817,3606148.115773682
2572,6818,3926087.7440287867
2573,6819,5861371.950914116
2574,6820,3294083.1809073356
2575,6821,6029079.543129149
2576,6822,7823660.912768679
2577,6823,4977493.900357327
2578,6825,577000.0
2579,6826,181585.40625838834
2580,6884,2521003.827987822
2581,6885,4920901.728928912
2582,6886,5118976.822326845
2583,6887,2934915.6326656435
2584,6888,3878726.3637405997
2585,6889,2966225.7730793646
2586,6890,2287047.557582841
2587,6891,2450000.0000000005
2588,6892,2444857.1093048262
2589,6893,3498032.408173031
2590,6894,4695445.588744614
2591,6895,4255118.059758986
2592,6896,3320058.3512764177
2593,6897,3991225.9890590436
2594,6898,5836551.140787747
2595,6899,4481253.340721121
2596,6900,3371627.0150064826
2597,6902,1101081.9575286475
2598,6903,169984.6792050369
2599,6904,364716.62522234995
2600,6958,4427398.0893222885
2601,6959,3088378.472939349
2602,6960,3503575.968300805
2603,6961,9766272.584110918
2604,6962,4426206.320012285
2605,6963,2937172.8489756086
2606,6964,3271090.4158081715
2607,6965,3049640.7847992373
2608,6966,2061304.2554459663
2609,6967,2409959.119451353
2610,6968,2384045.0291871293
2611,6969,4041132.7916806997
2612,6970,4981608.545356634
2613,6971,4721904.084483894
2614,6972,3856985.705262658
2615,6973,4177427.319522889
2616,6974,4344140.272436306
2617,6975,3321048.6882500653
2618,6976,3008665.879474253
2619,6977,3698073.588942641
2620,6978,3074230.9813164724
2621,6979,850370.1842450158
2622,7034,2659810.4284576895
2623,7035,2496027.517334489
2624,7036,2806656.098252227
2625,7037,3357711.806812
2626,7038,4363780.923190541
2627,7039,2846515.8400982893
2628,7040,2877077.8855512473
2629,7041,2997474.411029995
2630,7042,3291679.414856837
2631,7043,2609737.9346802505
2632,7044,3966000.714560732
2633,7045,6415320.968391047
2634,7046,3776735.6723168856
2635,7047,3023531.1643008064
2636,7048,2586849.6307693515
2637,7049,4731569.527653799
2638,7050,4243030.42825626
2639,7051,5291950.970123171
2640,7052,2975367.8242772208
2641,7053,3308477.7958417856
2642,7054,3617960.111518657
2643,7055,1545595.8821286948
2644,7056,969056.4350973713
2645,7109,2355929.9805271006
2646,7110,2320143.544593494
2647,7111,2894551.085081226
2648,7112,2458903.7896262864
2649,7113,2604513.8919830476
2650,7114,5317562.724580181
2651,7115,2755590.338859477
2652,7116,4030976.483555364
2653,7117,4828746.329487659
2654,7118,4176366.083445985
2655,7119,6227548.039746092
2656,7120,5857175.202388325
2657,7121,2304355.12737689
2658,7122,1942224.2958825072
2659,7123,2601659.3974589477
2660,7124,3189904.7057309854
2661,7125,4713771.079085636
2662,7126,3833439.7706681
2663,7127,2287027.3306316976
2664,7128,1676686.8742581988
2665,7129,1468371.473588965
2666,7130,934415.7374269352
2667,7186,3272423.1173557937
2668,7187,2682954.710150366
2669,7188,2312752.970215696
2670,7189,2755853.3960405216
2671,7190,4619272.77269223
2672,7191,4986394.940205553
2673,7192,3254466.6190521107
2674,7193,5257729.9267442785
2675,7194,5508466.972287995
2676,7195,4882713.07881616
2677,7196,4570074.922980628
2678,7199,1913826.9836414882
2679,7200,2733491.191316371
2680,7201,3351332.8531631404
2681,7202,1814676.8707904222
2682,7203,945942.3026759515
2683,7204,1033955.9678404499
2684,7205,1097468.5673934382
2685,7206,1150075.8691854526
2686,7261,4100844.6379229613
2687,7262,3869342.371058978
2688,7263,3476734.165224952
2689,7264,3192958.627607002
2690,7265,3205598.0204690327
2691,7266,3063421.1946890145
2692,7267,2814714.7514129207
2693,7268,3380952.3833031612
2694,7269,5116351.560227393
2695,7270,2686359.966610675
2696,7276,2515478.211645733
2697,7277,2624836.303815086
2698,7278,3775351.4982076413
2699,7279,2599340.9822139605
2700,7281,1124501.8187153481
2701,7337,4379623.570695631
2702,7338,4591335.75933043
2703,7339,3406068.881033477
2704,7340,3559480.5156686385
2705,7341,2703683.4443741944
2706,7342,2836687.8571324805
2707,7343,3520274.2851952054
2708,7344,2926736.6882905345
2709,7345,1420119.539502369
2710,7352,1629847.8791441177
2711,7353,3303681.5261148456
2712,7354,4010896.189001087
2713,7355,4182225.3271198943
2714,7356,1799453.9169307146
2715,7412,3482781.9379115934
2716,7413,4096179.5249067335
2717,7414,4623370.756973976
2718,7415,2932411.992034154
2719,7416,911847.9610687593
2720,7417,2294367.578118831
2721,7418,1300491.756277213
2722,7428,2759337.0898398343
2723,7429,4242954.138124106
2724,7430,3038287.7144045956
2725,7431,852440.040353424
2726,7432,799916.8323443293
2727,7488,4007985.452880217
2728,7489,4540602.861834736
2729,7490,4687510.351594894
2730,7491,3702451.3036418147
2731,7505,2430222.894032254
2732,7506,2858484.201844999
2733,7507,1795255.7720401194
2734,7563,1300687.4048898334
2735,7564,2120212.6535484204
2736,7565,1290082.0735387746
2737,7566,1658406.873430896
2738,7581,2340970.2595363446
2739,7582,2216317.486225079
2740,7638,228627.5691680215
2741,7639,1169958.0453147346
2742,7640,4019292.0569010144
2743,7641,2925621.9557651067
2744,7642,960277.9147772656
2745,7643,461816.4288003811
2746,7714,144011.37888317773
2747,7715,1487861.8793200895
2748,7716,4383326.352148714
2749,7717,4212337.874224461
2750,7718,4046802.4195610518
2751,7791,580202.1073530063
2752,7792,2322464.881555072
2753,7793,4895061.105389604
2754,7794,5252372.903018452
2755,7795,3174148.408010541
2756,7864,435988.518103821
2757,7867,155774.05841145877
2758,7868,158138.0596255945
2759,7869,2413982.3244283176
2760,7870,2999233.7112772847
2761,7941,450543.30578797625
2762,7944,203273.235775282
2763,7945,284501.54803884996
2764,7946,329074.8918670125
2765,8020,412363.0777488058
2766,8021,475400.18509406544
