fid,ID,Area
797,생활서비스시설_공원_1414,3084.165
798,생활서비스시설_공원_1414,777.713
871,생활서비스시설_공원_1414,275.306
872,생활서비스시설_공원_1414,4759.738
875,생활서비스시설_공원_1414,406.557
945,생활서비스시설_공원_1414,101566.961
946,생활서비스시설_공원_1414,27870.318
947,생활서비스시설_공원_1414,1205.543
948,생활서비스시설_공원_1414,4338.620
950,생활서비스시설_공원_1414,258.626
952,생활서비스시설_공원_1414,1608.569
953,생활서비스시설_공원_1414,2151.554
1021,생활서비스시설_공원_1414,117671.320
1022,생활서비스시설_공원_1414,32215.028
1023,생활서비스시설_공원_1414,2187.796
1024,생활서비스시설_공원_1414,6584.971
1025,생활서비스시설_공원_1414,244.715
1028,생활서비스시설_공원_1414,1909.370
1029,생활서비스시설_공원_1414,548.783
1045,생활서비스시설_공원_1414,464.583
1098,생활서비스시설_공원_1414,1993.448
1099,생활서비스시설_공원_1414,1773.198
1100,생활서비스시설_공원_1414,8222.096
1107,생활서비스시설_공원_1414,1688.049
1121,생활서비스시설_공원_1414,653.655
1184,생활서비스시설_공원_1414,44.694
1185,생활서비스시설_공원_1414,588.083
1186,생활서비스시설_공원_1414,990.501
1197,생활서비스시설_공원_1414,1590.751
1252,생활서비스시설_공원_1414,8678.741
1261,생활서비스시설_공원_1414,1320.369
1262,생활서비스시설_공원_1414,42.879
1263,생활서비스시설_공원_1414,1055.092
1264,생활서비스시설_공원_1414,61077.229
1265,생활서비스시설_공원_1414,101303.760
1266,생활서비스시설_공원_1414,9003.375
1273,생활서비스시설_공원_1414,748.857
1327,생활서비스시설_공원_1414,11421.858
1333,생활서비스시설_공원_1414,1333.619
1334,생활서비스시설_공원_1414,966.791
1335,생활서비스시설_공원_1414,3639.814
1336,생활서비스시설_공원_1414,984.199
1337,생활서비스시설_공원_1414,2148.735
1338,생활서비스시설_공원_1414,2147.463
1339,생활서비스시설_공원_1414,2960.260
1340,생활서비스시설_공원_1414,17875.250
1341,생활서비스시설_공원_1414,12446.397
1342,생활서비스시설_공원_1414,42374.085
1343,생활서비스시설_공원_1414,25639.086
1351,생활서비스시설_공원_1414,1368.047
1404,생활서비스시설_공원_1414,26807.646
1405,생활서비스시설_공원_1414,366.385
1408,생활서비스시설_공원_1414,1179.486
1409,생활서비스시설_공원_1414,2163.479
1410,생활서비스시설_공원_1414,2615.049
1412,생활서비스시설_공원_1414,34.331
1414,생활서비스시설_공원_1414,2155.514
1415,생활서비스시설_공원_1414,1529.205
1416,생활서비스시설_공원_1414,2101.038
1417,생활서비스시설_공원_1414,2151.482
1418,생활서비스시설_공원_1414,12595.833
1419,생활서비스시설_공원_1414,6413.794
1420,생활서비스시설_공원_1414,3936.726
1421,생활서비스시설_공원_1414,7384.678
1425,생활서비스시설_공원_1414,178.986
1480,생활서비스시설_공원_1414,1705.191
1482,생활서비스시설_공원_1414,9988.657
1483,생활서비스시설_공원_1414,13371.637
1484,생활서비스시설_공원_1414,4408.385
1485,생활서비스시설_공원_1414,88540.017
1486,생활서비스시설_공원_1414,69049.540
1488,생활서비스시설_공원_1414,1252.139
1489,생활서비스시설_공원_1414,3687.915
1490,생활서비스시설_공원_1414,2236.472
1491,생활서비스시설_공원_1414,2102.120
1492,생활서비스시설_공원_1414,1.666
1493,생활서비스시설_공원_1414,1959.329
1494,생활서비스시설_공원_1414,2178.982
1496,생활서비스시설_공원_1414,41172.161
1497,생활서비스시설_공원_1414,2548.306
1499,생활서비스시설_공원_1414,461.369
1500,생활서비스시설_공원_1414,75.742
1502,생활서비스시설_공원_1414,700.949
1557,생활서비스시설_공원_1414,1229.372
1559,생활서비스시설_공원_1414,1557.996
1560,생활서비스시설_공원_1414,7666.159
1561,생활서비스시설_공원_1414,109057.015
1562,생활서비스시설_공원_1414,73685.662
1563,생활서비스시설_공원_1414,14979.651
1564,생활서비스시설_공원_1414,846.970
1565,생활서비스시설_공원_1414,6569.943
1566,생활서비스시설_공원_1414,21048.194
1567,생활서비스시설_공원_1414,4215.242
1568,생활서비스시설_공원_1414,1742.853
1569,생활서비스시설_공원_1414,999.381
1570,생활서비스시설_공원_1414,6263.278
1572,생활서비스시설_공원_1414,89764.355
1573,생활서비스시설_공원_1414,51967.776
1574,생활서비스시설_공원_1414,23906.101
1575,생활서비스시설_공원_1414,127.559
1576,생활서비스시설_공원_1414,464.959
1577,생활서비스시설_공원_1414,670.085
1578,생활서비스시설_공원_1414,2.503
1633,생활서비스시설_공원_1414,8874.224
1634,생활서비스시설_공원_1414,1593.310
1635,생활서비스시설_공원_1414,9059.878
1636,생활서비스시설_공원_1414,1887.486
1637,생활서비스시설_공원_1414,67.692
1638,생활서비스시설_공원_1414,980.549
1639,생활서비스시설_공원_1414,22462.621
1640,생활서비스시설_공원_1414,31540.646
1641,생활서비스시설_공원_1414,11745.910
1642,생활서비스시설_공원_1414,3057.974
1643,생활서비스시설_공원_1414,2448.202
1644,생활서비스시설_공원_1414,1998.393
1645,생활서비스시설_공원_1414,4221.756
1646,생활서비스시설_공원_1414,935.893
1647,생활서비스시설_공원_1414,15405.455
1648,생활서비스시설_공원_1414,115410.641
1649,생활서비스시설_공원_1414,95641.000
1650,생활서비스시설_공원_1414,42695.534
1651,생활서비스시설_공원_1414,965.969
1652,생활서비스시설_공원_1414,164.768
1653,생활서비스시설_공원_1414,169.609
1710,생활서비스시설_공원_1414,6936.292
1711,생활서비스시설_공원_1414,2422.210
1712,생활서비스시설_공원_1414,749.821
1713,생활서비스시설_공원_1414,708.290
1714,생활서비스시설_공원_1414,29106.797
1715,생활서비스시설_공원_1414,64144.955
1716,생활서비스시설_공원_1414,137116.348
1717,생활서비스시설_공원_1414,114588.971
1718,생활서비스시설_공원_1414,43756.987
1719,생활서비스시설_공원_1414,316.809
1720,생활서비스시설_공원_1414,1054.080
1721,생활서비스시설_공원_1414,949.401
1722,생활서비스시설_공원_1414,2296.300
1723,생활서비스시설_공원_1414,654.559
1724,생활서비스시설_공원_1414,41467.283
1725,생활서비스시설_공원_1414,60184.353
1726,생활서비스시설_공원_1414,64180.333
1727,생활서비스시설_공원_1414,45416.974
1728,생활서비스시설_공원_1414,391.639
1730,생활서비스시설_공원_1414,153.971
1731,생활서비스시설_공원_1414,2800.840
1786,생활서비스시설_공원_1414,1764.002
1788,생활서비스시설_공원_1414,921.458
1790,생활서비스시설_공원_1414,64881.205
1791,생활서비스시설_공원_1414,68521.407
1793,생활서비스시설_공원_1414,51272.570
1794,생활서비스시설_공원_1414,1548.508
1795,생활서비스시설_공원_1414,1942.995
1796,생활서비스시설_공원_1414,2048.265
1797,생활서비스시설_공원_1414,1947.543
1798,생활서비스시설_공원_1414,851.470
1799,생활서비스시설_공원_1414,4803.189
1800,생활서비스시설_공원_1414,19769.608
1801,생활서비스시설_공원_1414,70410.927
1802,생활서비스시설_공원_1414,5127.892
1803,생활서비스시설_공원_1414,151.462
1804,생활서비스시설_공원_1414,57.180
1863,생활서비스시설_공원_1414,7842.301
1864,생활서비스시설_공원_1414,2734.553
1865,생활서비스시설_공원_1414,993.050
1866,생활서비스시설_공원_1414,785.580
1867,생활서비스시설_공원_1414,829.689
1868,생활서비스시설_공원_1414,12173.172
1869,생활서비스시설_공원_1414,109450.777
1870,생활서비스시설_공원_1414,15787.027
1871,생활서비스시설_공원_1414,970.877
1872,생활서비스시설_공원_1414,1042.042
1873,생활서비스시설_공원_1414,1690.900
1874,생활서비스시설_공원_1414,1074.599
1875,생활서비스시설_공원_1414,3521.814
1877,생활서비스시설_공원_1414,3367.027
1878,생활서비스시설_공원_1414,398.949
1935,생활서비스시설_공원_1414,46682.742
1940,생활서비스시설_공원_1414,1617.137
1941,생활서비스시설_공원_1414,1004.270
1942,생활서비스시설_공원_1414,978.293
1943,생활서비스시설_공원_1414,1283.412
1944,생활서비스시설_공원_1414,1008.426
1945,생활서비스시설_공원_1414,1359.987
1946,생활서비스시설_공원_1414,794.860
1947,생활서비스시설_공원_1414,1334.427
1948,생활서비스시설_공원_1414,1508.611
1950,생활서비스시설_공원_1414,1779.221
1951,생활서비스시설_공원_1414,6586.832
1952,생활서비스시설_공원_1414,2239.909
1953,생활서비스시설_공원_1414,623.589
1954,생활서비스시설_공원_1414,22245.547
1956,생활서비스시설_공원_1414,39.304
2012,생활서비스시설_공원_1414,132623.739
2017,생활서비스시설_공원_1414,7015.595
2018,생활서비스시설_공원_1414,938.431
2022,생활서비스시설_공원_1414,1926.094
2023,생활서비스시설_공원_1414,6679.542
2024,생활서비스시설_공원_1414,863.799
2026,생활서비스시설_공원_1414,3670.258
2027,생활서비스시설_공원_1414,27186.193
2028,생활서비스시설_공원_1414,4597.277
2029,생활서비스시설_공원_1414,14222.362
2030,생활서비스시설_공원_1414,82422.778
2031,생활서비스시설_공원_1414,23120.569
2032,생활서비스시설_공원_1414,12.409
2087,생활서비스시설_공원_1414,138564.065
2088,생활서비스시설_공원_1414,134672.055
2094,생활서비스시설_공원_1414,1734.418
2096,생활서비스시설_공원_1414,44474.472
2097,생활서비스시설_공원_1414,26577.311
2098,생활서비스시설_공원_1414,3007.987
2100,생활서비스시설_공원_1414,21395.034
2102,생활서비스시설_공원_1414,1029.402
2103,생활서비스시설_공원_1414,2507.835
2104,생활서비스시설_공원_1414,19184.032
2105,생활서비스시설_공원_1414,18341.996
2106,생활서비스시설_공원_1414,650.064
2108,생활서비스시설_공원_1414,3754.150
2109,생활서비스시설_공원_1414,10.272
2110,생활서비스시설_공원_1414,1604.253
2163,생활서비스시설_공원_1414,138495.023
2164,생활서비스시설_공원_1414,137804.409
2165,생활서비스시설_공원_1414,136770.423
2170,생활서비스시설_공원_1414,98.916
2171,생활서비스시설_공원_1414,3763.320
2172,생활서비스시설_공원_1414,86492.122
2173,생활서비스시설_공원_1414,20189.233
2174,생활서비스시설_공원_1414,13407.835
2175,생활서비스시설_공원_1414,22239.770
2177,생활서비스시설_공원_1414,3555.759
2178,생활서비스시설_공원_1414,188.957
2180,생활서비스시설_공원_1414,456.646
2184,생활서비스시설_공원_1414,592.558
2185,생활서비스시설_공원_1414,11.149
2186,생활서비스시설_공원_1414,20.311
2190,생활서비스시설_공원_1414,12991.977
2237,생활서비스시설_공원_1414,6681.211
2238,생활서비스시설_공원_1414,34300.292
2239,생활서비스시설_공원_1414,137644.341
2240,생활서비스시설_공원_1414,136884.674
2241,생활서비스시설_공원_1414,136132.189
2246,생활서비스시설_공원_1414,10647.177
2247,생활서비스시설_공원_1414,27087.247
2248,생활서비스시설_공원_1414,29151.514
2249,생활서비스시설_공원_1414,1366.790
2250,생활서비스시설_공원_1414,3940.105
2260,생활서비스시설_공원_1414,4526.820
2261,생활서비스시설_공원_1414,419.902
2262,생활서비스시설_공원_1414,77.952
2263,생활서비스시설_공원_1414,269.907
2267,생활서비스시설_공원_1414,9605.354
2314,생활서비스시설_공원_1414,40875.804
2315,생활서비스시설_공원_1414,96385.918
2316,생활서비스시설_공원_1414,133964.748
2317,생활서비스시설_공원_1414,138564.065
2318,생활서비스시설_공원_1414,137440.507
2323,생활서비스시설_공원_1414,1766.815
2325,생활서비스시설_공원_1414,2067.979
2326,생활서비스시설_공원_1414,13444.630
2327,생활서비스시설_공원_1414,661.492
2336,생활서비스시설_공원_1414,2997.259
2340,생활서비스시설_공원_1414,733.714
2341,생활서비스시설_공원_1414,1628.445
2345,생활서비스시설_공원_1414,9708.995
2388,생활서비스시설_공원_1414,2083.965
2390,생활서비스시설_공원_1414,13160.643
2391,생활서비스시설_공원_1414,21535.517
2392,생활서비스시설_공원_1414,93001.434
2393,생활서비스시설_공원_1414,138564.065
2394,생활서비스시설_공원_1414,137982.684
2399,생활서비스시설_공원_1414,5716.513
2405,생활서비스시설_공원_1414,1457.712
2406,생활서비스시설_공원_1414,3189.313
2409,생활서비스시설_공원_1414,2554.581
2411,생활서비스시설_공원_1414,60.806
2412,생활서비스시설_공원_1414,1634.170
2413,생활서비스시설_공원_1414,6353.943
2414,생활서비스시설_공원_1414,628.333
2415,생활서비스시설_공원_1414,804.879
2416,생활서비스시설_공원_1414,523.958
2417,생활서비스시설_공원_1414,354.875
2419,생활서비스시설_공원_1414,638.857
2420,생활서비스시설_공원_1414,1.549
2421,생활서비스시설_공원_1414,270.657
2422,생활서비스시설_공원_1414,11160.900
2423,생활서비스시설_공원_1414,9728.155
2465,생활서비스시설_공원_1414,372.068
2469,생활서비스시설_공원_1414,31067.240
2470,생활서비스시설_공원_1414,137391.770
2471,생활서비스시설_공원_1414,138564.065
2479,생활서비스시설_공원_1414,576.038
2481,생활서비스시설_공원_1414,402.100
2483,생활서비스시설_공원_1414,11737.319
2484,생활서비스시설_공원_1414,13156.705
2488,생활서비스시설_공원_1414,13017.440
2489,생활서비스시설_공원_1414,402.637
2490,생활서비스시설_공원_1414,629.732
2491,생활서비스시설_공원_1414,7133.018
2495,생활서비스시설_공원_1414,759.787
2496,생활서비스시설_공원_1414,2117.388
2497,생활서비스시설_공원_1414,757.869
2498,생활서비스시설_공원_1414,948.567
2500,생활서비스시설_공원_1414,9307.532
2501,생활서비스시설_공원_1414,10493.146
2540,생활서비스시설_공원_1414,50496.826
2543,생활서비스시설_공원_1414,2716.724
2545,생활서비스시설_공원_1414,16952.165
2546,생활서비스시설_공원_1414,123690.271
2547,생활서비스시설_공원_1414,43913.266
2548,생활서비스시설_공원_1414,10908.007
2553,생활서비스시설_공원_1414,2866.706
2557,생활서비스시설_공원_1414,10837.352
2559,생활서비스시설_공원_1414,275.769
2561,생활서비스시설_공원_1414,163.453
2563,생활서비스시설_공원_1414,904.975
2564,생활서비스시설_공원_1414,8803.360
2565,생활서비스시설_공원_1414,1456.949
2566,생활서비스시설_공원_1414,90.755
2567,생활서비스시설_공원_1414,297.505
2570,생활서비스시설_공원_1414,135.793
2571,생활서비스시설_공원_1414,98.430
2577,생활서비스시설_공원_1414,6273.997
2617,생활서비스시설_공원_1414,73782.875
2618,생활서비스시설_공원_1414,6243.604
2619,생활서비스시설_공원_1414,182.017
2620,생활서비스시설_공원_1414,2945.912
2621,생활서비스시설_공원_1414,6995.553
2622,생활서비스시설_공원_1414,7518.380
2623,생활서비스시설_공원_1414,21584.025
2624,생활서비스시설_공원_1414,3631.230
2625,생활서비스시설_공원_1414,1122.070
2630,생활서비스시설_공원_1414,2753.711
2631,생활서비스시설_공원_1414,520.464
2632,생활서비스시설_공원_1414,2124.249
2639,생활서비스시설_공원_1414,2201.002
2641,생활서비스시설_공원_1414,5288.609
2642,생활서비스시설_공원_1414,1650.218
2645,생활서비스시설_공원_1414,615.153
2646,생활서비스시설_공원_1414,316.506
2647,생활서비스시설_공원_1414,2800.661
2648,생활서비스시설_공원_1414,857.884
2649,생활서비스시설_공원_1414,989.109
2650,생활서비스시설_공원_1414,382.241
2651,생활서비스시설_공원_1414,1651.384
2652,생활서비스시설_공원_1414,981.330
2654,생활서비스시설_공원_1414,6.730
2655,생활서비스시설_공원_1414,1143.761
2656,생활서비스시설_공원_1414,5658.979
2657,생활서비스시설_공원_1414,8846.225
2691,생활서비스시설_공원_1414,102415.459
2692,생활서비스시설_공원_1414,91914.396
2693,생활서비스시설_공원_1414,22461.067
2694,생활서비스시설_공원_1414,1009.669
2695,생활서비스시설_공원_1414,123.266
2696,생활서비스시설_공원_1414,250.514
2698,생활서비스시설_공원_1414,10274.240
2701,생활서비스시설_공원_1414,319.098
2706,생활서비스시설_공원_1414,14824.851
2708,생활서비스시설_공원_1414,117.906
2709,생활서비스시설_공원_1414,1543.539
2710,생활서비스시설_공원_1414,3638.023
2713,생활서비스시설_공원_1414,5576.294
2714,생활서비스시설_공원_1414,605.977
2715,생활서비스시설_공원_1414,9839.779
2716,생활서비스시설_공원_1414,4034.638
2718,생활서비스시설_공원_1414,7158.277
2719,생활서비스시설_공원_1414,383.512
2721,생활서비스시설_공원_1414,343.905
2722,생활서비스시설_공원_1414,2550.425
2723,생활서비스시설_공원_1414,32591.792
2724,생활서비스시설_공원_1414,12976.076
2725,생활서비스시설_공원_1414,2741.496
2726,생활서비스시설_공원_1414,10746.596
2727,생활서비스시설_공원_1414,1427.033
2728,생활서비스시설_공원_1414,938.210
2729,생활서비스시설_공원_1414,1748.990
2731,생활서비스시설_공원_1414,5713.626
2732,생활서비스시설_공원_1414,1786.820
2760,생활서비스시설_공원_1414,11264.341
2761,생활서비스시설_공원_1414,441.064
2762,생활서비스시설_공원_1414,398.038
2765,생활서비스시설_공원_1414,194.601
2766,생활서비스시설_공원_1414,1198.090
2767,생활서비스시설_공원_1414,1839.328
2768,생활서비스시설_공원_1414,24368.655
2769,생활서비스시설_공원_1414,1005.202
2770,생활서비스시설_공원_1414,1238.373
2772,생활서비스시설_공원_1414,197.058
2773,생활서비스시설_공원_1414,4434.632
2774,생활서비스시설_공원_1414,7722.023
2775,생활서비스시설_공원_1414,1493.820
2777,생활서비스시설_공원_1414,743.764
2778,생활서비스시설_공원_1414,1376.280
2779,생활서비스시설_공원_1414,9557.345
2784,생활서비스시설_공원_1414,3.810
2785,생활서비스시설_공원_1414,936.536
2788,생활서비스시설_공원_1414,27233.407
2789,생활서비스시설_공원_1414,3093.249
2790,생활서비스시설_공원_1414,1464.352
2792,생활서비스시설_공원_1414,9175.142
2793,생활서비스시설_공원_1414,279.331
2796,생활서비스시설_공원_1414,1028.915
2799,생활서비스시설_공원_1414,56972.845
2800,생활서비스시설_공원_1414,134759.579
2801,생활서비스시설_공원_1414,122301.885
2802,생활서비스시설_공원_1414,101523.812
2803,생활서비스시설_공원_1414,18528.823
2804,생활서비스시설_공원_1414,95479.334
2805,생활서비스시설_공원_1414,23448.726
2835,생활서비스시설_공원_1414,1392.023
2836,생활서비스시설_공원_1414,259.727
2838,생활서비스시설_공원_1414,456.954
2840,생활서비스시설_공원_1414,969.369
2841,생활서비스시설_공원_1414,946.871
2844,생활서비스시설_공원_1414,880.580
2845,생활서비스시설_공원_1414,801.663
2847,생활서비스시설_공원_1414,472.493
2848,생활서비스시설_공원_1414,1598.279
2849,생활서비스시설_공원_1414,3311.995
2850,생활서비스시설_공원_1414,2726.403
2853,생활서비스시설_공원_1414,2080.496
2855,생활서비스시설_공원_1414,24591.779
2859,생활서비스시설_공원_1414,193.331
2862,생활서비스시설_공원_1414,6009.612
2863,생활서비스시설_공원_1414,19291.126
2864,생활서비스시설_공원_1414,15119.642
2866,생활서비스시설_공원_1414,162.893
2867,생활서비스시설_공원_1414,1960.498
2869,생활서비스시설_공원_1414,4179.506
2870,생활서비스시설_공원_1414,37788.358
2871,생활서비스시설_공원_1414,140.287
2873,생활서비스시설_공원_1414,1981.955
2874,생활서비스시설_공원_1414,149.148
2875,생활서비스시설_공원_1414,68387.156
2876,생활서비스시설_공원_1414,114828.106
2877,생활서비스시설_공원_1414,136444.330
2878,생활서비스시설_공원_1414,86948.338
2880,생활서비스시설_공원_1414,123798.455
2881,생활서비스시설_공원_1414,7092.763
2910,생활서비스시설_공원_1414,1928.183
2911,생활서비스시설_공원_1414,1270.638
2912,생활서비스시설_공원_1414,1505.415
2914,생활서비스시설_공원_1414,1326.101
2915,생활서비스시설_공원_1414,1919.152
2918,생활서비스시설_공원_1414,1021.405
2921,생활서비스시설_공원_1414,1514.853
2922,생활서비스시설_공원_1414,1901.477
2923,생활서비스시설_공원_1414,632.097
2924,생활서비스시설_공원_1414,284.673
2925,생활서비스시설_공원_1414,1009.029
2926,생활서비스시설_공원_1414,4869.991
2927,생활서비스시설_공원_1414,986.303
2928,생활서비스시설_공원_1414,103.015
2930,생활서비스시설_공원_1414,1796.520
2935,생활서비스시설_공원_1414,56962.117
2938,생활서비스시설_공원_1414,28765.500
2940,생활서비스시설_공원_1414,514.359
2941,생활서비스시설_공원_1414,1098.286
2942,생활서비스시설_공원_1414,12789.307
2943,생활서비스시설_공원_1414,20322.924
2944,생활서비스시설_공원_1414,180.967
2945,생활서비스시설_공원_1414,7701.010
2946,생활서비스시설_공원_1414,42903.832
2947,생활서비스시설_공원_1414,81876.689
2948,생활서비스시설_공원_1414,869.366
2949,생활서비스시설_공원_1414,12511.402
2950,생활서비스시설_공원_1414,68685.721
2951,생활서비스시설_공원_1414,888.397
2952,생활서비스시설_공원_1414,47106.712
2954,생활서비스시설_공원_1414,81000.759
2955,생활서비스시설_공원_1414,59634.479
2957,생활서비스시설_공원_1414,96135.758
2985,생활서비스시설_공원_1414,867.715
2987,생활서비스시설_공원_1414,2082.579
2988,생활서비스시설_공원_1414,4226.699
2989,생활서비스시설_공원_1414,182.254
2990,생활서비스시설_공원_1414,244.328
2992,생활서비스시설_공원_1414,1050.963
2993,생활서비스시설_공원_1414,982.728
2996,생활서비스시설_공원_1414,204.041
2997,생활서비스시설_공원_1414,1329.068
2998,생활서비스시설_공원_1414,3031.316
2999,생활서비스시설_공원_1414,1811.842
3000,생활서비스시설_공원_1414,210.328
3001,생활서비스시설_공원_1414,28222.357
3002,생활서비스시설_공원_1414,189.396
3003,생활서비스시설_공원_1414,946.178
3005,생활서비스시설_공원_1414,2267.346
3006,생활서비스시설_공원_1414,903.582
3007,생활서비스시설_공원_1414,119.703
3011,생활서비스시설_공원_1414,25233.749
3012,생활서비스시설_공원_1414,2156.937
3013,생활서비스시설_공원_1414,72040.670
3017,생활서비스시설_공원_1414,603.770
3018,생활서비스시설_공원_1414,28370.692
3019,생활서비스시설_공원_1414,163.267
3020,생활서비스시설_공원_1414,2750.614
3021,생활서비스시설_공원_1414,79117.665
3022,생활서비스시설_공원_1414,126792.385
3023,생활서비스시설_공원_1414,51.029
3024,생활서비스시설_공원_1414,999.443
3025,생활서비스시설_공원_1414,7641.311
3026,생활서비스시설_공원_1414,44694.245
3028,생활서비스시설_공원_1414,4529.874
3029,생활서비스시설_공원_1414,49765.031
3030,생활서비스시설_공원_1414,85183.508
3031,생활서비스시설_공원_1414,24346.168
3033,생활서비스시설_공원_1414,98393.029
3062,생활서비스시설_공원_1414,790.615
3063,생활서비스시설_공원_1414,1175.150
3067,생활서비스시설_공원_1414,940.070
3068,생활서비스시설_공원_1414,939.992
3070,생활서비스시설_공원_1414,17433.180
3071,생활서비스시설_공원_1414,4888.591
3072,생활서비스시설_공원_1414,9152.384
3073,생활서비스시설_공원_1414,976.066
3075,생활서비스시설_공원_1414,468.738
3076,생활서비스시설_공원_1414,34442.263
3078,생활서비스시설_공원_1414,810.053
3080,생활서비스시설_공원_1414,992.730
3081,생활서비스시설_공원_1414,685.425
3082,생활서비스시설_공원_1414,2265.100
3083,생활서비스시설_공원_1414,2846.144
3088,생활서비스시설_공원_1414,19300.197
3089,생활서비스시설_공원_1414,66003.318
3094,생활서비스시설_공원_1414,5948.989
3095,생활서비스시설_공원_1414,154.812
3097,생활서비스시설_공원_1414,202.415
3098,생활서비스시설_공원_1414,60226.340
3099,생활서비스시설_공원_1414,3480.181
3101,생활서비스시설_공원_1414,406.005
3102,생활서비스시설_공원_1414,44716.045
3103,생활서비스시설_공원_1414,58325.075
3104,생활서비스시설_공원_1414,51383.045
3105,생활서비스시설_공원_1414,60539.540
3106,생활서비스시설_공원_1414,86214.149
3107,생활서비스시설_공원_1414,103539.628
3108,생활서비스시설_공원_1414,138564.065
3137,생활서비스시설_공원_1414,1669.842
3138,생활서비스시설_공원_1414,357.686
3139,생활서비스시설_공원_1414,36294.810
3140,생활서비스시설_공원_1414,253.270
3142,생활서비스시설_공원_1414,167.356
3143,생활서비스시설_공원_1414,29882.962
3144,생활서비스시설_공원_1414,663.608
3149,생활서비스시설_공원_1414,35663.405
3150,생활서비스시설_공원_1414,2400.249
3151,생활서비스시설_공원_1414,36538.784
3152,생활서비스시설_공원_1414,11329.528
3155,생활서비스시설_공원_1414,493.379
3156,생활서비스시설_공원_1414,3400.296
3158,생활서비스시설_공원_1414,1164.254
3159,생활서비스시설_공원_1414,227.168
3164,생활서비스시설_공원_1414,42083.004
3167,생활서비스시설_공원_1414,8339.774
3169,생활서비스시설_공원_1414,49311.750
3170,생활서비스시설_공원_1414,77843.318
3171,생활서비스시설_공원_1414,16926.289
3173,생활서비스시설_공원_1414,469.223
3174,생활서비스시설_공원_1414,816.082
3177,생활서비스시설_공원_1414,374.444
3178,생활서비스시설_공원_1414,15035.946
3179,생활서비스시설_공원_1414,123778.128
3180,생활서비스시설_공원_1414,69469.290
3181,생활서비스시설_공원_1414,69103.319
3182,생활서비스시설_공원_1414,91454.130
3183,생활서비스시설_공원_1414,110309.657
3212,생활서비스시설_공원_1414,352.621
3215,생활서비스시설_공원_1414,59639.218
3216,생활서비스시설_공원_1414,36522.349
3217,생활서비스시설_공원_1414,428.656
3219,생활서비스시설_공원_1414,539.310
3221,생활서비스시설_공원_1414,17387.699
3223,생활서비스시설_공원_1414,123614.426
3224,생활서비스시설_공원_1414,83505.117
3226,생활서비스시설_공원_1414,57743.623
3227,생활서비스시설_공원_1414,17320.308
3228,생활서비스시설_공원_1414,41677.402
3229,생활서비스시설_공원_1414,1007.403
3231,생활서비스시설_공원_1414,1584.107
3232,생활서비스시설_공원_1414,145.285
3236,생활서비스시설_공원_1414,5710.105
3241,생활서비스시설_공원_1414,24570.703
3243,생활서비스시설_공원_1414,8039.281
3244,생활서비스시설_공원_1414,0.060
3245,생활서비스시설_공원_1414,4375.179
3246,생활서비스시설_공원_1414,768.623
3247,생활서비스시설_공원_1414,53900.229
3248,생활서비스시설_공원_1414,478.220
3249,생활서비스시설_공원_1414,929.417
3251,생활서비스시설_공원_1414,2914.284
3252,생활서비스시설_공원_1414,974.916
3253,생활서비스시설_공원_1414,366.213
3255,생활서비스시설_공원_1414,2555.098
3256,생활서비스시설_공원_1414,29648.289
3257,생활서비스시설_공원_1414,330.465
3258,생활서비스시설_공원_1414,18144.185
3259,생활서비스시설_공원_1414,86181.835
3294,생활서비스시설_공원_1414,8377.350
3295,생활서비스시설_공원_1414,1527.323
3296,생활서비스시설_공원_1414,19887.213
3298,생활서비스시설_공원_1414,62353.259
3299,생활서비스시설_공원_1414,36664.820
3300,생활서비스시설_공원_1414,394.697
3301,생활서비스시설_공원_1414,12584.596
3302,생활서비스시설_공원_1414,3926.368
3303,생활서비스시설_공원_1414,25677.333
3304,생활서비스시설_공원_1414,852.978
3308,생활서비스시설_공원_1414,2148.998
3309,생활서비스시설_공원_1414,916.800
3317,생활서비스시설_공원_1414,60594.698
3318,생활서비스시설_공원_1414,8445.885
3322,생활서비스시설_공원_1414,21077.630
3325,생활서비스시설_공원_1414,1228.768
3326,생활서비스시설_공원_1414,99840.639
3327,생활서비스시설_공원_1414,20221.135
3328,생활서비스시설_공원_1414,227.710
3329,생활서비스시설_공원_1414,100534.620
3330,생활서비스시설_공원_1414,16663.659
3332,생활서비스시설_공원_1414,146.762
3333,생활서비스시설_공원_1414,550.851
3334,생활서비스시설_공원_1414,100210.071
3375,생활서비스시설_공원_1414,78665.294
3377,생활서비스시설_공원_1414,27257.704
3379,생활서비스시설_공원_1414,59872.779
3384,생활서비스시설_공원_1414,5829.092
3395,생활서비스시설_공원_1414,22065.676
3399,생활서비스시설_공원_1414,3050.761
3401,생활서비스시설_공원_1414,6249.303
3403,생활서비스시설_공원_1414,70477.877
3404,생활서비스시설_공원_1414,1022.989
3405,생활서비스시설_공원_1414,99.159
3406,생활서비스시설_공원_1414,20584.825
3407,생활서비스시설_공원_1414,1340.602
3408,생활서비스시설_공원_1414,4915.650
3409,생활서비스시설_공원_1414,11844.962
3410,생활서비스시설_공원_1414,95690.479
3411,생활서비스시설_공원_1414,138564.065
3450,생활서비스시설_공원_1414,13366.572
3451,생활서비스시설_공원_1414,667.181
3452,생활서비스시설_공원_1414,34522.734
3456,생활서비스시설_공원_1414,116316.206
3460,생활서비스시설_공원_1414,2428.760
3461,생활서비스시설_공원_1414,6423.736
3462,생활서비스시설_공원_1414,1813.059
3464,생활서비스시설_공원_1414,1725.673
3465,생활서비스시설_공원_1414,1147.910
3471,생활서비스시설_공원_1414,8806.678
3473,생활서비스시설_공원_1414,5984.804
3474,생활서비스시설_공원_1414,124.207
3475,생활서비스시설_공원_1414,1594.096
3476,생활서비스시설_공원_1414,1035.688
3477,생활서비스시설_공원_1414,11899.597
3478,생활서비스시설_공원_1414,43231.171
3479,생활서비스시설_공원_1414,770.228
3482,생활서비스시설_공원_1414,9985.396
3484,생활서비스시설_공원_1414,97058.229
3485,생활서비스시설_공원_1414,94115.360
3524,생활서비스시설_공원_1414,47109.604
3525,생활서비스시설_공원_1414,2062.931
3526,생활서비스시설_공원_1414,2837.816
3527,생활서비스시설_공원_1414,170.843
3528,생활서비스시설_공원_1414,283.356
3529,생활서비스시설_공원_1414,14111.411
3532,생활서비스시설_공원_1414,138527.896
3533,생활서비스시설_공원_1414,5295.478
3536,생활서비스시설_공원_1414,2453.060
3538,생활서비스시설_공원_1414,1612.377
3541,생활서비스시설_공원_1414,4994.122
3542,생활서비스시설_공원_1414,331.021
3548,생활서비스시설_공원_1414,22443.352
3549,생활서비스시설_공원_1414,9482.049
3550,생활서비스시설_공원_1414,4811.844
3552,생활서비스시설_공원_1414,9769.052
3553,생활서비스시설_공원_1414,43253.611
3554,생활서비스시설_공원_1414,77310.064
3557,생활서비스시설_공원_1414,1940.474
3558,생활서비스시설_공원_1414,2072.576
3559,생활서비스시설_공원_1414,114666.935
3560,생활서비스시설_공원_1414,135919.104
3561,생활서비스시설_공원_1414,136555.630
3601,생활서비스시설_공원_1414,86.218
3602,생활서비스시설_공원_1414,3903.140
3604,생활서비스시설_공원_1414,62331.326
3611,생활서비스시설_공원_1414,1606.803
3612,생활서비스시설_공원_1414,324.438
3613,생활서비스시설_공원_1414,437.202
3617,생활서비스시설_공원_1414,152.204
3618,생활서비스시설_공원_1414,719.139
3619,생활서비스시설_공원_1414,765.769
3624,생활서비스시설_공원_1414,43179.646
3625,생활서비스시설_공원_1414,31570.936
3626,생활서비스시설_공원_1414,3904.142
3627,생활서비스시설_공원_1414,1347.133
3629,생활서비스시설_공원_1414,3124.170
3630,생활서비스시설_공원_1414,89838.609
3631,생활서비스시설_공원_1414,2412.411
3632,생활서비스시설_공원_1414,817.319
3633,생활서비스시설_공원_1414,30.676
3634,생활서비스시설_공원_1414,15334.285
3635,생활서비스시설_공원_1414,50472.567
3636,생활서비스시설_공원_1414,125229.646
3673,생활서비스시설_공원_1414,4374.697
3683,생활서비스시설_공원_1414,52353.917
3684,생활서비스시설_공원_1414,58878.739
3686,생활서비스시설_공원_1414,37526.105
3687,생활서비스시설_공원_1414,206.413
3692,생활서비스시설_공원_1414,359.921
3694,생활서비스시설_공원_1414,1822.677
3695,생활서비스시설_공원_1414,2451.852
3697,생활서비스시설_공원_1414,700.861
3701,생활서비스시설_공원_1414,22510.434
3702,생활서비스시설_공원_1414,46102.597
3704,생활서비스시설_공원_1414,51693.815
3705,생활서비스시설_공원_1414,8778.010
3706,생활서비스시설_공원_1414,3430.039
3707,생활서비스시설_공원_1414,22067.903
3710,생활서비스시설_공원_1414,1601.376
3711,생활서비스시설_공원_1414,63856.021
3712,생활서비스시설_공원_1414,138564.065
3713,생활서비스시설_공원_1414,95706.784
3751,생활서비스시설_공원_1414,150.293
3752,생활서비스시설_공원_1414,7913.979
3759,생활서비스시설_공원_1414,15661.524
3760,생활서비스시설_공원_1414,16744.640
3761,생활서비스시설_공원_1414,19654.713
3762,생활서비스시설_공원_1414,2607.854
3763,생활서비스시설_공원_1414,811.516
3764,생활서비스시설_공원_1414,370.318
3767,생활서비스시설_공원_1414,52881.644
3768,생활서비스시설_공원_1414,38278.538
3770,생활서비스시설_공원_1414,12.756
3777,생활서비스시설_공원_1414,10538.474
3780,생활서비스시설_공원_1414,75608.503
3781,생활서비스시설_공원_1414,45289.787
3782,생활서비스시설_공원_1414,2941.119
3783,생활서비스시설_공원_1414,43.351
3784,생활서비스시설_공원_1414,7081.823
3785,생활서비스시설_공원_1414,1576.710
3786,생활서비스시설_공원_1414,453.273
3787,생활서비스시설_공원_1414,72611.135
3788,생활서비스시설_공원_1414,138564.065
3834,생활서비스시설_공원_1414,113815.703
3835,생활서비스시설_공원_1414,85280.956
3836,생활서비스시설_공원_1414,13942.160
3837,생활서비스시설_공원_1414,51.811
3841,생활서비스시설_공원_1414,15829.464
3843,생활서비스시설_공원_1414,6941.566
3844,생활서비스시설_공원_1414,62754.243
3845,생활서비스시설_공원_1414,617.993
3850,생활서비스시설_공원_1414,1230.025
3854,생활서비스시설_공원_1414,7857.289
3856,생활서비스시설_공원_1414,61105.010
3857,생활서비스시설_공원_1414,138564.065
3858,생활서비스시설_공원_1414,117278.869
3859,생활서비스시설_공원_1414,25046.802
3860,생활서비스시설_공원_1414,90353.122
3861,생활서비스시설_공원_1414,103504.743
3862,생활서비스시설_공원_1414,37786.144
3863,생활서비스시설_공원_1414,2029.737
3864,생활서비스시설_공원_1414,51906.666
3865,생활서비스시설_공원_1414,87717.237
3907,생활서비스시설_공원_1414,77787.995
3908,생활서비스시설_공원_1414,64464.128
3909,생활서비스시설_공원_1414,6432.545
3910,생활서비스시설_공원_1414,19475.902
3911,생활서비스시설_공원_1414,53651.174
3912,생활서비스시설_공원_1414,52480.591
3913,생활서비스시설_공원_1414,3120.817
3914,생활서비스시설_공원_1414,986.612
3915,생활서비스시설_공원_1414,9149.800
3916,생활서비스시설_공원_1414,13929.734
3917,생활서비스시설_공원_1414,6734.091
3920,생활서비스시설_공원_1414,2894.978
3924,생활서비스시설_공원_1414,3611.012
3926,생활서비스시설_공원_1414,6299.466
3931,생활서비스시설_공원_1414,97590.615
3932,생활서비스시설_공원_1414,138564.065
3933,생활서비스시설_공원_1414,138564.065
3934,생활서비스시설_공원_1414,106072.938
3935,생활서비스시설_공원_1414,16762.998
3936,생활서비스시설_공원_1414,45869.751
3937,생활서비스시설_공원_1414,68014.214
3938,생활서비스시설_공원_1414,78122.176
3939,생활서비스시설_공원_1414,1105.075
3940,생활서비스시설_공원_1414,7774.578
3977,생활서비스시설_공원_1414,2632.388
3984,생활서비스시설_공원_1414,15726.489
3985,생활서비스시설_공원_1414,7649.609
3986,생활서비스시설_공원_1414,645.142
3987,생활서비스시설_공원_1414,691.850
3988,생활서비스시설_공원_1414,5600.922
3989,생활서비스시설_공원_1414,48791.373
3990,생활서비스시설_공원_1414,3561.175
3991,생활서비스시설_공원_1414,1785.018
3992,생활서비스시설_공원_1414,9370.843
3998,생활서비스시설_공원_1414,868.060
4000,생활서비스시설_공원_1414,2313.643
4001,생활서비스시설_공원_1414,2774.562
4002,생활서비스시설_공원_1414,1079.378
4003,생활서비스시설_공원_1414,13168.763
4007,생활서비스시설_공원_1414,64598.431
4008,생활서비스시설_공원_1414,138564.065
4009,생활서비스시설_공원_1414,138564.065
4010,생활서비스시설_공원_1414,138564.065
4011,생활서비스시설_공원_1414,23058.593
4012,생활서비스시설_공원_1414,11210.191
4013,생활서비스시설_공원_1414,123.393
4014,생활서비스시설_공원_1414,5120.137
4015,생활서비스시설_공원_1414,23048.204
4016,생활서비스시설_공원_1414,46815.261
4052,생활서비스시설_공원_1414,2653.876
4060,생활서비스시설_공원_1414,31971.207
4061,생활서비스시설_공원_1414,92005.133
4062,생활서비스시설_공원_1414,96970.555
4063,생활서비스시설_공원_1414,25208.130
4064,생활서비스시설_공원_1414,2686.344
4065,생활서비스시설_공원_1414,23970.595
4066,생활서비스시설_공원_1414,35091.850
4069,생활서비스시설_공원_1414,1895.852
4070,생활서비스시설_공원_1414,1142.888
4071,생활서비스시설_공원_1414,631.612
4074,생활서비스시설_공원_1414,808.349
4078,생활서비스시설_공원_1414,1578.002
4079,생활서비스시설_공원_1414,30637.751
4083,생활서비스시설_공원_1414,110766.908
4084,생활서비스시설_공원_1414,138564.065
4085,생활서비스시설_공원_1414,126901.254
4086,생활서비스시설_공원_1414,52131.332
4088,생활서비스시설_공원_1414,21719.892
4089,생활서비스시설_공원_1414,327.897
4091,생활서비스시설_공원_1414,9622.899
4092,생활서비스시설_공원_1414,125763.496
4129,생활서비스시설_공원_1414,3788.284
4136,생활서비스시설_공원_1414,65349.220
4137,생활서비스시설_공원_1414,63886.528
4138,생활서비스시설_공원_1414,108619.002
4139,생활서비스시설_공원_1414,73550.881
4140,생활서비스시설_공원_1414,8748.793
4141,생활서비스시설_공원_1414,3335.783
4142,생활서비스시설_공원_1414,17192.788
4145,생활서비스시설_공원_1414,81187.061
4146,생활서비스시설_공원_1414,21428.526
4147,생활서비스시설_공원_1414,1208.569
4155,생활서비스시설_공원_1414,1836.720
4160,생활서비스시설_공원_1414,110627.772
4161,생활서비스시설_공원_1414,111004.405
4162,생활서비스시설_공원_1414,20380.744
4164,생활서비스시설_공원_1414,125.512
4166,생활서비스시설_공원_1414,1616.909
4167,생활서비스시설_공원_1414,1041.917
4168,생활서비스시설_공원_1414,26803.213
4211,생활서비스시설_공원_1414,112501.517
4212,생활서비스시설_공원_1414,4631.998
4213,생활서비스시설_공원_1414,107.596
4215,생활서비스시설_공원_1414,3744.704
4216,생활서비스시설_공원_1414,1596.826
4217,생활서비스시설_공원_1414,1329.123
4220,생활서비스시설_공원_1414,27207.376
4221,생활서비스시설_공원_1414,135654.929
4222,생활서비스시설_공원_1414,50254.204
4223,생활서비스시설_공원_1414,8231.755
4229,생활서비스시설_공원_1414,26594.944
4230,생활서비스시설_공원_1414,54117.502
4231,생활서비스시설_공원_1414,58173.974
4235,생활서비스시설_공원_1414,6916.481
4236,생활서비스시설_공원_1414,75853.742
4237,생활서비스시설_공원_1414,16181.034
4241,생활서비스시설_공원_1414,1634.860
4243,생활서비스시설_공원_1414,33.292
4244,생활서비스시설_공원_1414,15979.290
4288,생활서비스시설_공원_1414,105949.089
4289,생활서비스시설_공원_1414,21260.063
4291,생활서비스시설_공원_1414,582.791
4292,생활서비스시설_공원_1414,1206.686
4293,생활서비스시설_공원_1414,6899.071
4300,생활서비스시설_공원_1414,15094.800
4306,생활서비스시설_공원_1414,3234.611
4307,생활서비스시설_공원_1414,6220.464
4311,생활서비스시설_공원_1414,19069.890
4312,생활서비스시설_공원_1414,3287.096
4313,생활서비스시설_공원_1414,324.612
4314,생활서비스시설_공원_1414,995.333
4315,생활서비스시설_공원_1414,5705.443
4316,생활서비스시설_공원_1414,978.868
4318,생활서비스시설_공원_1414,22.895
4361,생활서비스시설_공원_1414,2209.378
4362,생활서비스시설_공원_1414,76891.439
4364,생활서비스시설_공원_1414,124673.948
4365,생활서비스시설_공원_1414,105558.141
4366,생활서비스시설_공원_1414,99926.440
4367,생활서비스시설_공원_1414,23367.698
4368,생활서비스시설_공원_1414,8114.755
4371,생활서비스시설_공원_1414,13726.997
4372,생활서비스시설_공원_1414,129261.900
4374,생활서비스시설_공원_1414,137482.772
4375,생활서비스시설_공원_1414,119168.354
4376,생활서비스시설_공원_1414,26408.915
4377,생활서비스시설_공원_1414,2871.422
4386,생활서비스시설_공원_1414,27958.991
4387,생활서비스시설_공원_1414,1435.896
4388,생활서비스시설_공원_1414,25897.806
4392,생활서비스시설_공원_1414,1007.496
4393,생활서비스시설_공원_1414,1603.113
4394,생활서비스시설_공원_1414,2105.440
4395,생활서비스시설_공원_1414,15308.375
4437,생활서비스시설_공원_1414,4356.228
4439,생활서비스시설_공원_1414,20331.043
4441,생활서비스시설_공원_1414,101879.981
4442,생활서비스시설_공원_1414,132222.517
4443,생활서비스시설_공원_1414,120656.604
4444,생활서비스시설_공원_1414,113056.085
4445,생활서비스시설_공원_1414,14628.704
4448,생활서비스시설_공원_1414,6716.123
4449,생활서비스시설_공원_1414,61015.520
4452,생활서비스시설_공원_1414,138564.065
4453,생활서비스시설_공원_1414,15874.908
4462,생활서비스시설_공원_1414,40364.573
4463,생활서비스시설_공원_1414,4338.887
4464,생활서비스시설_공원_1414,3244.642
4465,생활서비스시설_공원_1414,3047.362
4467,생활서비스시설_공원_1414,5494.079
4468,생활서비스시설_공원_1414,1358.864
4470,생활서비스시설_공원_1414,22.738
4471,생활서비스시설_공원_1414,962.560
4472,생활서비스시설_공원_1414,38091.030
4510,생활서비스시설_공원_1414,28170.544
4511,생활서비스시설_공원_1414,92961.689
4512,생활서비스시설_공원_1414,26859.632
4514,생활서비스시설_공원_1414,7440.002
4515,생활서비스시설_공원_1414,1153.893
4516,생활서비스시설_공원_1414,1341.251
4517,생활서비스시설_공원_1414,18311.050
4518,생활서비스시설_공원_1414,10124.229
4519,생활서비스시설_공원_1414,2555.311
4520,생활서비스시설_공원_1414,5841.318
4522,생활서비스시설_공원_1414,5788.170
4524,생활서비스시설_공원_1414,81070.183
4525,생활서비스시설_공원_1414,130510.242
4526,생활서비스시설_공원_1414,119784.766
4528,생활서비스시설_공원_1414,135319.186
4529,생활서비스시설_공원_1414,43447.965
4531,생활서비스시설_공원_1414,91.421
4532,생활서비스시설_공원_1414,950.886
4537,생활서비스시설_공원_1414,56523.115
4539,생활서비스시설_공원_1414,8208.224
4540,생활서비스시설_공원_1414,1004.831
4541,생활서비스시설_공원_1414,939.701
4542,생활서비스시설_공원_1414,87272.477
4543,생활서비스시설_공원_1414,62977.672
4544,생활서비스시설_공원_1414,53372.514
4545,생활서비스시설_공원_1414,21391.624
4547,생활서비스시설_공원_1414,37224.462
4584,생활서비스시설_공원_1414,26240.182
4585,생활서비스시설_공원_1414,55909.250
4587,생활서비스시설_공원_1414,45113.833
4588,생활서비스시설_공원_1414,137022.728
4589,생활서비스시설_공원_1414,18445.909
4591,생활서비스시설_공원_1414,8625.680
4592,생활서비스시설_공원_1414,4189.910
4594,생활서비스시설_공원_1414,6412.714
4595,생활서비스시설_공원_1414,2002.337
4598,생활서비스시설_공원_1414,12177.599
4600,생활서비스시설_공원_1414,14684.679
4601,생활서비스시설_공원_1414,117465.743
4602,생활서비스시설_공원_1414,67788.304
4603,생활서비스시설_공원_1414,109760.512
4604,생활서비스시설_공원_1414,79956.172
4605,생활서비스시설_공원_1414,37087.107
4606,생활서비스시설_공원_1414,2416.576
4607,생활서비스시설_공원_1414,12822.019
4613,생활서비스시설_공원_1414,52853.392
4614,생활서비스시설_공원_1414,9933.715
4615,생활서비스시설_공원_1414,1352.276
4616,생활서비스시설_공원_1414,5043.266
4617,생활서비스시설_공원_1414,61679.763
4618,생활서비스시설_공원_1414,80799.123
4619,생활서비스시설_공원_1414,38198.044
4620,생활서비스시설_공원_1414,54609.680
4621,생활서비스시설_공원_1414,35287.965
4623,생활서비스시설_공원_1414,45140.219
4652,생활서비스시설_공원_1414,862.843
4659,생활서비스시설_공원_1414,43548.036
4660,생활서비스시설_공원_1414,83927.894
4661,생활서비스시설_공원_1414,3637.001
4662,생활서비스시설_공원_1414,21689.158
4663,생활서비스시설_공원_1414,124590.168
4664,생활서비스시설_공원_1414,79573.260
4665,생활서비스시설_공원_1414,71406.826
4666,생활서비스시설_공원_1414,12918.200
4667,생활서비스시설_공원_1414,2773.790
4668,생활서비스시설_공원_1414,19009.957
4669,생활서비스시설_공원_1414,47362.804
4670,생활서비스시설_공원_1414,44126.328
4671,생활서비스시설_공원_1414,1571.583
4673,생활서비스시설_공원_1414,4759.635
4675,생활서비스시설_공원_1414,94.507
4676,생활서비스시설_공원_1414,36280.409
4677,생활서비스시설_공원_1414,12348.756
4678,생활서비스시설_공원_1414,11551.622
4679,생활서비스시설_공원_1414,69714.022
4680,생활서비스시설_공원_1414,91728.002
4681,생활서비스시설_공원_1414,14087.249
4682,생활서비스시설_공원_1414,15470.540
4683,생활서비스시설_공원_1414,1268.567
4688,생활서비스시설_공원_1414,23610.599
4689,생활서비스시설_공원_1414,1511.785
4690,생활서비스시설_공원_1414,3728.369
4691,생활서비스시설_공원_1414,11981.456
4692,생활서비스시설_공원_1414,50211.585
4693,생활서비스시설_공원_1414,76842.075
4694,생활서비스시설_공원_1414,909.166
4695,생활서비스시설_공원_1414,81.646
4696,생활서비스시설_공원_1414,1017.429
4697,생활서비스시설_공원_1414,1017.386
4698,생활서비스시설_공원_1414,24082.083
4728,생활서비스시설_공원_1414,54.583
4729,생활서비스시설_공원_1414,219.861
4730,생활서비스시설_공원_1414,1025.756
4731,생활서비스시설_공원_1414,1329.088
4735,생활서비스시설_공원_1414,44998.625
4736,생활서비스시설_공원_1414,24814.796
4738,생활서비스시설_공원_1414,1414.493
4739,생활서비스시설_공원_1414,3222.085
4740,생활서비스시설_공원_1414,6570.047
4741,생활서비스시설_공원_1414,10762.574
4742,생활서비스시설_공원_1414,20257.788
4743,생활서비스시설_공원_1414,18.437
4744,생활서비스시설_공원_1414,55.582
4745,생활서비스시설_공원_1414,5125.059
4746,생활서비스시설_공원_1414,55249.159
4747,생활서비스시설_공원_1414,14504.138
4748,생활서비스시설_공원_1414,11496.234
4753,생활서비스시설_공원_1414,1993.281
4755,생활서비스시설_공원_1414,70261.349
4757,생활서비스시설_공원_1414,36234.795
4758,생활서비스시설_공원_1414,4612.948
4759,생활서비스시설_공원_1414,289.040
4765,생활서비스시설_공원_1414,2324.323
4766,생활서비스시설_공원_1414,56.040
4767,생활서비스시설_공원_1414,6309.057
4768,생활서비스시설_공원_1414,963.848
4769,생활서비스시설_공원_1414,31132.696
4770,생활서비스시설_공원_1414,1003.349
4771,생활서비스시설_공원_1414,983.179
4772,생활서비스시설_공원_1414,1014.518
4773,생활서비스시설_공원_1414,1000.940
4801,생활서비스시설_공원_1414,7155.467
4802,생활서비스시설_공원_1414,4739.754
4803,생활서비스시설_공원_1414,371.575
4808,생활서비스시설_공원_1414,1298.208
4809,생활서비스시설_공원_1414,7727.701
4810,생활서비스시설_공원_1414,16372.521
4812,생활서비스시설_공원_1414,26833.643
4814,생활서비스시설_공원_1414,1518.101
4815,생활서비스시설_공원_1414,4250.206
4816,생활서비스시설_공원_1414,450.036
4817,생활서비스시설_공원_1414,1015.184
4819,생활서비스시설_공원_1414,1468.212
4821,생활서비스시설_공원_1414,3241.568
4822,생활서비스시설_공원_1414,3737.949
4823,생활서비스시설_공원_1414,88.709
4826,생활서비스시설_공원_1414,485.969
4827,생활서비스시설_공원_1414,1945.057
4828,생활서비스시설_공원_1414,1407.837
4829,생활서비스시설_공원_1414,17640.099
4830,생활서비스시설_공원_1414,28290.596
4831,생활서비스시설_공원_1414,1822.864
4832,생활서비스시설_공원_1414,407.864
4833,생활서비스시설_공원_1414,7431.509
4838,생활서비스시설_공원_1414,20836.569
4839,생활서비스시설_공원_1414,6094.351
4840,생활서비스시설_공원_1414,6686.593
4842,생활서비스시설_공원_1414,2326.451
4843,생활서비스시설_공원_1414,5935.709
4848,생활서비스시설_공원_1414,772.860
4849,생활서비스시설_공원_1414,5619.835
4880,생활서비스시설_공원_1414,293.324
4881,생활서비스시설_공원_1414,468.825
4882,생활서비스시설_공원_1414,1577.402
4883,생활서비스시설_공원_1414,827.394
4884,생활서비스시설_공원_1414,2745.184
4886,생활서비스시설_공원_1414,646.059
4887,생활서비스시설_공원_1414,607.598
4888,생활서비스시설_공원_1414,5016.357
4889,생활서비스시설_공원_1414,3003.001
4891,생활서비스시설_공원_1414,132.654
4892,생활서비스시설_공원_1414,205.202
4897,생활서비스시설_공원_1414,6582.866
4898,생활서비스시설_공원_1414,190.603
4899,생활서비스시설_공원_1414,41560.070
4900,생활서비스시설_공원_1414,9272.132
4902,생활서비스시설_공원_1414,1109.796
4903,생활서비스시설_공원_1414,3892.879
4904,생활서비스시설_공원_1414,6445.962
4905,생활서비스시설_공원_1414,32781.446
4906,생활서비스시설_공원_1414,44168.498
4907,생활서비스시설_공원_1414,12659.733
4908,생활서비스시설_공원_1414,133.426
4909,생활서비스시설_공원_1414,24812.383
4917,생활서비스시설_공원_1414,2093.638
4918,생활서비스시설_공원_1414,1150.128
4924,생활서비스시설_공원_1414,995.320
4925,생활서비스시설_공원_1414,1545.537
4926,생활서비스시설_공원_1414,84116.087
4953,생활서비스시설_공원_1414,98604.089
4954,생활서비스시설_공원_1414,548.029
4955,생활서비스시설_공원_1414,843.739
4956,생활서비스시설_공원_1414,71.905
4958,생활서비스시설_공원_1414,676.606
4959,생활서비스시설_공원_1414,2329.770
4960,생활서비스시설_공원_1414,839.849
4962,생활서비스시설_공원_1414,230.762
4963,생활서비스시설_공원_1414,405.212
4966,생활서비스시설_공원_1414,6159.167
4967,생활서비스시설_공원_1414,64.790
4969,생활서비스시설_공원_1414,8000.742
4970,생활서비스시설_공원_1414,25420.287
4971,생활서비스시설_공원_1414,1921.635
4972,생활서비스시설_공원_1414,1425.060
4974,생활서비스시설_공원_1414,731.477
4976,생활서비스시설_공원_1414,694.847
4979,생활서비스시설_공원_1414,3334.283
4980,생활서비스시설_공원_1414,57967.025
4981,생활서비스시설_공원_1414,8659.880
4982,생활서비스시설_공원_1414,474.891
4988,생활서비스시설_공원_1414,37654.232
4989,생활서비스시설_공원_1414,2501.230
4992,생활서비스시설_공원_1414,3109.773
4996,생활서비스시설_공원_1414,6294.200
4997,생활서비스시설_공원_1414,3907.363
4998,생활서비스시설_공원_1414,1451.925
5000,생활서비스시설_공원_1414,1628.929
5001,생활서비스시설_공원_1414,51905.533
5002,생활서비스시설_공원_1414,111421.062
5003,생활서비스시설_공원_1414,110773.867
5028,생활서비스시설_공원_1414,2462.273
5029,생활서비스시설_공원_1414,52595.500
5030,생활서비스시설_공원_1414,79108.214
5032,생활서비스시설_공원_1414,274.851
5033,생활서비스시설_공원_1414,1861.705
5034,생활서비스시설_공원_1414,1266.666
5035,생활서비스시설_공원_1414,1774.521
5036,생활서비스시설_공원_1414,2006.890
5037,생활서비스시설_공원_1414,357.285
5038,생활서비스시설_공원_1414,571.265
5040,생활서비스시설_공원_1414,2198.710
5041,생활서비스시설_공원_1414,59.906
5042,생활서비스시설_공원_1414,53.877
5044,생활서비스시설_공원_1414,14976.013
5045,생활서비스시설_공원_1414,78865.154
5046,생활서비스시설_공원_1414,63854.433
5050,생활서비스시설_공원_1414,1451.440
5052,생활서비스시설_공원_1414,5193.679
5053,생활서비스시설_공원_1414,2643.393
5055,생활서비스시설_공원_1414,28996.905
5057,생활서비스시설_공원_1414,8035.830
5058,생활서비스시설_공원_1414,1548.427
5059,생활서비스시설_공원_1414,6972.693
5066,생활서비스시설_공원_1414,1000.281
5067,생활서비스시설_공원_1414,1239.115
5068,생활서비스시설_공원_1414,27765.479
5069,생활서비스시설_공원_1414,985.193
5070,생활서비스시설_공원_1414,955.860
5076,생활서비스시설_공원_1414,977.590
5077,생활서비스시설_공원_1414,1574.892
5078,생활서비스시설_공원_1414,52675.733
5079,생활서비스시설_공원_1414,111159.461
5080,생활서비스시설_공원_1414,23258.694
5101,생활서비스시설_공원_1414,90.073
5103,생활서비스시설_공원_1414,882.899
5104,생활서비스시설_공원_1414,6655.804
5105,생활서비스시설_공원_1414,81824.994
5106,생활서비스시설_공원_1414,18325.966
5107,생활서비스시설_공원_1414,308.570
5108,생활서비스시설_공원_1414,5837.685
5109,생활서비스시설_공원_1414,290.498
5110,생활서비스시설_공원_1414,388.564
5111,생활서비스시설_공원_1414,69209.002
5112,생활서비스시설_공원_1414,90165.248
5113,생활서비스시설_공원_1414,1630.554
5115,생활서비스시설_공원_1414,211.283
5117,생활서비스시설_공원_1414,2.938
5119,생활서비스시설_공원_1414,192.897
5120,생활서비스시설_공원_1414,13513.236
5122,생활서비스시설_공원_1414,50252.305
5129,생활서비스시설_공원_1414,2563.781
5131,생활서비스시설_공원_1414,587.016
5133,생활서비스시설_공원_1414,53552.976
5134,생활서비스시설_공원_1414,18845.691
5135,생활서비스시설_공원_1414,87207.459
5139,생활서비스시설_공원_1414,2138.261
5141,생활서비스시설_공원_1414,3534.459
5145,생활서비스시설_공원_1414,1651.644
5146,생활서비스시설_공원_1414,3524.044
5147,생활서비스시설_공원_1414,17856.742
5148,생활서비스시설_공원_1414,15368.179
5149,생활서비스시설_공원_1414,986.388
5152,생활서비스시설_공원_1414,915.029
5155,생활서비스시설_공원_1414,22741.434
5156,생활서비스시설_공원_1414,19018.674
5157,생활서비스시설_공원_1414,48468.470
5178,생활서비스시설_공원_1414,979.575
5179,생활서비스시설_공원_1414,1326.058
5180,생활서비스시설_공원_1414,9677.198
5181,생활서비스시설_공원_1414,14213.572
5182,생활서비스시설_공원_1414,29780.368
5184,생활서비스시설_공원_1414,998.855
5185,생활서비스시설_공원_1414,4620.079
5186,생활서비스시설_공원_1414,5303.772
5187,생활서비스시설_공원_1414,8983.450
5188,생활서비스시설_공원_1414,114345.107
5189,생활서비스시설_공원_1414,69195.797
5190,생활서비스시설_공원_1414,65191.509
5191,생활서비스시설_공원_1414,45164.380
5192,생활서비스시설_공원_1414,881.386
5193,생활서비스시설_공원_1414,828.642
5194,생활서비스시설_공원_1414,74.575
5195,생활서비스시설_공원_1414,2638.668
5196,생활서비스시설_공원_1414,49.232
5202,생활서비스시설_공원_1414,5041.706
5203,생활서비스시설_공원_1414,751.555
5207,생활서비스시설_공원_1414,1225.678
5209,생활서비스시설_공원_1414,1993.655
5210,생활서비스시설_공원_1414,1592.758
5211,생활서비스시설_공원_1414,46766.321
5212,생활서비스시설_공원_1414,91919.705
5216,생활서비스시설_공원_1414,1571.652
5217,생활서비스시설_공원_1414,3221.739
5218,생활서비스시설_공원_1414,19015.624
5223,생활서비스시설_공원_1414,643.798
5225,생활서비스시설_공원_1414,1633.544
5226,생활서비스시설_공원_1414,990.150
5227,생활서비스시설_공원_1414,1419.806
5228,생활서비스시설_공원_1414,290.469
5230,생활서비스시설_공원_1414,3812.434
5231,생활서비스시설_공원_1414,13165.438
5232,생활서비스시설_공원_1414,65600.885
5233,생활서비스시설_공원_1414,50511.583
5253,생활서비스시설_공원_1414,1624.725
5254,생활서비스시설_공원_1414,288.458
5255,생활서비스시설_공원_1414,3139.822
5257,생활서비스시설_공원_1414,346.335
5258,생활서비스시설_공원_1414,2635.065
5259,생활서비스시설_공원_1414,2966.214
5260,생활서비스시설_공원_1414,521.295
5262,생활서비스시설_공원_1414,6551.466
5263,생활서비스시설_공원_1414,5277.257
5264,생활서비스시설_공원_1414,88846.956
5265,생활서비스시설_공원_1414,63885.138
5266,생활서비스시설_공원_1414,133478.761
5267,생활서비스시설_공원_1414,101993.077
5268,생활서비스시설_공원_1414,8911.210
5269,생활서비스시설_공원_1414,3680.412
5270,생활서비스시설_공원_1414,5751.300
5271,생활서비스시설_공원_1414,899.645
5272,생활서비스시설_공원_1414,3656.396
5280,생활서비스시설_공원_1414,1101.203
5282,생활서비스시설_공원_1414,870.558
5283,생활서비스시설_공원_1414,964.244
5284,생활서비스시설_공원_1414,9037.979
5285,생활서비스시설_공원_1414,15299.471
5286,생활서비스시설_공원_1414,66672.031
5287,생활서비스시설_공원_1414,86902.750
5288,생활서비스시설_공원_1414,129941.616
5293,생활서비스시설_공원_1414,7644.919
5295,생활서비스시설_공원_1414,135.680
5296,생활서비스시설_공원_1414,1682.875
5297,생활서비스시설_공원_1414,1497.331
5298,생활서비스시설_공원_1414,1183.159
5299,생활서비스시설_공원_1414,890.925
5302,생활서비스시설_공원_1414,1022.614
5304,생활서비스시설_공원_1414,151.395
5305,생활서비스시설_공원_1414,790.312
5306,생활서비스시설_공원_1414,2345.541
5307,생활서비스시설_공원_1414,13362.934
5308,생활서비스시설_공원_1414,53652.121
5309,생활서비스시설_공원_1414,30787.132
5329,생활서비스시설_공원_1414,979.527
5330,생활서비스시설_공원_1414,1009.367
5331,생활서비스시설_공원_1414,10463.687
5332,생활서비스시설_공원_1414,1006.729
5333,생활서비스시설_공원_1414,898.961
5334,생활서비스시설_공원_1414,10417.016
5335,생활서비스시설_공원_1414,74371.039
5336,생활서비스시설_공원_1414,80350.148
5337,생활서비스시설_공원_1414,37302.162
5338,생활서비스시설_공원_1414,15316.146
5339,생활서비스시설_공원_1414,5020.305
5340,생활서비스시설_공원_1414,8957.768
5341,생활서비스시설_공원_1414,25008.932
5342,생활서비스시설_공원_1414,138125.536
5343,생활서비스시설_공원_1414,138564.065
5344,생활서비스시설_공원_1414,79934.226
5345,생활서비스시설_공원_1414,20126.231
5346,생활서비스시설_공원_1414,122994.794
5347,생활서비스시설_공원_1414,7939.350
5349,생활서비스시설_공원_1414,2676.338
5350,생활서비스시설_공원_1414,32079.633
5351,생활서비스시설_공원_1414,21646.393
5352,생활서비스시설_공원_1414,9824.686
5359,생활서비스시설_공원_1414,942.260
5362,생활서비스시설_공원_1414,52152.522
5363,생활서비스시설_공원_1414,48680.710
5364,생활서비스시설_공원_1414,134751.504
5365,생활서비스시설_공원_1414,135288.822
5381,생활서비스시설_공원_1414,371.958
5382,생활서비스시설_공원_1414,4094.932
5383,생활서비스시설_공원_1414,8019.610
5384,생활서비스시설_공원_1414,35867.776
5385,생활서비스시설_공원_1414,3986.561
5401,생활서비스시설_공원_1414,925.312
5402,생활서비스시설_공원_1414,792.084
5404,생활서비스시설_공원_1414,960.505
5406,생활서비스시설_공원_1414,612.541
5407,생활서비스시설_공원_1414,5397.754
5408,생활서비스시설_공원_1414,209.255
5410,생활서비스시설_공원_1414,2858.108
5411,생활서비스시설_공원_1414,73914.164
5412,생활서비스시설_공원_1414,120442.635
5413,생활서비스시설_공원_1414,137221.621
5414,생활서비스시설_공원_1414,134852.690
5415,생활서비스시설_공원_1414,93676.109
5416,생활서비스시설_공원_1414,36711.053
5417,생활서비스시설_공원_1414,24745.067
5418,생활서비스시설_공원_1414,78858.561
5419,생활서비스시설_공원_1414,25341.754
5420,생활서비스시설_공원_1414,384.524
5421,생활서비스시설_공원_1414,60853.642
5422,생활서비스시설_공원_1414,33625.652
5423,생활서비스시설_공원_1414,652.745
5424,생활서비스시설_공원_1414,16023.632
5425,생활서비스시설_공원_1414,93789.588
5426,생활서비스시설_공원_1414,17171.511
5427,생활서비스시설_공원_1414,85566.103
5428,생활서비스시설_공원_1414,16.016
5432,생활서비스시설_공원_1414,1017.699
5433,생활서비스시설_공원_1414,0.859
5434,생활서비스시설_공원_1414,1072.095
5438,생활서비스시설_공원_1414,618.216
5439,생활서비스시설_공원_1414,8669.070
5440,생활서비스시설_공원_1414,25788.156
5441,생활서비스시설_공원_1414,6958.074
5445,생활서비스시설_공원_1414,1642.807
5447,생활서비스시설_공원_1414,1651.532
5449,생활서비스시설_공원_1414,40992.382
5450,생활서비스시설_공원_1414,27999.386
5453,생활서비스시설_공원_1414,1635.430
5456,생활서비스시설_공원_1414,11722.991
5457,생활서비스시설_공원_1414,21869.619
5458,생활서비스시설_공원_1414,7156.882
5459,생활서비스시설_공원_1414,1494.348
5460,생활서비스시설_공원_1414,8146.224
5461,생활서비스시설_공원_1414,33272.935
5478,생활서비스시설_공원_1414,1525.578
5479,생활서비스시설_공원_1414,89.682
5481,생활서비스시설_공원_1414,14394.425
5482,생활서비스시설_공원_1414,6961.735
5487,생활서비스시설_공원_1414,1376.709
5488,생활서비스시설_공원_1414,41895.483
5489,생활서비스시설_공원_1414,128118.509
5490,생활서비스시설_공원_1414,138564.065
5491,생활서비스시설_공원_1414,133131.947
5492,생활서비스시설_공원_1414,66482.761
5493,생활서비스시설_공원_1414,7147.743
5494,생활서비스시설_공원_1414,8033.771
5496,생활서비스시설_공원_1414,426.793
5499,생활서비스시설_공원_1414,13496.857
5500,생활서비스시설_공원_1414,123423.335
5503,생활서비스시설_공원_1414,21803.814
5505,생활서비스시설_공원_1414,572.988
5507,생활서비스시설_공원_1414,1541.304
5508,생활서비스시설_공원_1414,15465.384
5509,생활서비스시설_공원_1414,7380.518
5511,생활서비스시설_공원_1414,490.128
5514,생활서비스시설_공원_1414,18486.175
5515,생활서비스시설_공원_1414,748.612
5516,생활서비스시설_공원_1414,830.524
5518,생활서비스시설_공원_1414,280.069
5522,생활서비스시설_공원_1414,4575.033
5523,생활서비스시설_공원_1414,2315.371
5525,생활서비스시설_공원_1414,9316.971
5526,생활서비스시설_공원_1414,136370.560
5527,생활서비스시설_공원_1414,686.216
5528,생활서비스시설_공원_1414,1617.414
5533,생활서비스시설_공원_1414,18567.427
5534,생활서비스시설_공원_1414,41256.739
5535,생활서비스시설_공원_1414,10009.677
5536,생활서비스시설_공원_1414,4512.414
5554,생활서비스시설_공원_1414,2805.771
5555,생활서비스시설_공원_1414,1204.102
5557,생활서비스시설_공원_1414,12191.745
5558,생활서비스시설_공원_1414,14969.507
5559,생활서비스시설_공원_1414,3583.674
5562,생활서비스시설_공원_1414,2412.016
5563,생활서비스시설_공원_1414,11408.045
5564,생활서비스시설_공원_1414,20096.294
5565,생활서비스시설_공원_1414,81373.099
5566,생활서비스시설_공원_1414,116633.193
5567,생활서비스시설_공원_1414,64985.676
5568,생활서비스시설_공원_1414,9809.193
5569,생활서비스시설_공원_1414,2113.484
5570,생활서비스시설_공원_1414,3694.757
5571,생활서비스시설_공원_1414,7649.157
5572,생활서비스시설_공원_1414,1068.306
5573,생활서비스시설_공원_1414,650.864
5574,생활서비스시설_공원_1414,7972.769
5575,생활서비스시설_공원_1414,121897.903
5581,생활서비스시설_공원_1414,2859.077
5582,생활서비스시설_공원_1414,2072.986
5584,생활서비스시설_공원_1414,1388.411
5585,생활서비스시설_공원_1414,1409.313
5587,생활서비스시설_공원_1414,18113.312
5588,생활서비스시설_공원_1414,9080.900
5589,생활서비스시설_공원_1414,45957.671
5591,생활서비스시설_공원_1414,3493.948
5592,생활서비스시설_공원_1414,2730.823
5594,생활서비스시설_공원_1414,389.898
5598,생활서비스시설_공원_1414,54052.982
5599,생활서비스시설_공원_1414,1639.976
5600,생활서비스시설_공원_1414,16345.540
5601,생활서비스시설_공원_1414,1276.283
5602,생활서비스시설_공원_1414,23768.131
5607,생활서비스시설_공원_1414,2130.762
5608,생활서비스시설_공원_1414,21261.126
5610,생활서비스시설_공원_1414,35785.867
5611,생활서비스시설_공원_1414,41921.468
5632,생활서비스시설_공원_1414,331.625
5633,생활서비스시설_공원_1414,1511.313
5634,생활서비스시설_공원_1414,1112.634
5635,생활서비스시설_공원_1414,1933.955
5636,생활서비스시설_공원_1414,1479.964
5638,생활서비스시설_공원_1414,1483.947
5639,생활서비스시설_공원_1414,12530.779
5640,생활서비스시설_공원_1414,22411.781
5641,생활서비스시설_공원_1414,17752.301
5642,생활서비스시설_공원_1414,56682.389
5643,생활서비스시설_공원_1414,80947.100
5647,생활서비스시설_공원_1414,330.344
5648,생활서비스시설_공원_1414,201.105
5649,생활서비스시설_공원_1414,297.444
5650,생활서비스시설_공원_1414,450.462
5651,생활서비스시설_공원_1414,103641.453
5652,생활서비스시설_공원_1414,121335.978
5656,생활서비스시설_공원_1414,405.491
5658,생활서비스시설_공원_1414,122.730
5662,생활서비스시설_공원_1414,1318.243
5663,생활서비스시설_공원_1414,14129.240
5664,생활서비스시설_공원_1414,19609.791
5666,생활서비스시설_공원_1414,40538.721
5668,생활서비스시설_공원_1414,763.691
5669,생활서비스시설_공원_1414,226.232
5670,생활서비스시설_공원_1414,891.398
5671,생활서비스시설_공원_1414,2139.575
5674,생활서비스시설_공원_1414,9059.178
5676,생활서비스시설_공원_1414,53667.546
5677,생활서비스시설_공원_1414,5563.378
5680,생활서비스시설_공원_1414,1329.551
5681,생활서비스시설_공원_1414,1309.775
5682,생활서비스시설_공원_1414,235.439
5683,생활서비스시설_공원_1414,22750.252
5684,생활서비스시설_공원_1414,57245.816
5687,생활서비스시설_공원_1414,42192.270
5710,생활서비스시설_공원_1414,12261.090
5711,생활서비스시설_공원_1414,2327.159
5712,생활서비스시설_공원_1414,3009.203
5714,생활서비스시설_공원_1414,1905.314
5715,생활서비스시설_공원_1414,4472.300
5716,생활서비스시설_공원_1414,32957.798
5718,생활서비스시설_공원_1414,1228.803
5719,생활서비스시설_공원_1414,1585.737
5720,생활서비스시설_공원_1414,3487.977
5721,생활서비스시설_공원_1414,2.540
5722,생활서비스시설_공원_1414,1464.086
5723,생활서비스시설_공원_1414,1660.375
5724,생활서비스시설_공원_1414,665.904
5725,생활서비스시설_공원_1414,1008.716
5727,생활서비스시설_공원_1414,34280.395
5728,생활서비스시설_공원_1414,9057.169
5730,생활서비스시설_공원_1414,1396.420
5732,생활서비스시설_공원_1414,9101.768
5734,생활서비스시설_공원_1414,23734.918
5735,생활서비스시설_공원_1414,34144.361
5736,생활서비스시설_공원_1414,60122.701
5737,생활서비스시설_공원_1414,40.300
5738,생활서비스시설_공원_1414,1756.583
5739,생활서비스시설_공원_1414,48.232
5742,생활서비스시설_공원_1414,47823.242
5744,생활서비스시설_공원_1414,1816.274
5746,생활서비스시설_공원_1414,260.804
5750,생활서비스시설_공원_1414,2604.796
5751,생활서비스시설_공원_1414,1461.330
5757,생활서비스시설_공원_1414,16395.635
5759,생활서비스시설_공원_1414,30135.040
5760,생활서비스시설_공원_1414,52429.797
5761,생활서비스시설_공원_1414,584.944
5762,생활서비스시설_공원_1414,4940.612
5787,생활서비스시설_공원_1414,846.768
5788,생활서비스시설_공원_1414,17881.091
5790,생활서비스시설_공원_1414,3892.370
5791,생활서비스시설_공원_1414,25380.885
5792,생활서비스시설_공원_1414,9712.569
5793,생활서비스시설_공원_1414,5137.740
5794,생활서비스시설_공원_1414,22201.108
5795,생활서비스시설_공원_1414,680.567
5796,생활서비스시설_공원_1414,7112.932
5797,생활서비스시설_공원_1414,1130.934
5801,생활서비스시설_공원_1414,1040.148
5804,생활서비스시설_공원_1414,914.310
5805,생활서비스시설_공원_1414,1004.664
5808,생활서비스시설_공원_1414,14468.829
5809,생활서비스시설_공원_1414,72485.137
5810,생활서비스시설_공원_1414,116827.499
5811,생활서비스시설_공원_1414,18953.935
5812,생활서비스시설_공원_1414,64687.549
5813,생활서비스시설_공원_1414,2041.891
5814,생활서비스시설_공원_1414,1871.384
5816,생활서비스시설_공원_1414,1558.103
5817,생활서비스시설_공원_1414,33684.661
5818,생활서비스시설_공원_1414,43651.923
5819,생활서비스시설_공원_1414,980.125
5821,생활서비스시설_공원_1414,177.473
5823,생활서비스시설_공원_1414,793.268
5828,생활서비스시설_공원_1414,11567.791
5829,생활서비스시설_공원_1414,7489.749
5830,생활서비스시설_공원_1414,2008.951
5831,생활서비스시설_공원_1414,1.146
5835,생활서비스시설_공원_1414,24609.841
5836,생활서비스시설_공원_1414,13781.863
5837,생활서비스시설_공원_1414,68895.200
5838,생활서비스시설_공원_1414,26474.101
5839,생활서비스시설_공원_1414,21977.864
5862,생활서비스시설_공원_1414,778.256
5863,생활서비스시설_공원_1414,317.414
5866,생활서비스시설_공원_1414,1763.516
5867,생활서비스시설_공원_1414,12979.705
5869,생활서비스시설_공원_1414,22720.934
5871,생활서비스시설_공원_1414,6216.275
5872,생활서비스시설_공원_1414,4187.546
5873,생활서비스시설_공원_1414,2612.730
5874,생활서비스시설_공원_1414,16292.348
5875,생활서비스시설_공원_1414,1733.904
5877,생활서비스시설_공원_1414,5772.625
5878,생활서비스시설_공원_1414,2076.954
5881,생활서비스시설_공원_1414,4187.910
5882,생활서비스시설_공원_1414,8902.279
5883,생활서비스시설_공원_1414,22407.380
5884,생활서비스시설_공원_1414,3939.312
5885,생활서비스시설_공원_1414,7239.597
5886,생활서비스시설_공원_1414,371.035
5888,생활서비스시설_공원_1414,1677.566
5889,생활서비스시설_공원_1414,2965.912
5890,생활서비스시설_공원_1414,1636.029
5892,생활서비스시설_공원_1414,23716.071
5893,생활서비스시설_공원_1414,16406.664
5894,생활서비스시설_공원_1414,701.871
5895,생활서비스시설_공원_1414,1403.919
5896,생활서비스시설_공원_1414,2738.153
5897,생활서비스시설_공원_1414,2499.713
5898,생활서비스시설_공원_1414,2059.285
5899,생활서비스시설_공원_1414,4781.254
5903,생활서비스시설_공원_1414,39657.943
5904,생활서비스시설_공원_1414,37703.349
5905,생활서비스시설_공원_1414,27674.292
5906,생활서비스시설_공원_1414,10800.967
5907,생활서비스시설_공원_1414,11393.308
5908,생활서비스시설_공원_1414,444.626
5909,생활서비스시설_공원_1414,10194.202
5910,생활서비스시설_공원_1414,20918.577
5911,생활서비스시설_공원_1414,15517.377
5912,생활서비스시설_공원_1414,4724.075
5913,생활서비스시설_공원_1414,82308.386
5939,생활서비스시설_공원_1414,2304.938
5940,생활서비스시설_공원_1414,568.814
5943,생활서비스시설_공원_1414,31049.091
5944,생활서비스시설_공원_1414,11665.808
5945,생활서비스시설_공원_1414,1261.817
5946,생활서비스시설_공원_1414,11470.459
5947,생활서비스시설_공원_1414,4490.179
5948,생활서비스시설_공원_1414,1948.719
5949,생활서비스시설_공원_1414,1707.927
5951,생활서비스시설_공원_1414,2189.623
5952,생활서비스시설_공원_1414,59.673
5953,생활서비스시설_공원_1414,12859.895
5954,생활서비스시설_공원_1414,11558.897
5955,생활서비스시설_공원_1414,429.387
5957,생활서비스시설_공원_1414,1302.918
5958,생활서비스시설_공원_1414,2870.581
5959,생활서비스시설_공원_1414,11978.960
5960,생활서비스시설_공원_1414,16985.909
5961,생활서비스시설_공원_1414,16390.112
5962,생활서비스시설_공원_1414,1014.863
5963,생활서비스시설_공원_1414,16626.306
5964,생활서비스시설_공원_1414,1637.696
5965,생활서비스시설_공원_1414,1612.341
5966,생활서비스시설_공원_1414,14581.828
5967,생활서비스시설_공원_1414,10027.643
5968,생활서비스시설_공원_1414,13159.656
5969,생활서비스시설_공원_1414,835.305
5971,생활서비스시설_공원_1414,7109.745
5976,생활서비스시설_공원_1414,32955.884
5981,생활서비스시설_공원_1414,837.058
5982,생활서비스시설_공원_1414,8732.687
5984,생활서비스시설_공원_1414,9738.288
5985,생활서비스시설_공원_1414,18826.770
5986,생활서비스시설_공원_1414,20668.309
5987,생활서비스시설_공원_1414,3034.206
5988,생활서비스시설_공원_1414,143.663
5989,생활서비스시설_공원_1414,85465.678
6014,생활서비스시설_공원_1414,15209.864
6015,생활서비스시설_공원_1414,5898.787
6016,생활서비스시설_공원_1414,10681.992
6017,생활서비스시설_공원_1414,6786.871
6018,생활서비스시설_공원_1414,228.336
6019,생활서비스시설_공원_1414,22051.600
6021,생활서비스시설_공원_1414,53348.315
6024,생활서비스시설_공원_1414,291.344
6025,생활서비스시설_공원_1414,992.176
6026,생활서비스시설_공원_1414,556.418
6027,생활서비스시설_공원_1414,251.097
6028,생활서비스시설_공원_1414,470.895
6029,생활서비스시설_공원_1414,2048.884
6031,생활서비스시설_공원_1414,1118.059
6033,생활서비스시설_공원_1414,838.874
6035,생활서비스시설_공원_1414,337.621
6036,생활서비스시설_공원_1414,1433.309
6037,생활서비스시설_공원_1414,28173.145
6038,생활서비스시설_공원_1414,21153.077
6039,생활서비스시설_공원_1414,19933.146
6040,생활서비스시설_공원_1414,14841.583
6041,생활서비스시설_공원_1414,16319.653
6042,생활서비스시설_공원_1414,14125.171
6043,생활서비스시설_공원_1414,609.808
6046,생활서비스시설_공원_1414,92368.643
6047,생활서비스시설_공원_1414,21862.005
6050,생활서비스시설_공원_1414,992.102
6051,생활서비스시설_공원_1414,1018.543
6052,생활서비스시설_공원_1414,48347.299
6055,생활서비스시설_공원_1414,22426.662
6057,생활서비스시설_공원_1414,56563.174
6060,생활서비스시설_공원_1414,13292.022
6061,생활서비스시설_공원_1414,15677.318
6062,생활서비스시설_공원_1414,1499.209
6063,생활서비스시설_공원_1414,12287.657
6064,생활서비스시설_공원_1414,109817.808
6065,생활서비스시설_공원_1414,60688.594
6089,생활서비스시설_공원_1414,1084.709
6090,생활서비스시설_공원_1414,13073.373
6093,생활서비스시설_공원_1414,84285.785
6094,생활서비스시설_공원_1414,76820.301
6095,생활서비스시설_공원_1414,1598.220
6102,생활서비스시설_공원_1414,433.596
6103,생활서비스시설_공원_1414,497.272
6105,생활서비스시설_공원_1414,11108.749
6106,생활서비스시설_공원_1414,31205.665
6107,생활서비스시설_공원_1414,4922.022
6108,생활서비스시설_공원_1414,1440.110
6109,생활서비스시설_공원_1414,70.146
6111,생활서비스시설_공원_1414,233.737
6112,생활서비스시설_공원_1414,1175.468
6113,생활서비스시설_공원_1414,3434.900
6114,생활서비스시설_공원_1414,1864.451
6115,생활서비스시설_공원_1414,1614.569
6116,생활서비스시설_공원_1414,6852.389
6117,생활서비스시설_공원_1414,5433.165
6118,생활서비스시설_공원_1414,10.989
6122,생활서비스시설_공원_1414,80682.432
6123,생활서비스시설_공원_1414,137852.026
6124,생활서비스시설_공원_1414,38282.440
6127,생활서비스시설_공원_1414,985.168
6128,생활서비스시설_공원_1414,1034.024
6132,생활서비스시설_공원_1414,17862.702
6134,생활서비스시설_공원_1414,1137.630
6135,생활서비스시설_공원_1414,3548.419
6136,생활서비스시설_공원_1414,11086.086
6137,생활서비스시설_공원_1414,5428.660
6138,생활서비스시설_공원_1414,4050.925
6139,생활서비스시설_공원_1414,4198.867
6140,생활서비스시설_공원_1414,24389.871
6141,생활서비스시설_공원_1414,10104.953
6170,생활서비스시설_공원_1414,68164.961
6171,생활서비스시설_공원_1414,33999.105
6172,생활서비스시설_공원_1414,61778.085
6177,생활서비스시설_공원_1414,3885.954
6178,생활서비스시설_공원_1414,1176.129
6179,생활서비스시설_공원_1414,3023.294
6180,생활서비스시설_공원_1414,55354.489
6181,생활서비스시설_공원_1414,120545.363
6182,생활서비스시설_공원_1414,136891.868
6183,생활서비스시설_공원_1414,65955.157
6184,생활서비스시설_공원_1414,489.894
6185,생활서비스시설_공원_1414,92.881
6186,생활서비스시설_공원_1414,1798.179
6187,생활서비스시설_공원_1414,1884.667
6191,생활서비스시설_공원_1414,1345.027
6192,생활서비스시설_공원_1414,1638.859
6195,생활서비스시설_공원_1414,888.124
6197,생활서비스시설_공원_1414,5524.240
6198,생활서비스시설_공원_1414,115647.814
6199,생활서비스시설_공원_1414,89874.935
6204,생활서비스시설_공원_1414,13580.862
6207,생활서비스시설_공원_1414,52572.424
6208,생활서비스시설_공원_1414,7494.439
6210,생활서비스시설_공원_1414,7877.874
6211,생활서비스시설_공원_1414,1762.526
6212,생활서비스시설_공원_1414,31933.104
6213,생활서비스시설_공원_1414,16.242
6214,생활서비스시설_공원_1414,7801.234
6216,생활서비스시설_공원_1414,1498.955
6217,생활서비스시설_공원_1414,2399.172
6254,생활서비스시설_공원_1414,12949.087
6256,생활서비스시설_공원_1414,2218.330
6257,생활서비스시설_공원_1414,122963.233
6258,생활서비스시설_공원_1414,138564.065
6259,생활서비스시설_공원_1414,134810.829
6260,생활서비스시설_공원_1414,21022.611
6261,생활서비스시설_공원_1414,10.684
6263,생활서비스시설_공원_1414,1495.943
6264,생활서비스시설_공원_1414,2657.009
6265,생활서비스시설_공원_1414,3321.022
6266,생활서비스시설_공원_1414,1284.511
6267,생활서비스시설_공원_1414,1319.471
6272,생활서비스시설_공원_1414,418.768
6274,생활서비스시설_공원_1414,25923.014
6275,생활서비스시설_공원_1414,329.893
6277,생활서비스시설_공원_1414,1518.221
6278,생활서비스시설_공원_1414,947.306
6280,생활서비스시설_공원_1414,1924.137
6284,생활서비스시설_공원_1414,5465.272
6285,생활서비스시설_공원_1414,3146.452
6286,생활서비스시설_공원_1414,145.401
6287,생활서비스시설_공원_1414,30.764
6288,생활서비스시설_공원_1414,3070.225
6289,생활서비스시설_공원_1414,38560.424
6291,생활서비스시설_공원_1414,1475.152
6332,생활서비스시설_공원_1414,2035.706
6333,생활서비스시설_공원_1414,96363.608
6334,생활서비스시설_공원_1414,89580.141
6335,생활서비스시설_공원_1414,3774.811
6338,생활서비스시설_공원_1414,35.802
6339,생활서비스시설_공원_1414,1008.718
6340,생활서비스시설_공원_1414,1991.450
6342,생활서비스시설_공원_1414,124.471
6348,생활서비스시설_공원_1414,1441.808
6350,생활서비스시설_공원_1414,5901.938
6351,생활서비스시설_공원_1414,792.461
6352,생활서비스시설_공원_1414,1109.734
6353,생활서비스시설_공원_1414,1040.908
6354,생활서비스시설_공원_1414,4950.869
6359,생활서비스시설_공원_1414,14616.970
6360,생활서비스시설_공원_1414,1785.816
6362,생활서비스시설_공원_1414,357.683
6363,생활서비스시설_공원_1414,7746.324
6364,생활서비스시설_공원_1414,1657.659
6365,생활서비스시설_공원_1414,37369.049
6409,생활서비스시설_공원_1414,2004.236
6410,생활서비스시설_공원_1414,5929.253
6411,생활서비스시설_공원_1414,52.541
6412,생활서비스시설_공원_1414,966.542
6413,생활서비스시설_공원_1414,1021.077
6414,생활서비스시설_공원_1414,231.902
6415,생활서비스시설_공원_1414,1165.592
6416,생활서비스시설_공원_1414,7180.326
6426,생활서비스시설_공원_1414,38156.255
6427,생활서비스시설_공원_1414,66980.360
6429,생활서비스시설_공원_1414,1036.636
6430,생활서비스시설_공원_1414,5588.982
6435,생활서비스시설_공원_1414,17392.990
6436,생활서비스시설_공원_1414,4801.948
6438,생활서비스시설_공원_1414,35294.083
6439,생활서비스시설_공원_1414,5642.451
6440,생활서비스시설_공원_1414,191.583
6442,생활서비스시설_공원_1414,40345.679
6444,생활서비스시설_공원_1414,1499.024
6486,생활서비스시설_공원_1414,208.747
6487,생활서비스시설_공원_1414,190.697
6489,생활서비스시설_공원_1414,2628.161
6490,생활서비스시설_공원_1414,989.628
6491,생활서비스시설_공원_1414,2620.414
6502,생활서비스시설_공원_1414,69170.172
6503,생활서비스시설_공원_1414,326.407
6510,생활서비스시설_공원_1414,9781.609
6511,생활서비스시설_공원_1414,7660.222
6512,생활서비스시설_공원_1414,6153.088
6513,생활서비스시설_공원_1414,56241.688
6514,생활서비스시설_공원_1414,68333.695
6515,생활서비스시설_공원_1414,25595.056
6516,생활서비스시설_공원_1414,8954.943
6518,생활서비스시설_공원_1414,45593.323
6525,생활서비스시설_공원_1414,2826.828
6564,생활서비스시설_공원_1414,1517.433
6565,생활서비스시설_공원_1414,13161.808
6566,생활서비스시설_공원_1414,98998.426
6580,생활서비스시설_공원_1414,985.840
6588,생활서비스시설_공원_1414,5001.488
6589,생활서비스시설_공원_1414,62334.285
6590,생활서비스시설_공원_1414,44186.130
6591,생활서비스시설_공원_1414,534.936
6592,생활서비스시설_공원_1414,11654.547
6594,생활서비스시설_공원_1414,13002.989
6595,생활서비스시설_공원_1414,45204.494
6640,생활서비스시설_공원_1414,26031.103
6654,생활서비스시설_공원_1414,665.806
6664,생활서비스시설_공원_1414,6839.068
6665,생활서비스시설_공원_1414,15026.617
6666,생활서비스시설_공원_1414,7938.408
6667,생활서비스시설_공원_1414,2992.515
6670,생활서비스시설_공원_1414,8749.928
6671,생활서비스시설_공원_1414,50861.210
6735,생활서비스시설_공원_1414,392.991
6736,생활서비스시설_공원_1414,99.679
6737,생활서비스시설_공원_1414,1187.920
6739,생활서비스시설_공원_1414,10544.502
6740,생활서비스시설_공원_1414,4934.979
6741,생활서비스시설_공원_1414,2550.147
6742,생활서비스시설_공원_1414,1603.130
6743,생활서비스시설_공원_1414,4434.370
6747,생활서비스시설_공원_1414,15580.225
6748,생활서비스시설_공원_1414,11500.121
6749,생활서비스시설_공원_1414,14662.889
6813,생활서비스시설_공원_1414,28955.057
6814,생활서비스시설_공원_1414,97769.132
6815,생활서비스시설_공원_1414,123855.499
6816,생활서비스시설_공원_1414,4802.996
6817,생활서비스시설_공원_1414,2897.816
6818,생활서비스시설_공원_1414,18966.530
6819,생활서비스시설_공원_1414,4837.545
6820,생활서비스시설_공원_1414,2878.762
6821,생활서비스시설_공원_1414,1301.025
6822,생활서비스시설_공원_1414,341.367
6823,생활서비스시설_공원_1414,1558.206
6825,생활서비스시설_공원_1414,10461.004
6826,생활서비스시설_공원_1414,17777.767
6884,생활서비스시설_공원_1414,53984.983
6885,생활서비스시설_공원_1414,13329.568
6886,생활서비스시설_공원_1414,21340.810
6889,생활서비스시설_공원_1414,9519.349
6890,생활서비스시설_공원_1414,138564.065
6891,생활서비스시설_공원_1414,138564.065
6892,생활서비스시설_공원_1414,109571.193
6894,생활서비스시설_공원_1414,15064.445
6895,생활서비스시설_공원_1414,259.571
6896,생활서비스시설_공원_1414,12391.359
6897,생활서비스시설_공원_1414,3072.699
6898,생활서비스시설_공원_1414,13.826
6903,생활서비스시설_공원_1414,19318.652
6904,생활서비스시설_공원_1414,24692.041
6958,생활서비스시설_공원_1414,1638.948
6960,생활서비스시설_공원_1414,7253.958
6961,생활서비스시설_공원_1414,722.407
6964,생활서비스시설_공원_1414,369.241
6965,생활서비스시설_공원_1414,76439.835
6966,생활서비스시설_공원_1414,138564.065
6967,생활서비스시설_공원_1414,138564.065
6968,생활서비스시설_공원_1414,97166.694
6969,생활서비스시설_공원_1414,2940.724
6970,생활서비스시설_공원_1414,90.621
6971,생활서비스시설_공원_1414,9810.208
6972,생활서비스시설_공원_1414,14385.784
6973,생활서비스시설_공원_1414,16641.972
6974,생활서비스시설_공원_1414,12916.799
6975,생활서비스시설_공원_1414,3031.466
6976,생활서비스시설_공원_1414,2002.854
7035,생활서비스시설_공원_1414,102.113
7036,생활서비스시설_공원_1414,22908.800
7040,생활서비스시설_공원_1414,9984.700
7041,생활서비스시설_공원_1414,2771.474
7042,생활서비스시설_공원_1414,78439.488
7043,생활서비스시설_공원_1414,138564.065
7044,생활서비스시설_공원_1414,132687.294
7045,생활서비스시설_공원_1414,42693.742
7046,생활서비스시설_공원_1414,1526.136
7047,생활서비스시설_공원_1414,1543.104
7048,생활서비스시설_공원_1414,27800.777
7049,생활서비스시설_공원_1414,1492.273
7050,생활서비스시설_공원_1414,5212.123
7052,생활서비스시설_공원_1414,18296.098
7053,생활서비스시설_공원_1414,13892.041
7054,생활서비스시설_공원_1414,867.146
7109,생활서비스시설_공원_1414,408.369
7110,생활서비스시설_공원_1414,1437.231
7111,생활서비스시설_공원_1414,3144.287
7113,생활서비스시설_공원_1414,2566.633
7114,생활서비스시설_공원_1414,872.640
7115,생활서비스시설_공원_1414,973.176
7116,생활서비스시설_공원_1414,1514.197
7117,생활서비스시설_공원_1414,967.482
7118,생활서비스시설_공원_1414,68843.802
7119,생활서비스시설_공원_1414,48883.092
7120,생활서비스시설_공원_1414,5619.171
7122,생활서비스시설_공원_1414,13629.489
7123,생활서비스시설_공원_1414,93601.623
7124,생활서비스시설_공원_1414,68385.783
7125,생활서비스시설_공원_1414,1494.428
7126,생활서비스시설_공원_1414,24344.533
7127,생활서비스시설_공원_1414,36321.261
7128,생활서비스시설_공원_1414,11232.138
7129,생활서비스시설_공원_1414,16655.833
7186,생활서비스시설_공원_1414,1565.094
7187,생활서비스시설_공원_1414,165.510
7188,생활서비스시설_공원_1414,2415.594
7190,생활서비스시설_공원_1414,1000.010
7192,생활서비스시설_공원_1414,1078.124
7196,생활서비스시설_공원_1414,476.824
7199,생활서비스시설_공원_1414,14402.963
7200,생활서비스시설_공원_1414,31194.120
7201,생활서비스시설_공원_1414,9182.923
7202,생활서비스시설_공원_1414,17250.505
7203,생활서비스시설_공원_1414,61545.910
7204,생활서비스시설_공원_1414,70926.176
7205,생활서비스시설_공원_1414,92361.357
7206,생활서비스시설_공원_1414,1569.118
7262,생활서비스시설_공원_1414,290.268
7263,생활서비스시설_공원_1414,665.750
7264,생활서비스시설_공원_1414,1346.757
7268,생활서비스시설_공원_1414,247.393
7276,생활서비스시설_공원_1414,21245.707
7277,생활서비스시설_공원_1414,25772.526
7278,생활서비스시설_공원_1414,97729.073
7279,생활서비스시설_공원_1414,118352.521
7281,생활서비스시설_공원_1414,14131.423
7337,생활서비스시설_공원_1414,201.489
7338,생활서비스시설_공원_1414,2414.417
7339,생활서비스시설_공원_1414,26.146
7340,생활서비스시설_공원_1414,976.472
7341,생활서비스시설_공원_1414,994.689
7342,생활서비스시설_공원_1414,1420.376
7343,생활서비스시설_공원_1414,581.367
7344,생활서비스시설_공원_1414,2291.669
7352,생활서비스시설_공원_1414,22017.120
7353,생활서비스시설_공원_1414,11167.444
7354,생활서비스시설_공원_1414,1518.385
7355,생활서비스시설_공원_1414,2663.041
7356,생활서비스시설_공원_1414,85646.280
7412,생활서비스시설_공원_1414,10957.443
7413,생활서비스시설_공원_1414,6413.299
7414,생활서비스시설_공원_1414,18211.616
7416,생활서비스시설_공원_1414,267.169
7428,생활서비스시설_공원_1414,10119.468
7429,생활서비스시설_공원_1414,352.916
7430,생활서비스시설_공원_1414,1761.633
7431,생활서비스시설_공원_1414,1447.204
7432,생활서비스시설_공원_1414,2003.438
7488,생활서비스시설_공원_1414,16432.988
7489,생활서비스시설_공원_1414,21917.822
7490,생활서비스시설_공원_1414,24216.440
7491,생활서비스시설_공원_1414,2312.111
7563,생활서비스시설_공원_1414,4099.270
7564,생활서비스시설_공원_1414,9975.494
7565,생활서비스시설_공원_1414,13796.115
7566,생활서비스시설_공원_1414,15732.811
7581,생활서비스시설_공원_1414,343.739
7582,생활서비스시설_공원_1414,103.102
7639,생활서비스시설_공원_1414,43042.694
7640,생활서비스시설_공원_1414,64919.846
7641,생활서비스시설_공원_1414,87795.479
7642,생활서비스시설_공원_1414,118059.016
7643,생활서비스시설_공원_1414,97604.911
7715,생활서비스시설_공원_1414,26230.861
7716,생활서비스시설_공원_1414,6316.430
7717,생활서비스시설_공원_1414,113746.555
7718,생활서비스시설_공원_1414,100951.846
7791,생활서비스시설_공원_1414,5057.546
7792,생활서비스시설_공원_1414,64549.217
7793,생활서비스시설_공원_1414,6817.103
7794,생활서비스시설_공원_1414,4014.729
7795,생활서비스시설_공원_1414,42695.711
7867,생활서비스시설_공원_1414,7273.631
7870,생활서비스시설_공원_1414,1535.397
