fid,도로길이,도로개수
797,1514.89024675518,12
798,2621.13900806334,30
800,775.686021337859,4
801,15.5334735718215,1
871,4292.61585684347,45
872,3970.06815509321,46
873,5482.91820550711,79
874,5079.69457757453,77
875,4774.0368892683,63
876,2376.30652977857,27
877,347.595164579811,1
945,860.119062939352,4
946,2192.68970240416,17
947,2219.15636251747,19
948,4168.06256203559,39
949,4847.5179168064,66
950,5628.96897621529,85
951,3908.2729987918,50
952,4264.67289182669,39
953,3332.95142199048,24
954,545.067702626066,3
955,675.04976088084,3
1021,1352.50681960362,5
1022,3081.12908828419,23
1023,2406.59077750341,16
1024,3325.29147294023,27
1025,2501.02117780223,17
1026,1452.23001865053,13
1027,1599.06550158935,6
1028,3550.94665723944,30
1029,1779.45964684893,10
1030,1464.59993308141,7
1031,821.725507918856,3
1045,2258.74230141002,23
1098,240.772417286546,2
1099,326.428214717348,2
1100,2956.83426996409,17
1101,1523.69451119724,16
1104,1074.21243795495,4
1105,372.415529282904,4
1106,612.550321412401,3
1107,1942.13166980158,13
1108,428.809628481859,2
1121,856.846627300766,6
1122,1884.42174806572,16
1126,2081.08644127633,6
1174,0,0
1175,573.095962075338,5
1176,1715.14368729721,12
1177,1665.32965863148,8
1179,1597.70728482154,7
1180,621.803063557882,4
1181,1236.31415318969,7
1182,870.002191862217,4
1183,320.541427096451,5
1184,1395.45103078505,12
1185,2192.70762822967,12
1186,4441.69549622429,35
1197,877.961452120918,5
1198,1880.72013210704,10
1251,0,0
1252,1316.23898758771,6
1257,1631.02339844162,14
1258,1702.40910446475,20
1259,118.340131770952,1
1260,669.080575095664,6
1261,3039.32546429868,24
1262,3616.30705837707,30
1263,3708.24530309216,25
1264,1440.07915627314,12
1265,696.785710394491,4
1266,1773.13960720773,12
1268,1016.03883628218,3
1269,484.16399850622,2
1273,3242.07865470941,21
1274,1678.39373261604,12
1275,1377.78518744201,15
1327,68.4630010157481,1
1332,1420.52731324284,7
1333,3524.75957367865,36
1334,3821.08196463666,43
1335,2764.05180542972,29
1336,4749.82914837952,64
1337,5164.7204539313,61
1338,4675.30190900267,35
1339,4161.3045510167,31
1340,2936.23468648941,25
1341,3579.78006752328,28
1342,2345.97693080315,21
1343,600.92413660896,5
1344,995.496750080594,5
1349,3059.92103308542,35
1350,1409.01716077436,16
1351,2226.49234241264,17
1404,1983.19584271382,18
1405,1844.00711741395,9
1407,2512.39860777021,16
1408,2414.22505308248,19
1409,3209.55825651744,27
1410,2373.12220173849,20
1411,1250.15814454948,8
1412,4458.00530942755,50
1413,4678.89697020531,63
1414,4631.8063198542,42
1415,4464.21771028501,33
1416,4969.61050653097,49
1417,2929.36493448807,24
1418,3239.34733438806,25
1419,2744.93294766161,15
1420,1604.74792837261,12
1421,1657.22679970983,5
1425,4162.06172781883,50
1426,2868.97625636639,30
1427,2733.70492113228,21
1428,2069.67873955504,21
1429,1022.65433913522,4
1480,3375.20093378165,37
1481,2577.02615883296,18
1482,1657.57251985375,9
1483,2086.40320596272,14
1484,2044.22444078509,15
1485,2006.40195091589,20
1486,1353.67542396174,9
1487,2470.88016239388,29
1488,4651.13600601948,48
1489,4267.72338991567,40
1490,4443.44266546313,33
1491,4697.26193328892,44
1492,4480.70314696032,43
1493,3392.54026958705,18
1494,3392.89111206653,22
1495,2212.32278811116,16
1496,1846.30591492543,11
1497,1497.31519123903,6
1498,806.809901209501,13
1499,3901.81219514987,45
1500,4131.17349492836,60
1501,3615.64081656326,48
1502,3407.96732968033,37
1504,939.052405939297,8
1557,533.904008188682,5
1558,1312.79512140424,6
1559,1172.13457672339,4
1560,2156.27672572166,16
1561,367.942697975468,5
1562,2854.78116783815,25
1563,4384.77480499825,49
1564,4900.71675555148,54
1565,4728.85136733081,53
1566,4087.85253574474,47
1567,4753.69503880391,50
1568,4721.6222244622,49
1569,3883.23324025298,21
1570,3522.18885863644,27
1571,1651.74678984242,10
1572,504.243087385112,2
1573,580.418234173205,3
1574,2311.05936854741,27
1575,6185.09444771553,71
1576,5413.63482448699,71
1577,3673.90071397097,41
1578,2777.11607864537,40
1584,0,0
1633,1225.4941807393,5
1634,1655.609429023,9
1635,1279.74481004833,4
1636,1766.93672725223,15
1637,4105.06768818543,37
1638,4472.4979028958,49
1639,4323.97276386644,47
1640,4023.01395650098,44
1641,5073.05828751893,57
1642,4758.55857574014,52
1643,4509.25377644402,37
1644,4367.43340646543,31
1645,2854.21610862154,26
1646,3647.01071147596,32
1647,3044.3452800076,28
1648,335.737493277889,2
1649,375.96384940468,3
1650,3697.89609064143,50
1651,6026.88066955215,83
1652,2769.06565999107,30
1653,2604.24894532261,21
1710,666.083687642085,4
1711,1738.96665047105,11
1712,1842.58870883579,12
1713,3630.1577920789,33
1714,2926.46184764856,31
1715,2411.84531487551,28
1716,115.396855692414,3
1717,979.633493625216,10
1718,3102.9777856383,31
1719,4789.22159529383,62
1720,4377.08957331688,35
1721,5185.93306517083,47
1722,4278.69161821531,33
1723,2340.05615719666,15
1724,1246.84478142527,9
1725,308.206497413035,2
1726,2371.75960746539,21
1727,4029.13894545171,53
1728,5672.70736234801,64
1729,1694.48230676485,18
1730,3980.92610264589,34
1731,3901.32176348144,34
1732,4071.50668654078,39
1786,1084.5005383709,4
1787,1522.92854513536,7
1788,3065.95830812023,20
1789,1447.66858676374,18
1790,1522.76395081978,19
1791,1335.657709998,17
1793,2333.89044956818,23
1794,4635.15804834267,38
1795,4383.35057775278,35
1796,3922.9146191483,28
1797,4260.25524907942,33
1798,2484.78558322459,16
1799,547.33622027992,5
1800,1190.86698892281,6
1801,1387.73384996755,5
1802,2786.12766930839,33
1803,4158.14927678419,59
1804,1926.65982347944,20
1805,3084.34194279602,20
1806,1806.49450344272,23
1863,1133.88613748851,5
1864,1152.62708026736,6
1865,3180.74320161687,37
1866,3897.49520388191,36
1867,4304.55043412905,45
1868,2023.4470507185,22
1869,576.659816820056,7
1870,4318.52880168025,42
1871,4616.76378052006,48
1872,4322.84652002327,40
1873,3979.92462462176,29
1874,3325.67622183798,19
1875,646.59731565888,6
1876,914.190859122161,4
1877,734.373618850619,2
1878,2605.04883948196,17
1879,2606.87829305523,19
1880,1366.31022201427,9
1881,1343.78488588126,7
1882,1783.09706739398,9
1935,2026.37895872072,7
1940,2110.80623913077,14
1941,3400.82218746169,37
1942,4594.22682410694,40
1943,3055.12752977349,28
1944,4792.59049313829,46
1945,4402.8334565859,38
1946,4797.31484810387,45
1947,3902.60496021056,28
1948,1063.18449235428,10
1949,2140.80983323392,15
1950,651.532780094647,2
1951,1052.60749128487,4
1952,807.172060190464,3
1953,1626.74464158804,15
1954,2012.50488161161,18
1955,3300.89330454285,41
1956,1637.29602901164,9
1957,228.608364404172,3
2012,1253.0124280046,4
2017,2035.5559548511,14
2018,2750.83803917383,25
2019,2686.9612856091,21
2020,2780.48669021967,30
2021,4453.32437056287,38
2022,3788.11313990566,36
2023,2108.92739991802,19
2024,703.671240272045,3
2025,1145.51213802016,7
2026,956.559918184786,5
2027,1946.12755526954,9
2028,793.689074113341,3
2029,1108.31250976767,6
2030,578.456876479081,5
2031,1662.22657945335,8
2032,2990.36234928754,16
2033,2129.62423553886,5
2087,0,0
2088,1110.61883604536,4
2093,1887.4709137628,10
2094,2132.588633382,13
2095,4576.84797052151,41
2096,2764.66198769391,28
2097,1852.80097806636,12
2098,319.405127835767,1
2099,1299.18336926556,5
2100,1047.32101560295,5
2101,3298.29553167968,25
2102,2416.02629868023,18
2103,2089.96176285106,18
2104,720.862700217627,4
2105,2526.36170131495,8
2106,2573.66461826622,11
2107,2113.23174472703,7
2108,1441.19591786106,7
2109,1820.6739613435,8
2110,1794.23425084441,8
2163,0,0
2164,0,0
2165,769.702802468056,2
2170,2519.08180126016,13
2171,3598.72225848461,30
2172,1866.67645119437,18
2173,845.922148132799,3
2174,607.194556309659,3
2175,1198.84967862289,5
2176,738.185709641761,5
2177,1666.31298948931,10
2178,3197.03102177266,28
2179,2407.05498674717,18
2180,1685.38709021068,5
2181,2860.91297315517,24
2182,3345.38937913214,31
2183,1401.7481853554,9
2184,1505.63204471422,10
2185,642.056401960261,8
2186,200.278550311481,2
2187,933.819199401405,5
2189,830.837799278775,3
2190,2172.98468770076,13
2236,712.367701830042,2
2237,1026.86750374662,4
2238,954.252397326566,3
2239,351.662812375502,1
2240,363.115594547384,1
2241,882.602913819975,3
2246,1410.75811183624,10
2247,2788.2009468362,20
2248,818.788273491921,5
2249,931.107034787873,3
2250,658.530075631914,2
2251,560.950114201817,2
2252,1365.2529702709,5
2253,2525.0960813649,12
2254,2042.58065146515,10
2255,2369.85890970903,17
2256,2385.81246312767,16
2257,3656.14904165537,42
2258,965.853065232344,11
2259,1921.25705608193,16
2260,3491.83013622092,43
2261,4968.79860495263,71
2262,5505.05638003727,76
2263,5939.3267473518,97
2264,4254.904465217,42
2265,1284.78090510805,10
2266,1005.12500129503,3
2267,1716.41228848001,6
2313,1537.29494778837,8
2314,1138.11116074715,8
2315,367.878997291551,1
2316,378.006773191961,2
2317,0,0
2318,411.468626684262,2
2323,812.154926396699,3
2324,1079.32100852973,5
2325,986.998240539432,4
2326,883.597575985017,4
2327,591.42274766134,3
2328,1463.50897809569,5
2329,3878.96018552305,37
2330,2634.82154474504,27
2331,2664.58073692812,17
2332,3666.21529423018,19
2333,1746.25524544523,10
2334,2330.84251490045,17
2335,2319.31327154799,26
2336,5770.9422002266,67
2337,5560.17972654529,72
2338,3898.43062761115,50
2339,6571.66657569415,102
2340,7925.83458719702,139
2341,5651.95430274527,57
2342,778.707773479954,4
2343,1132.19141012673,5
2344,1138.12523527932,8
2345,2009.62562239159,6
2388,1733.22728455415,15
2389,1725.71452115957,12
2390,1405.29725349652,8
2391,1398.96315658522,7
2392,367.867612364347,1
2393,0,0
2394,495.178978505344,2
2399,1315.07489018944,6
2400,2809.66858888369,15
2401,2128.13702235844,10
2402,939.933604661288,3
2403,2089.30114801241,8
2404,2059.70751474771,13
2405,5905.83540089646,79
2406,3082.0450623964,26
2407,3710.32810223905,43
2408,4852.12422892221,48
2409,1568.09893684116,8
2410,1426.32945470819,13
2411,3425.0195121461,31
2412,4127.7654947638,53
2413,3307.83239537845,31
2414,5375.81660923845,73
2415,4850.17381775142,78
2416,5694.19879377803,107
2417,5768.47516650803,79
2418,2371.17985844136,19
2419,2995.34286446468,29
2420,1812.26094125047,11
2421,1772.57861021987,11
2422,1431.61595818605,4
2423,2021.18135429192,7
2465,3180.97523909747,44
2466,1338.64758739749,7
2467,2844.40557566018,27
2469,660.54488458991,2
2470,662.400752812358,2
2471,9.73070152842154,1
2477,3058.86123843537,24
2478,3719.93698405369,26
2479,2371.14474009107,10
2480,2506.04795585626,20
2481,3299.56823340268,36
2482,3397.75124650906,43
2483,1986.90226148006,11
2484,6162.17278099372,81
2485,4700.23439346905,44
2486,3432.35794264855,20
2487,4440.78667884727,21
2488,4438.50228885129,30
2489,3316.3964096161,21
2490,4010.36201750817,55
2491,3534.87163339863,36
2492,1486.50812667667,13
2493,2203.78137547782,29
2494,5046.70619423055,59
2495,2818.15564558542,35
2496,2926.73204879036,25
2497,2583.2786643235,18
2498,3031.13497133605,30
2499,798.247314513979,3
2500,1713.41568680185,7
2501,2229.35128925805,16
2540,2661.0491348342,37
2541,1553.42480689638,15
2542,2561.74021258473,23
2543,3240.41695601423,33
2544,436.942794881556,1
2545,606.176940509996,4
2546,740.522279391083,3
2547,2301.0715020052,16
2548,1540.60580821769,12
2553,3527.02951979666,43
2554,2667.30273312677,23
2555,1971.06027263767,19
2556,3966.87358245529,42
2557,4359.1217036887,51
2558,3188.11597776331,30
2559,961.763388436745,6
2560,3607.06772505491,32
2561,4432.57931544773,58
2562,3003.8499032532,27
2563,3959.33860704293,28
2564,3368.20444685006,23
2565,4952.76622339163,47
2566,6053.20598501668,70
2567,3955.24064378647,37
2568,1267.10794136427,7
2569,2511.29998304679,23
2570,3392.30637755002,32
2571,3366.02261452959,33
2572,2421.75499965761,20
2573,3167.78888553826,34
2574,2810.54994951963,35
2575,1523.210481674,17
2576,1722.18597991919,16
2577,1560.71552042074,10
2617,1544.20189896573,21
2618,2621.2100235359,27
2619,1825.94157983231,17
2620,2558.57899734084,12
2621,1202.32636100628,3
2622,2072.48243582174,9
2623,4109.6102778183,28
2624,3823.30544060888,45
2625,4595.00253460481,53
2630,3210.46985765338,26
2631,1530.60617939706,14
2632,2449.40578353272,26
2633,1467.12972724949,19
2634,4884.83377080401,77
2635,3682.27244048595,42
2636,2814.33542810543,28
2637,1333.15243900883,12
2638,6066.73561723886,93
2639,3366.22419764321,37
2640,5367.14673929997,57
2641,4149.43640069413,52
2642,4857.32679261593,62
2643,5962.52677692344,84
2644,3858.58213611696,30
2645,3918.01589584053,34
2646,4608.53713595054,43
2647,4645.69540506258,63
2648,4829.5735619702,72
2649,4633.81162035153,71
2650,5113.98046130057,80
2651,5787.28946237619,90
2652,5416.6186639178,97
2653,4863.7299594222,53
2654,2637.97320055231,25
2655,1104.94719734007,11
2656,628.924853113465,6
2657,2729.20040439903,14
2691,930.606354868172,10
2692,1406.77808890726,19
2693,2167.97881145234,20
2694,4248.3290799952,38
2695,2414.63008955661,28
2696,2292.64127741814,18
2697,1721.15110994646,22
2698,3673.73515279987,27
2699,5232.30867151117,69
2700,5686.44293549706,85
2701,4986.37450571017,66
2706,3627.31671561486,30
2707,2299.76786716998,21
2708,2832.26841819064,36
2709,3506.76332703008,41
2710,4589.2486051955,47
2711,2725.44997174345,34
2712,3021.03768153733,43
2713,5334.65139105139,69
2714,6491.80189359359,96
2715,3513.03465490171,39
2716,6258.5830791601,94
2717,4917.2511515914,65
2718,4818.45993147507,62
2719,3455.1544462663,40
2720,4562.4738346652,36
2721,4104.68309480436,48
2722,4590.15445272343,59
2723,4003.84826323299,56
2724,5937.38134536612,82
2725,6248.0916967304,84
2726,4715.69669296931,62
2727,5280.78932004806,95
2728,4864.86357812058,83
2729,5424.91446339315,78
2730,5321.11124192571,83
2731,1849.35807239387,20
2732,3797.64349897918,36
2760,2940.15382113981,29
2761,2499.92431031519,29
2762,1642.7435483245,12
2763,2905.19883274783,30
2764,3611.39000571592,36
2765,3431.68281310069,33
2766,3486.39618170906,38
2767,2522.46682629915,28
2768,2816.36468826401,32
2769,4232.6795435625,39
2770,5276.76585050295,65
2771,2566.39887966344,39
2772,858.395667470522,4
2773,3796.37888553298,44
2774,5497.65829566009,46
2775,3837.60700249623,59
2776,4934.15982715132,59
2777,5841.91671605961,69
2778,5523.00679106978,72
2779,2428.0609095456,19
2784,2584.12880398083,16
2785,4086.92496658543,36
2786,4425.35030613354,54
2787,5333.48756346598,61
2788,2686.7431229047,40
2789,6644.69746158813,112
2790,6352.34090022997,114
2791,2020.54682588625,22
2792,3097.95967612359,32
2793,4073.59464473742,46
2794,2225.44179877962,19
2795,4367.84340310831,51
2796,4401.80593410182,43
2797,4488.45150016565,52
2798,3152.47241150866,50
2799,1639.07443636578,26
2800,495.1359487918,6
2801,1357.6048033051,14
2802,608.525088857796,9
2803,4486.77544274199,60
2804,1832.01886319882,33
2805,4775.62633611366,74
2806,4934.28257251127,80
2834,2336.79466516218,19
2835,3556.51166780679,48
2836,4017.15812270546,41
2837,3414.70089483009,33
2838,4006.43552490664,39
2839,3715.61550948296,43
2840,3287.25319448094,37
2841,3948.98653023582,41
2842,1555.53259518767,23
2843,4599.02261927211,45
2844,4548.61651904865,52
2845,4658.7713089731,68
2846,5030.26347323673,70
2847,1090.7884951181,8
2848,1719.90587490634,17
2849,3979.67440331754,44
2850,4222.63237514813,36
2851,1845.64984543492,23
2852,4841.79608962337,61
2853,4444.3495444702,55
2854,3459.88969008348,31
2855,3665.20056717396,46
2859,605.995324628411,2
2860,1389.90262618391,5
2861,2612.89365478786,13
2862,3043.55217962888,19
2863,3321.28434913288,28
2864,6418.97399096511,119
2865,5377.86894041938,83
2866,5155.64956998931,69
2867,1125.4356189322,8
2868,3341.77608062839,40
2869,1787.37555105352,11
2870,1071.33475642558,10
2871,5490.3010327029,77
2872,4983.72593287954,62
2873,4339.12962999075,57
2874,3004.20635992856,40
2875,2570.39364119746,22
2876,632.493531159004,5
2877,236.221310055343,1
2878,1992.05416626299,32
2880,97.5655530756871,3
2881,4301.64550652204,62
2909,4550.50471860652,43
2910,4904.52869159441,53
2911,4220.68695975034,48
2912,4429.05611584988,63
2913,3453.0804553094,33
2914,3642.76625045644,46
2915,3572.11399171471,43
2916,3299.48151352579,41
2917,3812.7457955366,29
2918,4849.31284763672,41
2919,4598.13935010061,42
2920,4756.03894212935,53
2921,4857.82349452819,56
2922,4575.56975664411,63
2923,1479.744958565,17
2924,930.477646306055,7
2925,3768.01057433098,34
2926,5500.45581242333,63
2927,4351.82840288586,55
2928,5004.07189508226,55
2929,4492.99244484355,48
2930,3940.63648099639,40
2931,4667.40788653937,64
2932,2293.68703967463,26
2935,724.892784584727,2
2936,659.845032036736,5
2937,1034.11058806675,5
2938,1468.01984905601,7
2939,2363.55797413013,12
2940,3990.81795828225,49
2941,6083.13768154393,82
2942,2746.24949444981,40
2943,1297.06842177809,10
2944,3698.61917378614,47
2945,4282.41038437977,41
2946,1316.84407782281,9
2947,3155.17488836186,30
2948,5935.44449549576,73
2949,4405.61451555417,50
2950,1979.73518326937,23
2951,5403.45287062023,69
2952,2347.78932880905,34
2954,2515.25036499649,56
2955,2145.46600471673,39
2957,768.634412317591,9
2958,1028.52777347191,7
2981,1801.64616746287,6
2985,4479.44223145302,50
2986,4617.90995510316,51
2987,4034.17135834941,48
2988,4105.86740724016,44
2989,4045.71345814133,45
2990,4763.10770524133,56
2991,3844.00885060768,48
2992,3464.25689077319,38
2993,2288.98133696311,23
2994,4252.95042781818,43
2995,3515.47458352684,44
2996,4212.32038085489,46
2997,4927.57376982221,65
2998,1503.39596298404,14
2999,2460.1259954309,27
3000,3455.53399957334,36
3001,3505.66578128318,43
3002,3974.88607488528,52
3003,5436.03040498683,74
3004,4480.09060822117,49
3005,4510.75030918236,46
3006,4787.46197852305,53
3007,4493.21610807106,53
3011,1430.41933171924,7
3012,1976.52312819687,12
3013,1222.22554650445,5
3014,1444.38962778973,7
3015,2012.89875138699,14
3016,5256.08267059866,68
3017,5570.07618897475,85
3018,2650.55130432679,39
3019,3159.78849675415,26
3020,5078.85909660179,51
3021,1592.26530383792,22
3022,1070.8514684523,5
3023,5765.72111232498,57
3024,4817.574148152,70
3025,2196.95373233819,27
3026,3575.53718842903,46
3027,5570.40054430266,61
3028,4994.61270357175,77
3029,3910.32033265605,56
3030,825.29681759732,13
3031,642.270380099298,2
3033,782.879122151597,3
3062,4136.99875207704,50
3063,4340.46839473604,45
3064,3543.73956235886,33
3065,4117.29131389788,49
3066,4172.54918990508,42
3067,3633.80192810333,42
3068,3317.47733762685,34
3069,4021.89375186795,38
3070,2401.69077989464,22
3071,1008.05975531515,3
3072,1589.03889917496,19
3073,3986.15162253538,51
3074,3675.94757150368,57
3075,5969.93146316944,81
3076,4177.10070562753,49
3078,5319.24046450391,62
3079,5368.4152981282,65
3080,4523.26050517847,51
3081,3847.72980070093,38
3082,3077.7523109225,35
3083,4079.68964113361,54
3088,2115.15221242219,9
3089,808.131273500872,4
3090,1416.58784839835,7
3091,1256.96482286609,6
3092,3442.75272693291,39
3093,3523.24248728886,24
3094,1901.37869112549,14
3095,3784.465256064,37
3096,3579.63466416745,43
3097,4753.61071490147,55
3098,1916.48464182034,21
3099,3498.59629079081,43
3100,6448.32178176831,84
3101,6320.56192740929,76
3102,3820.76702209279,58
3103,4016.79028098371,37
3104,1233.56091683823,27
3105,4535.5955449278,56
3106,289.355189106849,1
3107,876.222298314843,3
3108,82.1458394016942,1
3134,300.490167019031,1
3137,4171.68408271822,48
3138,4501.82070871116,46
3139,2200.01384301713,24
3140,1444.89322158692,12
3141,3977.99867893231,39
3142,4654.61778272345,53
3143,2619.20385845249,26
3144,2993.58942490827,32
3149,3104.23361081837,38
3150,5479.08131471148,74
3151,3823.45506876175,37
3152,4516.78105406753,50
3153,4271.8402703237,56
3154,5096.58364253612,54
3155,4963.13052511756,55
3156,5298.8421547402,75
3157,3824.08587634585,40
3158,1004.7323854889,12
3159,2662.20942729023,25
3164,1138.3201282234,5
3165,1503.14420355412,9
3166,2225.35311715645,11
3167,1833.26539641026,9
3168,2542.48744068095,19
3169,988.130090682494,8
3170,425.206036532547,1
3171,2665.67083569739,27
3172,4308.779946633,45
3173,3774.06651712548,49
3174,4637.67253790768,68
3175,5153.46669771843,76
3176,5333.31768898236,67
3177,5477.31386773262,58
3178,4915.74145937688,65
3179,281.877193042074,5
3180,3229.51302976746,38
3181,2808.8394526099,48
3182,1271.52616009086,16
3183,2222.27241923827,19
3212,1169.40816501313,5
3215,1821.65944793814,18
3216,3135.8497994002,36
3217,3365.36939930468,32
3218,2807.71850096313,27
3219,3396.85323143363,35
3220,2790.39985881956,24
3221,686.83199654958,7
3223,570.832802249603,11
3224,2499.8138345409,30
3226,2564.917456021,26
3227,4857.48163457568,52
3228,2628.38770178318,28
3229,4194.55831793617,46
3230,4231.65426078025,50
3231,3145.2309335738,44
3232,4655.47602677372,66
3233,5331.57095350171,75
3234,1389.6832618493,11
3235,3416.68531567268,35
3236,3400.45817201318,32
3241,966.306046027658,4
3242,1202.9916945429,6
3243,1919.0339545847,10
3244,1422.72061971137,4
3245,2550.24472583521,21
3246,2398.72664597335,32
3247,1853.69534122061,24
3248,4181.83419124633,55
3249,5046.98940256896,69
3250,4676.12696272937,58
3251,5009.91056409719,84
3252,4909.60072142524,63
3253,4671.31813023891,59
3254,5222.29317793725,59
3255,3315.15107041126,48
3256,5309.55255209916,73
3257,6806.4940918109,129
3258,3453.47186749642,42
3259,2999.89635544542,36
3286,748.522557836188,3
3293,774.052451274051,7
3294,485.861114174242,6
3295,1441.1574493731,12
3296,2102.55755600004,19
3298,1990.13021865234,29
3299,1990.29553211084,22
3300,4909.84648001391,44
3301,4561.30190987826,43
3302,4366.82746304425,46
3303,3165.40395554032,39
3304,2441.77301999839,26
3307,1640.65020129844,17
3308,5544.9412163346,65
3309,4717.43567546087,54
3310,2946.29069331218,30
3311,4081.19976662606,53
3317,965.443602966336,3
3318,566.57977124358,3
3319,1542.3095138553,6
3320,2692.40249687528,28
3321,5617.45054171046,82
3322,4233.80551678119,52
3323,5396.6985361781,76
3324,4276.88243732543,50
3325,5273.15307708939,61
3326,1081.074402607,18
3327,4387.22819134529,61
3328,5258.48951210305,72
3329,1412.28265681711,27
3330,5479.12906305989,58
3331,5788.84857795801,63
3332,4763.09807857223,43
3333,5707.93392520906,72
3334,1199.6699545526,15
3361,2675.1822700243,14
3375,1561.06418458125,9
3377,3325.50018482941,40
3379,880.611641671802,7
3384,4420.81587054015,49
3385,5787.7133839995,85
3387,4715.49293349183,55
3388,4578.34357640043,55
3395,1291.15784327666,4
3396,1206.29861995278,5
3397,4261.75311728874,53
3398,5122.50314847809,78
3399,3140.53598468825,27
3400,5889.50337205954,85
3401,3390.5243068106,32
3403,3133.17123638585,42
3404,5488.41217658315,68
3405,4899.67082518863,71
3406,4388.96749761407,53
3407,4850.69835281471,59
3408,4797.14006819525,55
3409,3569.66059100281,50
3410,1928.75534993658,24
3411,437.112856433542,1
3450,3306.51876979492,29
3451,4552.57244049218,55
3452,3386.42865349547,43
3456,362.240597481868,5
3460,4556.93875435918,54
3461,2993.87576136113,42
3462,3123.32843879588,46
3463,4475.87613232995,67
3464,2185.10508002906,25
3465,2738.14413959724,23
3471,1428.22521303757,5
3472,3034.10108900646,30
3473,4243.41701555418,51
3474,2079.69402159972,18
3475,2314.07250684678,26
3476,3704.20972609263,34
3477,3258.56180702254,19
3478,1776.62396201209,23
3479,2291.97850826729,37
3480,3426.19305369514,52
3481,5786.65592821678,90
3482,2363.76006743947,28
3484,1400.20472206693,12
3485,463.081000206431,2
3524,4186.07957604637,76
3525,5478.91355820721,78
3526,5014.17072313511,54
3527,3856.75476653738,54
3528,4581.59545447697,57
3529,1773.49084861918,27
3532,154.215533464744,3
3533,2969.35231416795,32
3536,2234.09947188702,31
3537,4454.07601196359,51
3538,1086.46459714783,12
3539,2864.02040329156,42
3540,3220.2081129226,26
3541,3177.03938157699,33
3542,3576.03072756786,50
3548,995.870074639698,5
3549,2957.43180328757,31
3550,2482.91961674267,20
3551,3000.45346689241,32
3552,4863.61701138914,57
3553,1890.53204153576,13
3554,879.594600328131,6
3555,2424.19267517118,29
3556,4937.78857865984,66
3557,5328.86673654652,74
3558,4723.15439629246,54
3559,1208.81911495644,17
3560,11.5089785342242,1
3561,1058.52026612829,4
3601,2880.60936887768,49
3602,3351.37110793929,41
3604,1295.11426627141,14
3610,1995.75252210134,19
3611,896.01304622528,5
3612,4204.79040089908,41
3613,293.286608996915,4
3614,1498.03060937848,10
3615,2041.51919763851,17
3616,3796.2510339521,41
3617,1622.31331051823,19
3618,2442.34138893145,25
3619,2549.88639387593,22
3624,2027.65245156832,12
3625,1908.59143867192,17
3626,3667.67609278239,32
3627,4365.61843975406,46
3628,3681.78438121515,31
3629,2040.11739627242,18
3630,676.131786004895,5
3631,2192.21398345253,29
3632,5840.07239327291,86
3633,3874.0983875033,34
3634,3645.61705662421,36
3635,1285.45965041324,10
3636,837.206394608164,2
3673,1889.13874132394,14
3683,2746.42391047212,23
3684,536.13672165343,1
3686,2874.93873182761,38
3687,3970.24657517144,68
3688,3293.10523196093,44
3689,2324.09966570021,23
3690,3199.13300571941,36
3691,4293.26594308408,52
3692,3669.62220605697,48
3693,2526.43461424239,22
3694,3760.54106816226,44
3695,4518.25520463301,65
3696,1374.45823812831,13
3697,2963.15437314135,29
3701,4029.61860512908,38
3702,2670.19782559974,33
3704,234.955796270856,4
3705,818.194303129744,6
3706,3846.03171465542,30
3707,1772.02416633475,27
3708,4699.14506702348,67
3709,4943.32606787197,68
3710,5011.98413943502,60
3711,3330.4538738879,38
3712,348.26861591066,2
3713,205.118194939212,2
3750,3493.5112067167,43
3751,2911.17760077524,34
3752,2610.50720600909,27
3759,2268.62554624584,20
3760,3177.38584756571,38
3761,2780.59313526998,41
3762,5040.63371234987,79
3763,6081.71502499853,103
3764,4679.98924614433,52
3765,3197.45389613752,34
3766,6060.86369834322,97
3767,3778.35025300613,59
3768,4693.13683428864,61
3769,4871.18981978729,69
3770,3378.65931237215,46
3771,814.710655098976,3
3772,0,0
3773,3047.06166966288,39
3777,2035.27878989138,18
3778,2881.01378304574,39
3779,1576.09036571955,22
3780,1810.04119220544,18
3781,1630.79404646488,9
3782,2356.59738140716,38
3783,3703.63352708014,55
3784,1450.29610412499,18
3785,5058.21359815245,65
3786,3832.19724401884,45
3787,2627.01229481387,21
3788,748.889652636586,3
3827,3329.51198628862,34
3828,2722.59962413906,32
3829,2577.88200379742,37
3834,1453.56444746594,16
3835,2387.99250322577,30
3836,5030.63412776179,76
3837,3323.36535155002,43
3838,2706.70016572764,40
3839,3907.36077749721,47
3840,5016.51351854635,66
3841,2104.45704564633,33
3842,7096.2849265561,104
3843,6024.68962424395,101
3844,1696.03011784066,15
3845,4466.46136201671,54
3846,4945.44894689414,78
3847,4050.5295609909,41
3848,344.540080300167,3
3849,3437.20053141621,34
3850,2929.47952589171,36
3854,3644.16937446315,40
3855,4757.80883995979,74
3856,2445.25207613816,35
3857,57.0088072385898,1
3858,1144.31763242591,8
3859,3342.96940904569,18
3860,1267.33950949764,12
3861,44.6959122663329,2
3862,3399.30658086088,39
3863,4638.31444157403,55
3864,2128.44657074182,25
3865,1493.2460311915,8
3902,2710.89120847873,26
3907,2239.06183119944,11
3908,2498.41516447202,34
3909,5720.40210231183,95
3910,3374.67418648669,81
3911,3050.02340244701,34
3912,2258.83682559614,36
3913,2823.64761967187,29
3914,3222.45658530013,33
3915,3236.41803233488,38
3916,2803.77913094073,28
3917,5818.61809380227,96
3918,6073.97071129958,110
3919,4704.06152086599,80
3920,3359.54341856423,59
3921,4843.01980459087,65
3922,2354.21032902086,23
3923,1935.78084987057,17
3924,2055.73253850791,12
3925,1958.81713874459,16
3926,1872.476648888,11
3930,2281.00577661738,23
3931,1033.99157739171,13
3932,0,0
3933,0,0
3934,1019.7585974605,8
3935,1187.47980599468,16
3936,3832.12818171935,44
3937,2380.68657335655,28
3938,1706.16168840063,21
3939,5088.674086132,72
3940,4549.18156953695,43
3977,3035.99793105187,23
3978,1827.16185178068,10
3984,1231.34269632234,17
3985,4010.20254059888,45
3986,5730.33846492558,106
3987,5426.69586968216,101
3988,2534.65382478402,21
3989,1635.97554604553,20
3990,734.982441312858,6
3991,2241.00866952766,17
3992,1774.18996205005,12
3993,854.013691993119,11
3994,1179.0072574987,14
3995,3832.21102649743,59
3996,4081.83703923201,56
3997,2594.56502505414,31
3998,3304.30456330387,22
3999,2851.77307569849,36
4000,2830.32918606922,37
4001,132.272568324117,2
4002,2099.45894204799,14
4003,1363.06199635021,9
4007,1997.33977931802,19
4008,0,0
4009,0,0
4010,0,0
4011,1716.29233362604,13
4012,2769.16080015368,28
4013,5222.89120536557,65
4014,4177.58441058317,39
4015,3907.9469941155,36
4016,2428.92407213747,26
4052,3149.79910395859,19
4053,2495.41714079403,19
4060,356.785348982198,2
4061,1031.14651817807,10
4062,1533.26836001935,25
4063,1996.10558014896,15
4064,2703.63731505134,21
4065,1436.65816005572,9
4066,1797.01637406904,14
4067,2913.40899224115,27
4068,2196.67338548771,20
4069,4087.66019066713,44
4070,5379.68287207626,78
4071,4257.87335175036,76
4072,1663.31296315349,30
4073,698.458922567115,10
4074,2550.93982540403,40
4075,1356.41310803,28
4076,0,0
4077,0,0
4078,2188.57434427604,14
4079,1382.90806755563,9
4083,379.131541321564,2
4084,0,0
4085,57.4674177857096,1
4086,1451.62162688733,19
4087,1714.11483829179,23
4088,3581.25064728017,51
4089,5591.30538914409,70
4090,4936.50012745438,43
4091,4464.63284888729,67
4092,562.241223248595,10
4129,3253.27116603632,22
4136,471.090093691765,6
4137,1649.90641565894,15
4138,841.906351558391,10
4139,1249.30258415728,11
4140,1888.46056548641,15
4141,2873.2586769709,22
4142,2006.33748001864,17
4143,3481.74466121598,34
4144,4785.5358563533,59
4145,3584.32532371407,45
4146,5157.46244493856,66
4147,5281.98120744135,80
4148,1067.10738793387,16
4149,258.091877830866,1
4150,0,0
4151,324.89463678773,1
4152,0,0
4153,0,0
4154,108.151637788838,1
4155,1860.38293619431,10
4160,619.409851639939,5
4161,625.136132309827,6
4162,2327.93057242478,30
4163,4199.51056264103,48
4164,4733.48610711696,57
4165,4968.1300274605,60
4166,5375.93658867564,67
4167,4521.35073984745,47
4168,2891.03363545036,21
4211,1314.67128519995,12
4212,3110.51068884827,41
4213,5172.23182169121,77
4214,3542.80920315592,52
4215,2819.3855021861,29
4216,3160.11827144959,32
4217,3087.72213794688,21
4218,3140.08147117237,27
4219,2752.15287117274,24
4220,3892.4031906443,48
4221,1249.44323025669,9
4222,3733.92686732059,48
4223,6601.61221880201,106
4224,2225.14232169824,44
4225,0,0
4226,386.116382565032,1
4227,0,0
4228,0,0
4229,0,0
4230,399.358540357132,2
4231,1891.79385193226,7
4235,917.278122022792,5
4236,1676.77704009124,9
4237,3148.9593331327,29
4238,3908.9010745772,32
4239,3164.69676204248,29
4240,3629.58995391143,32
4241,4880.0984364093,55
4242,3901.6180137277,38
4243,1856.75115146435,13
4244,1271.69798103746,5
4288,650.317545479983,2
4289,2628.76319671955,51
4290,4543.12167725871,74
4291,2348.81445896281,30
4292,4627.18749409371,70
4293,4797.63820684846,44
4294,2430.77260144734,19
4295,3037.33557255197,33
4296,3774.02605590885,47
4300,6715.59265852632,91
4301,3173.49744245007,42
4302,2424.5704135253,35
4303,1741.50748851944,19
4304,0,0
4305,0,0
4306,0,0
4307,527.718570007964,3
4311,1098.87722259163,4
4312,838.237646010612,5
4313,2876.40316983469,17
4314,4033.32282427669,37
4315,5068.81368197508,56
4316,4726.4494372909,51
4317,4424.71398640343,50
4318,4507.61568557179,52
4319,2959.63561110492,28
4361,3127.38464370632,29
4362,4469.84917357858,89
4364,99.0636345199046,1
4365,1389.66848394074,21
4366,1489.57021020336,18
4367,5485.63192055223,79
4368,5615.32927016691,70
4369,4999.89048514588,56
4370,3855.30986284677,39
4371,4099.25131224157,36
4372,1538.97015177151,9
4374,1047.68386822057,3
4375,1054.74379666805,11
4376,4245.86170664015,59
4377,5978.0482682686,98
4378,5135.8162833701,75
4379,2780.82815741005,40
4380,796.830244559303,4
4381,928.5501896751,7
4382,1680.57488731047,24
4386,1312.9508351945,4
4387,864.158321851555,4
4388,1491.61467580118,13
4389,2517.621558404,28
4390,3804.18194119048,38
4391,4111.51953974194,41
4392,4485.42023879151,52
4393,3485.10306982676,32
4394,4174.52744586408,53
4395,2317.49331975591,14
4437,2652.38572425071,25
4438,4177.702374283,70
4439,5518.68295212998,97
4441,1082.06428942691,17
4442,142.978741863334,1
4443,540.436313918989,5
4444,1553.82445028143,29
4445,4731.3487996062,65
4446,5261.43064139973,76
4447,5541.11581903971,80
4448,2229.20431141017,32
4449,3153.14568470911,24
4452,454.131954052844,1
4453,4608.21830659081,53
4454,3963.12044571447,34
4455,4649.11798671123,68
4456,1727.13464743619,33
4457,2086.41180030416,16
4458,4847.75800317015,79
4462,1170.76206957944,3
4463,880.331161861993,4
4464,778.591508611049,4
4465,3315.90547170137,25
4466,3209.94791848897,25
4467,3932.17071304,33
4468,4328.05483120753,44
4469,4308.78097417398,41
4470,1642.05636863393,20
4471,1289.88811176202,16
4472,1453.00010868252,9
4510,3910.45411338532,45
4511,620.961890944134,3
4512,2593.38365945114,24
4513,2779.2146903214,30
4514,3471.32146729809,47
4515,4583.56518068498,56
4516,4065.02195135947,54
4517,4286.97943622719,72
4518,461.446083453399,5
4519,4787.6932163668,68
4520,3388.64861153903,39
4521,5794.12521350621,84
4522,4603.7947601148,60
4523,4033.53458400692,54
4524,895.616761740684,13
4525,1598.34155258617,6
4526,1069.13379084046,6
4528,460.647927733687,2
4529,1319.61539591225,16
4530,4939.24309541613,59
4531,7664.31273112255,159
4532,5997.47594599244,109
4533,3794.07996990581,72
4537,1230.63845159293,3
4538,435.88394303208,3
4539,540.742323023813,3
4540,2948.94106117305,22
4541,3803.3327754831,31
4542,1871.05166643056,18
4543,2499.13610857089,23
4544,1917.95220658349,19
4545,2107.45805892353,16
4546,1689.88273670306,12
4547,717.46165837836,4
4584,3425.88163882859,49
4585,4324.97155169793,88
4586,2951.81046165895,43
4587,2405.92295312952,33
4588,338.175995013862,2
4589,2187.19176842903,16
4590,3805.94642269895,62
4591,4561.11829027974,77
4592,4286.84842667849,58
4593,3225.7970245479,41
4594,3078.36517152985,37
4595,2977.31929942053,43
4596,3411.89040911968,48
4597,4131.96884783355,38
4598,4399.46193007654,53
4599,4379.43923410274,58
4600,2847.5807142493,41
4601,768.516715128369,3
4602,923.362891684916,12
4603,622.984632398268,4
4604,2341.37507733579,16
4605,2719.74760505493,23
4606,3012.08777608389,37
4607,3801.71296509631,51
4608,7468.28675528026,133
4609,4795.78314858829,63
4613,1046.40739332686,4
4614,626.002381204103,2
4615,1253.79777729931,7
4616,1082.62616322559,3
4617,1864.2952899835,19
4618,1655.38193556333,16
4619,953.746136130614,5
4620,1521.75977363341,17
4621,2170.08246657607,18
4622,1595.74652400227,10
4623,1534.02732540288,12
4652,4545.23138714081,57
4653,436.227033569819,6
4659,2107.50414765653,26
4660,1933.15890076234,28
4661,6139.95515721932,91
4662,4450.04235414981,68
4663,597.057575112163,5
4664,1367.47646740209,14
4665,2449.49424396287,24
4666,3296.20734477083,57
4667,5017.21664088526,69
4668,3191.12014230507,66
4669,4802.58583272062,92
4670,4226.37141624069,62
4671,7483.62144432893,132
4672,5537.32890766712,82
4673,2220.57029641808,18
4674,5444.99045066494,81
4675,4771.4078040763,67
4676,2017.17108991458,23
4677,4123.81230596115,64
4678,4652.64607770584,64
4679,634.611571339662,5
4680,439.837646357341,4
4681,940.786483312088,11
4682,1548.47093151828,16
4683,4617.45575857569,58
4688,1237.37735721223,6
4689,911.448487707533,5
4690,941.5011042618,5
4691,401.514788937044,1
4692,0,0
4693,367.807973923734,1
4694,1874.43448546662,13
4695,3468.92752852255,26
4696,2591.38776394793,21
4697,3854.77948664429,33
4698,1689.71122434959,11
4723,2464.84581117961,24
4725,919.67957282518,9
4728,5290.72512516441,82
4729,2856.09603327114,44
4730,3284.37195991146,45
4731,1418.03392569596,21
4735,469.61919866768,3
4736,1187.58467893875,6
4737,4908.02353041138,65
4738,5391.01720897715,86
4739,4429.46477418962,55
4740,2792.60343265405,46
4741,2695.33171800642,27
4742,467.818458597546,3
4743,3432.35069373524,37
4744,5818.21734549554,90
4745,5556.4674668389,106
4746,3800.94582523265,47
4747,7641.77815384771,131
4748,6564.55174095152,102
4749,3456.38328771851,32
4750,2312.28619883689,30
4751,6224.38103774295,103
4752,4524.78021809661,51
4753,5286.45800052767,51
4754,2730.32518213766,29
4755,615.893028079055,3
4757,1526.40877399728,11
4758,1525.78656099137,14
4759,4390.13210360995,37
4764,1472.10055739428,9
4765,1460.60767089443,8
4766,1566.46307434995,8
4767,1736.73627897838,10
4768,2359.09262366697,13
4769,801.185938693075,6
4770,2512.10996054684,19
4771,4239.0512068749,30
4772,3509.23365753692,32
4773,3623.73839546315,27
4774,1863.28535446644,16
4800,4704.96814166013,52
4801,4219.96113239384,48
4802,5397.92883936159,51
4803,5616.09808379934,77
4804,5538.78326143481,78
4805,4777.01477044663,67
4806,6262.81749048556,100
4807,5329.83691498061,79
4808,5166.80625484211,74
4809,6636.62095978496,112
4810,4270.27036768437,71
4811,697.019143030416,7
4812,574.021450174397,9
4813,4468.83627933917,51
4814,4653.12728927313,56
4815,5308.33821719454,85
4816,2704.83342575226,28
4817,2860.55962146858,34
4818,3795.32638064317,41
4819,4536.85278159522,53
4820,2701.82898303002,41
4821,1944.88138995544,10
4822,3794.37447450997,54
4823,5400.91924641804,101
4824,5528.1952663956,84
4825,3348.08159621333,24
4826,5855.2185490242,87
4827,5357.90905051013,66
4828,5066.38710584421,61
4829,2923.88207046937,30
4830,1831.73166200108,13
4831,1428.08196921378,8
4832,1430.39578170111,18
4833,1378.87134338345,15
4838,1980.13211280709,9
4839,1414.53007531195,11
4840,2372.50414072256,19
4841,1611.33670501272,13
4842,602.83966243588,2
4843,1064.84313144819,5
4844,258.960056070529,5
4845,2229.59321440849,12
4846,3650.30495003089,30
4847,3023.30734799525,22
4848,3321.5801635241,26
4849,2531.72140078769,16
4880,4666.47575314138,56
4881,3595.08899534551,52
4882,6492.13102463808,105
4883,5325.0691839623,75
4884,6201.85157661106,97
4885,7297.40339264215,132
4886,5811.55347933903,107
4887,5258.27548426433,82
4888,919.973818446449,4
4889,1624.54075885881,5
4890,1167.73127195906,7
4891,1273.2606330863,16
4892,3955.74521084148,45
4893,1891.12112359596,32
4894,5707.41590852677,71
4895,5400.34307553149,62
4896,5196.91734792597,70
4897,3770.34679013436,45
4898,3969.54174441096,59
4899,4590.75525996035,90
4900,5341.40706128991,84
4901,5412.62356432024,65
4902,6289.33535993891,86
4903,5428.48280166983,59
4904,2227.93858120759,29
4905,2480.23280752316,21
4906,3824.35067483073,52
4907,5185.64903546934,76
4908,2128.35061549279,15
4909,2270.64779471196,12
4914,2143.59631835201,15
4915,2513.65747085556,16
4916,3748.64989993079,32
4917,4227.70807968102,49
4918,4937.80629985633,60
4919,3173.21640674885,37
4920,2022.79795150771,10
4921,833.991219957888,6
4922,3558.1074812657,29
4923,2850.13923203596,28
4924,3600.63909262371,31
4925,2173.76589286441,16
4926,21.2741057815681,1
4953,2051.28632891859,27
4954,3050.08187329269,48
4955,5824.51488779893,76
4956,4910.3422141325,52
4957,5779.65482200748,85
4958,5431.09776933459,75
4959,5551.01185503296,82
4960,7066.1696857824,134
4961,7066.4689679824,132
4962,7478.10910632982,131
4963,4830.00949778697,74
4964,2757.85667915131,37
4965,3437.95736737217,44
4966,2328.98976438254,25
4967,1461.81855810795,7
4968,3523.29713845801,44
4969,3506.17041181131,47
4970,3220.73714472505,41
4971,4381.0001733724,59
4972,6003.9583024773,82
4973,5320.58472806188,64
4974,6665.9541352431,84
4975,5425.08308859339,64
4976,4121.89237341796,39
4977,6474.47399806899,85
4978,5622.30258392838,76
4979,2183.41019965693,28
4980,1593.14865546951,28
4981,2120.3510720462,27
4982,5747.91414136859,93
4983,2448.87205862936,38
4988,1119.53498401497,4
4989,1854.24200979609,12
4990,4388.02109608346,38
4991,3923.06450714541,31
4992,3584.97424333248,25
4993,3727.20928428733,27
4994,4219.94335991114,53
4995,2541.34443495282,24
4996,1068.59215190946,8
4997,2383.25351093805,15
4998,2771.20369717274,19
4999,3950.01829579961,37
5000,3202.59598700433,27
5001,1029.35421599419,5
5002,148.650948622454,1
5003,227.657503984178,2
5006,1110.10896266106,8
5028,1701.17537261807,14
5029,930.781476413623,5
5030,1782.85742038047,22
5031,4849.54670024133,57
5032,5247.20654982762,66
5033,6015.53898370149,91
5034,4798.48007632431,63
5035,5296.2079877412,68
5036,3648.93373006945,45
5037,4538.58341162429,67
5038,6726.76493263265,109
5039,5691.79985704018,93
5040,7185.94642892933,135
5041,4209.07585660232,61
5042,1257.7487372665,6
5043,4282.93945486661,60
5044,1565.19589671696,14
5045,1296.61844868822,14
5046,1244.82854006413,5
5050,4335.3764414827,39
5051,4596.04631752417,59
5052,4714.92381600537,43
5053,2194.36058836576,20
5054,1799.31703273177,19
5055,2824.91014498867,41
5056,1452.78850013708,12
5057,1819.80061764011,16
5058,1059.45677568509,9
5059,3140.15844102623,33
5064,1113.38649742646,4
5065,1481.49396228292,8
5066,4032.08986478377,31
5067,4251.12606811501,32
5068,3318.60334489092,24
5069,4081.46776937427,27
5070,4041.08501131029,41
5071,3429.6515511021,22
5072,4037.41056365775,28
5073,2771.15899157101,18
5074,2242.92021261533,10
5075,938.26288161447,5
5076,2730.02928472103,19
5077,1827.99104331831,10
5078,1776.89577509651,5
5079,734.399337101883,5
5080,2262.56694654023,13
5081,2273.25632843681,16
5082,1105.31709556075,5
5083,2003.31268197575,8
5101,2029.60108688493,36
5102,1141.05167583264,16
5103,1786.51890735526,12
5104,1583.57431234852,8
5105,1016.47023330845,4
5106,3613.36097878905,41
5107,3156.24964756638,37
5108,4951.49517022172,53
5109,5871.40150593942,85
5110,6105.47890433762,95
5111,2950.55583159419,46
5112,1195.94968410179,11
5113,3832.99531501641,57
5114,5627.39354169499,76
5115,5805.13212222405,95
5116,4385.14502415592,63
5117,4158.0051229689,48
5118,2962.25283137075,37
5119,3706.44662112879,54
5120,2247.81555072719,29
5121,1733.73392723923,29
5122,377.068782920533,2
5125,4577.41000970399,42
5126,2927.96285648139,35
5127,5613.0393217784,72
5128,3970.32252862528,45
5129,2058.26317646991,24
5130,3569.02665686247,49
5131,5578.11172235145,85
5132,1817.8074708636,24
5133,2958.16487308631,32
5134,2232.99769061379,19
5135,943.124748083069,3
5139,1084.21312474774,4
5140,2073.99439273583,13
5141,3922.33517189359,28
5142,3128.00437624948,22
5143,4517.4502813833,32
5144,3319.42859779238,24
5145,4549.21957911776,32
5146,3976.24341378404,28
5147,3854.10894062029,31
5148,3012.00284217845,23
5149,3018.55826490982,22
5150,2480.02595746774,15
5151,2792.21096277785,28
5152,3204.05800314194,31
5153,263.256089735755,2
5154,397.244302286917,2
5155,1703.00170187034,8
5156,1807.44535704576,6
5157,1269.88535990358,4
5178,4886.41672921104,73
5179,3531.81850991857,43
5180,1713.34725815319,12
5181,1458.79468583869,10
5182,3542.2092110882,42
5183,5695.93566395613,91
5184,3585.56387726511,41
5185,3835.67389239081,36
5186,6109.76615882498,84
5187,3800.43741411569,54
5188,611.016779964679,10
5189,3108.81967805318,34
5190,3333.8337055631,39
5191,3460.43632851369,43
5192,4134.93277047904,64
5193,6935.5645475483,108
5194,5835.02072643474,83
5195,5057.96943386471,72
5196,4449.0453407858,44
5197,4436.7133374524,59
5198,3581.42044500228,40
5201,5915.94136190935,85
5202,3774.90766548917,30
5203,5067.36456927094,50
5204,4797.1951249476,40
5205,5579.75073187226,81
5206,5533.01626824073,76
5207,5254.09814346407,76
5208,3766.51821338087,50
5209,1759.06829166492,10
5210,1708.92136236547,14
5211,2140.05766146951,21
5212,1387.45960792191,6
5216,940.555888866753,4
5217,3412.54782127389,23
5218,3067.97193673964,28
5219,2622.66979817715,24
5220,3405.34486292115,24
5221,3598.22940717506,32
5222,3688.27285565468,33
5223,3876.83323764924,29
5224,4099.40952987571,33
5225,3342.39984992836,25
5226,3606.97254012018,35
5227,3017.76077752574,19
5228,3150.18184784438,28
5229,2009.46183178288,15
5230,1055.74438217821,8
5231,2068.79342757975,19
5232,1837.30393323214,9
5233,1502.33236172383,6
5253,4907.06490582201,77
5254,5756.93776451611,86
5255,5038.41596914854,67
5256,4077.83567839937,54
5257,3369.04987895614,31
5258,4143.17762594252,56
5259,5824.06725638397,98
5260,4305.1722116102,48
5261,5039.74406517235,65
5262,6649.18218544106,96
5263,2992.87050874437,24
5264,1801.91757519532,22
5265,2044.18606487734,20
5266,407.38187908709,1
5267,411.239950689486,3
5268,3090.90265223713,37
5269,2313.10912269013,29
5270,2452.94113900027,32
5271,4712.49051535602,63
5272,3464.58423654504,43
5273,5572.7334574868,69
5274,2737.94518314612,32
5275,5043.36771949185,51
5276,5405.98137357245,71
5277,5958.4447818601,81
5278,4499.17785850695,61
5279,3686.11947206467,28
5280,3997.56098387768,37
5281,4933.01164959147,68
5282,3489.25661231326,41
5283,2672.11065505968,26
5284,4815.46405583775,63
5285,1137.7155764543,5
5286,1857.85513103311,6
5287,872.734880011992,8
5288,685.373333033101,2
5292,2325.82126096449,16
5293,3927.38781004811,32
5294,3204.01014556513,22
5295,4472.5407424252,40
5296,3112.33345129024,23
5297,3420.1503261767,27
5298,3687.65000679014,25
5299,3938.3855855753,34
5300,3074.77515142638,20
5301,3301.72882605013,25
5302,3669.81219503049,28
5303,1507.39917499561,9
5304,4267.00992176569,37
5305,3282.64136033564,33
5306,4189.91313948547,38
5307,3561.46958684898,22
5308,2592.20941579453,16
5309,1232.96243545456,7
5310,1250.04293276462,5
5311,790.374835858694,5
5329,5004.74372275151,86
5330,5334.55335050281,67
5331,4620.55181734675,62
5332,4335.26151675012,46
5333,2901.68599694433,29
5334,1698.56264939269,15
5335,656.914540836346,9
5336,2576.69132458185,33
5337,2636.01221212814,28
5338,5289.32009153162,72
5339,5731.41400898077,75
5340,2843.07816388888,19
5341,2572.91237707464,27
5342,20.1787852218819,1
5343,0,0
5344,2429.81801308588,26
5345,5089.06379323531,60
5346,1170.1525161784,9
5347,2552.61017070568,33
5348,4526.91365115793,52
5349,2970.5472870142,29
5350,1687.79675387424,16
5351,2631.3629551318,31
5352,6935.60700033097,95
5353,7104.8437592914,127
5354,6575.28262160845,88
5355,4650.8434737201,45
5356,4320.94152745213,22
5357,2995.79108571122,36
5358,2526.84155799052,21
5359,2961.03583802641,43
5361,1732.76655938823,15
5362,2716.86085800794,23
5363,3652.3197053653,47
5364,444.260353996695,7
5365,493.384927519208,3
5369,2967.46178992475,22
5370,3182.85711438692,20
5371,2960.1800758135,29
5372,3380.57738974966,24
5373,3735.47689942475,31
5374,4107.57677834044,36
5375,3625.79064279245,33
5376,3423.67946399481,23
5377,3834.73266797714,35
5378,3506.94058155789,27
5379,868.556075613123,6
5380,1444.90521242731,12
5381,3698.85878011332,30
5382,3857.49289576227,29
5383,3528.94714285053,27
5384,2956.53349180075,32
5385,4520.28161204887,40
5386,1168.07826408654,8
5401,4800.27350965,59
5402,4249.16370902007,37
5403,4167.47271719637,50
5404,5003.64030411273,71
5405,3128.93801981016,27
5406,2813.31159863678,18
5407,3795.68165469538,25
5408,1447.4571665105,6
5409,2797.66388711134,23
5410,2039.36716931516,16
5411,1280.69855154257,6
5412,681.463447262358,4
5413,0,0
5414,155.187781207539,4
5415,1806.53663546572,18
5416,2805.59388520474,13
5417,1245.03712073694,10
5418,1043.78464295494,7
5419,3749.4174271101,49
5420,6487.99692765586,91
5421,4286.53322924369,46
5422,2712.84015696771,35
5423,2759.0996355988,34
5424,233.127015921759,5
5425,0,0
5426,249.56350322151,2
5427,1021.20395160397,14
5428,5413.00966607776,91
5429,3404.91822914981,40
5430,3095.21774127907,30
5431,4403.09795645163,55
5432,1440.33620552396,14
5433,2611.26328267002,21
5434,4466.99342984251,60
5438,3948.95369787327,46
5439,4491.9259386686,43
5440,2168.1130956146,18
5441,2607.04065250541,40
5444,2384.93723701543,13
5445,3539.15519053869,28
5446,3654.53589259505,26
5447,2338.05585461939,14
5448,3161.91363814156,26
5449,2347.51712988149,17
5450,3509.59489903373,28
5451,2721.53998394545,18
5452,895.760743113641,5
5453,2754.39705332999,20
5454,1159.08712462615,8
5455,1002.00599767554,5
5456,2510.12304304589,21
5457,3416.94706226718,23
5458,3960.58203570848,32
5459,4493.35505605892,38
5460,4521.92335771492,34
5461,1595.98783617122,15
5477,1177.17058055999,7
5478,1913.26512025111,12
5479,1938.50553585532,13
5480,3553.16773290402,38
5481,2052.41716172757,17
5482,1793.17432327648,7
5483,1773.43424936586,10
5484,2638.15206367254,18
5485,940.68678677147,3
5486,2589.6613558783,22
5487,446.491528161031,3
5488,1570.2582517746,9
5489,202.969788561102,2
5490,0,0
5491,23.8124131377879,1
5492,480.369143407136,3
5493,1761.15466366922,8
5494,2698.82028826636,22
5495,3009.41713548768,27
5496,5149.65725483594,64
5497,5188.19379889876,57
5498,6096.92481799764,80
5499,4751.63866963729,70
5500,13.8317743592896,1
5503,3587.95923836218,53
5504,2088.63684684619,36
5505,5019.66189654304,70
5506,1570.07799524412,32
5507,3847.67318496422,39
5508,4820.11083789433,58
5509,4131.87899853724,43
5510,3984.08968033205,56
5511,2260.95781817043,36
5514,2732.67899785981,17
5515,3452.41477518352,36
5516,3405.04140460936,37
5517,3610.89556283371,46
5518,5109.32464963117,93
5521,3717.06655347314,28
5522,3545.10778731425,29
5523,2514.57404693448,14
5524,2116.93731785275,16
5525,3576.15634368557,28
5526,167.339503720971,4
5527,3056.50360270024,22
5528,2083.00959236262,17
5529,1637.42344864021,13
5530,739.658716077256,6
5531,382.604573055826,2
5532,1247.5573580704,6
5533,1527.7772404561,7
5534,2898.57105521352,24
5535,3290.50458449078,24
5536,3936.31859790399,31
5553,2251.77807214607,8
5554,2471.86529717339,15
5555,4365.58936605116,37
5556,2841.29140520167,28
5557,272.946001360787,3
5558,1122.94567545908,4
5559,1638.20724367751,7
5560,1660.9285858764,5
5561,2110.42980381841,13
5562,1657.11565649405,8
5563,1217.80367763501,5
5564,1898.70506745918,7
5565,1803.20255156194,9
5566,408.312357793654,2
5567,766.218726466864,3
5568,1162.55644721845,5
5569,1332.62204083582,13
5570,3416.80906257523,33
5571,2164.30087104102,29
5572,6228.60946423121,100
5573,6274.20187961905,111
5574,3921.28860644153,58
5575,755.769922757544,10
5578,3484.70909903733,44
5579,3627.5024223999,47
5580,4850.7319701133,60
5581,6090.69642240441,102
5582,5408.27891125216,66
5583,1242.706145694,9
5584,1451.04552742734,15
5585,5147.55815035184,62
5586,5529.59192342114,74
5587,3597.22578160846,46
5588,256.512901226451,3
5589,568.464880852623,2
5590,3752.37202723171,33
5591,3262.01211893536,29
5592,3539.17570810787,38
5593,3879.67463177523,50
5594,4316.53366813634,55
5597,2790.09748611942,21
5598,1857.27485013861,16
5599,3002.89886267368,21
5600,2009.09402695391,15
5601,3979.21884499131,35
5602,2707.19789493403,17
5603,4511.93670624096,34
5604,3547.80653312332,31
5605,1494.04693675317,8
5606,418.805417941373,2
5607,1100.32187084106,5
5608,1458.44598194045,5
5609,860.098756364906,2
5610,737.382267076396,6
5611,2506.57198262835,19
5632,4107.16978550427,45
5633,2141.39194665793,17
5634,851.340045433005,3
5635,714.654817154063,2
5636,624.956369250714,3
5637,432.268447587923,4
5638,1817.41200229435,11
5639,1204.02977288088,5
5640,1686.50296437894,6
5641,1222.67322086192,4
5642,1507.32549184327,4
5643,601.084665137587,10
5644,1864.61312283387,18
5645,965.238757738164,6
5646,1098.13178211937,22
5647,2814.83327866083,39
5648,5702.94788463858,65
5649,6143.54279297088,79
5650,5432.38834046044,75
5651,1314.86944925906,30
5652,743.872490456569,18
5653,4285.88328648888,66
5655,5222.07362002478,78
5656,4801.92998537833,58
5658,2796.60906766031,50
5659,4830.97834954857,68
5660,3854.86170963586,50
5661,4889.79168702919,63
5662,4905.88833258579,69
5663,3351.59913629585,29
5664,289.00193810931,1
5665,0,0
5666,1189.23631186304,4
5667,2195.75515482996,16
5668,2779.52861502403,15
5669,3132.41315320543,23
5670,4964.81652537459,52
5671,2545.65538345038,28
5674,1551.3241512835,9
5675,1716.06246437409,10
5676,911.374810127817,9
5677,1503.4793688238,14
5678,2909.18897915393,22
5679,3021.52050922796,25
5680,4326.36114697581,40
5681,2862.55170172896,19
5682,1029.75361783257,6
5683,858.698905715597,5
5684,1518.81299362724,5
5685,1357.36085411107,8
5686,188.768539254843,3
5687,1071.74340761135,5
5693,1087.98486542114,8
5710,618.002976444171,3
5711,921.001823088035,4
5712,1914.58485597285,18
5713,3344.55555762798,25
5714,858.205499419097,5
5715,1251.6274344437,7
5716,1964.90568079386,9
5717,1433.72694838596,5
5718,1920.32772308581,8
5719,2421.38765420411,14
5720,716.781791965135,7
5721,825.873056963024,7
5722,3057.43527218918,36
5723,1221.96479118495,13
5724,6554.99933242245,79
5725,6288.34289383519,84
5726,7377.29154832472,117
5727,5035.85381510824,79
5728,6574.21113750262,103
5729,4882.05599007107,88
5730,5735.08503424996,105
5731,4474.14014272444,51
5732,4144.0517494259,61
5734,2162.56301977477,28
5735,803.557266722523,5
5736,1639.677688386,24
5737,3025.68862974208,54
5738,4047.62785193073,50
5739,2341.56524039744,15
5740,0,0
5741,0,0
5742,2185.52556237994,9
5743,2680.40132486167,16
5744,2807.80726974455,11
5745,3965.47954554109,37
5746,5211.59179335838,48
5750,1333.27031152622,5
5751,2912.72476474201,20
5752,2471.73856183283,16
5753,720.322777344099,5
5754,2473.46708490294,17
5755,3230.78985520378,28
5756,2994.12833496775,23
5757,1297.70560817443,9
5758,880.10841416892,4
5759,1481.18498391944,5
5760,1242.5857376695,12
5761,1376.00544637444,12
5762,530.160145088908,2
5787,1122.45619573341,9
5788,2474.17468626955,27
5789,3690.63422001547,37
5790,550.203125483479,3
5791,1332.19895826027,4
5792,1675.31724134327,8
5793,1434.19014779747,8
5794,1196.07285600694,5
5795,1009.51742290898,4
5796,1918.03565079608,7
5797,1682.22870586125,5
5798,373.31651861586,3
5799,1135.29718057076,6
5800,3708.82944667897,40
5801,5629.84597206155,56
5802,5692.97926350744,71
5803,2638.24345729771,32
5804,5647.48075839375,59
5805,7176.87496682061,136
5806,5515.7172714048,79
5807,3893.66679310275,44
5808,693.694415314511,9
5809,1206.18219934375,14
5810,120.949420266055,4
5811,1867.89696114528,21
5812,1993.1985196437,19
5813,4823.03487112983,70
5814,4842.96016539804,51
5815,3435.32556354942,23
5816,1029.73319307178,7
5817,699.001936764384,3
5818,3490.2137879969,32
5819,5384.18583602326,51
5820,4308.7583375702,47
5821,5194.955964634,61
5822,5827.27951775227,82
5823,5151.57331459337,67
5828,3387.38278013381,18
5829,1953.24470672612,12
5830,2880.55036076955,17
5831,2400.37218057547,16
5832,2222.52362590859,14
5833,207.541473034629,3
5834,655.449164306929,2
5835,1809.08053245429,6
5836,631.925925830113,5
5837,395.743203321107,3
5838,755.019540721079,3
5839,548.351384264486,3
5862,3860.98425824552,42
5863,5406.64790984794,67
5864,6542.94638134785,81
5865,3073.61017151802,30
5866,2038.92709699755,10
5867,872.553106776736,3
5868,795.878876418893,5
5869,2306.6915772785,15
5870,1567.45458995258,10
5871,1313.01766555896,6
5872,1025.65853045124,5
5873,2696.20701188079,14
5874,1602.43090379233,7
5875,1118.80360654288,5
5876,2003.21764706509,14
5877,820.071575501263,6
5878,1116.16390368116,7
5879,1411.80277879519,13
5880,2559.34960902646,33
5881,3529.5047439815,37
5882,3001.71196364996,22
5883,1482.74068870221,9
5884,1204.77218481295,9
5885,1318.48671459835,9
5886,4539.9843794019,54
5887,5632.14212627328,72
5888,4528.90037669251,56
5889,3557.93674465539,34
5890,3629.86654965441,29
5891,3425.34719524287,23
5892,2528.60586306564,18
5893,4892.18054718393,56
5894,5954.81585124538,69
5895,5494.73971052934,74
5896,5859.32862283055,101
5897,4217.50747408331,41
5898,3501.12684265601,28
5899,2739.91546923984,22
5903,1492.08295841434,7
5904,1238.99622776624,6
5905,2147.29851240759,9
5906,2101.39933490324,9
5907,1458.50176810302,6
5908,832.658752303629,5
5909,809.425931390566,2
5910,1209.1826297161,3
5911,1405.44275998723,8
5912,639.705867311347,3
5913,555.867572512153,2
5939,5914.70116764105,64
5940,4117.14598050855,45
5941,3501.45401898467,27
5942,2472.04514187453,17
5943,700.243545646964,4
5944,847.161677177604,4
5945,1414.66913584038,8
5946,1812.98497289909,15
5947,3395.68028333702,39
5948,1644.65456593541,8
5949,2890.01689139629,26
5950,4397.8479639545,55
5951,3768.07979668541,35
5952,2907.6201415898,31
5953,3479.38585215159,37
5954,2417.03235224581,16
5955,3185.33715530696,31
5956,2469.15400153215,21
5957,4249.01036549801,54
5958,5608.98379792661,85
5959,3990.24364115896,41
5960,3446.87474053699,27
5961,2055.88800730537,10
5962,3057.57749762235,26
5963,3146.94523744015,32
5964,2767.48757543839,17
5965,2546.74922066565,13
5966,2126.03121329216,13
5967,2466.03946732964,13
5968,4448.84883992614,43
5969,5977.30602411163,71
5970,2459.38656800537,39
5971,3291.77238435496,29
5974,2018.43437378407,20
5975,2830.27252224155,25
5976,3356.95107697503,35
5980,0,0
5981,339.807493832141,2
5982,648.046707613954,3
5983,1500.12551520664,4
5984,1666.95395320949,8
5985,1475.1653320581,5
5986,1032.76867715714,4
5987,899.663120723342,3
5988,841.669391287456,6
5989,484.518409368221,2
6014,2957.33095656741,26
6015,2808.67413332408,29
6016,2400.77065175475,19
6017,826.180479110005,4
6018,1829.71675456159,7
6019,1280.44020590793,6
6021,990.095133694386,4
6024,1464.35194246764,8
6025,5256.62674495083,71
6026,5264.10007855345,68
6027,3390.7916517497,33
6028,4868.55261615254,63
6029,5603.58958308535,87
6030,4646.37694957505,60
6031,5555.10539453053,83
6032,5911.12321857879,96
6033,6335.69285991327,100
6034,4886.81398858813,62
6035,5002.48863190822,76
6036,4904.01636998997,60
6037,3093.36253711563,29
6038,2691.72381257978,14
6039,1766.85946769793,7
6040,2357.7572762244,14
6041,2049.80528546573,10
6042,3934.4161445008,54
6043,5440.92227138485,78
6044,5079.29322364729,63
6045,4814.45300329097,59
6046,779.088825732636,6
6047,2509.93022008081,22
6050,5021.57256014055,74
6051,5546.71829697546,70
6052,2510.41180690346,22
6055,1330.00840706893,5
6056,405.890570521564,1
6057,971.932740621844,7
6058,492.916680117407,6
6059,2095.15615012565,13
6060,1090.60597023855,3
6061,446.783633729115,2
6062,1009.31514206265,4
6063,775.833773138302,4
6064,706.387235618649,6
6065,955.675642684371,5
6089,7190.83791113937,147
6090,3345.12853389319,42
6093,683.691337031737,7
6094,491.558484814013,6
6095,1864.89799077631,18
6101,1476.72166357337,17
6102,3860.23425907066,42
6103,3772.54222090905,47
6104,5070.88774336094,68
6105,3897.23240385063,51
6106,4404.02550352044,54
6107,4308.26981292504,60
6108,4527.10882865968,58
6109,4090.40184705118,63
6110,3643.91974759511,45
6111,5230.89540478072,72
6112,5826.35616399098,92
6113,5120.6182751029,71
6114,1610.21123712036,10
6115,4591.84703344267,60
6116,4738.78967459289,68
6117,5195.88222472487,63
6118,5684.95565826318,96
6119,5521.03043800236,87
6120,4889.40750039987,68
6121,4913.93159661089,59
6122,2264.01777053405,30
6123,0,0
6124,1699.84627400411,20
6126,3115.59389942777,43
6127,5874.30694292259,86
6128,6062.04778365919,87
6132,753.728821710966,2
6133,1384.74297409472,15
6134,4351.58909771542,25
6135,3974.59546744591,33
6136,1721.09835110518,9
6137,835.266166198892,4
6138,1544.09980800203,11
6139,2537.45844611797,16
6140,665.737687692329,2
6141,1139.21296409746,7
6170,2689.3216875406,34
6171,1840.13776570941,15
6172,4333.70795252446,78
6175,328.376881328902,1
6176,628.453215973538,2
6177,646.022910649029,2
6178,1456.23104736628,9
6179,2586.53018203063,27
6180,912.67917628401,9
6181,0,0
6182,102.51681921791,3
6183,1849.31982875553,25
6184,5841.28934143706,81
6185,3788.28934599244,50
6186,6059.95125583296,92
6187,5531.67339563362,85
6188,6011.42520076826,111
6189,5457.77752083758,85
6190,6042.07801934378,95
6191,5794.09725248903,85
6192,4706.64448646991,74
6193,4663.48678449068,57
6194,3677.43275341545,44
6195,5921.78830641062,82
6196,5277.09023634263,61
6197,4405.02631005724,51
6198,668.41764258662,15
6199,1904.5376881913,22
6200,4767.16380618371,66
6201,5704.94642154166,75
6202,2384.94054746926,25
6203,4379.98031499083,59
6204,3123.69876778763,25
6207,1447.7674307253,5
6208,407.78399446195,1
6209,3322.55498675772,20
6210,3931.79787063769,34
6211,3426.14971592089,24
6212,2214.13961814889,10
6213,1395.62728773124,10
6214,3996.44919943998,29
6215,1056.34946465769,12
6216,991.285062220221,6
6217,973.097193251698,4
6254,1545.70290834123,12
6256,1209.19900167271,8
6257,886.372043705237,8
6258,0,0
6259,427.563915795035,4
6260,3836.63640232195,50
6261,4285.86880972849,65
6262,5488.71787270759,87
6263,5210.93071196283,90
6264,5783.24184440642,87
6265,5844.42306898151,103
6266,5885.25015541955,118
6267,4004.69669642227,66
6272,5684.95592910125,68
6273,4909.11814007524,66
6274,2910.25448071044,32
6275,4687.72348594431,60
6276,4263.33830092409,55
6277,5851.69271256735,76
6278,2988.32134205619,35
6279,2489.65330069019,32
6280,3352.73950287579,26
6284,832.166945856059,3
6285,360.679602531084,1
6286,984.857305502068,6
6287,3894.61823274667,36
6288,4215.5064963903,31
6289,1996.4750165561,10
6290,51.1727691626702,3
6291,894.689384848389,6
6292,112.201840778795,1
6332,1206.74825046419,5
6333,408.078802949019,2
6334,545.412427301721,3
6335,1535.9621004498,10
6336,2189.08809776155,36
6337,2021.28110837884,16
6338,6089.33535036201,83
6339,6142.62683916699,103
6340,6480.8863159672,121
6341,5804.30977929839,111
6342,5201.33768005462,91
6348,5624.30584125883,76
6349,5354.01278561511,73
6350,4549.84890839538,60
6351,1437.35656570214,19
6352,3249.69707508356,34
6353,4243.44445092457,48
6354,2382.52186428325,18
6355,1785.53214087446,8
6359,1131.3652891518,5
6360,526.529761210826,2
6361,924.889204048501,3
6362,2994.23809081202,26
6363,3639.51511724797,30
6364,4010.45269759809,26
6365,1497.92784641784,6
6366,369.552279346937,1
6367,0,0
6368,737.829772735732,4
6409,1010.58946241463,5
6410,1203.09103399798,6
6411,3367.01294997372,36
6412,3160.46806334695,29
6413,4722.09768016312,72
6414,5927.67064171435,86
6415,5466.83656179389,75
6416,5028.90499327277,72
6426,2961.2185833718,34
6427,1041.93521012962,10
6428,959.039124553235,5
6429,1929.9555468672,13
6430,702.996981672302,2
6435,2416.78106267742,7
6436,670.046775270888,3
6437,418.587933765064,1
6438,932.286866084037,3
6439,4274.24128954505,38
6440,4149.66021962592,40
6441,3056.62024270567,24
6442,1171.5252464007,4
6443,1183.33858174155,4
6444,619.410101818956,4
6485,684.896780536999,3
6486,2498.93024605972,18
6487,3365.7562166734,32
6488,5281.81192675757,77
6489,5180.51588529299,91
6490,5630.34494841736,91
6491,6145.37971704047,94
6502,1720.30643222021,7
6503,2007.32786125706,17
6504,1519.67446650036,7
6505,1324.77516675068,6
6510,2122.66710164232,7
6511,741.78727579118,4
6512,1274.88369690354,5
6513,1219.7553485909,3
6514,2681.42942448324,20
6515,4210.73842539118,37
6516,4037.48192829814,29
6517,1228.33312774979,4
6518,1564.59600249315,7
6519,1358.635069092,7
6525,2246.3564535795,14
6564,3701.50932952057,58
6565,4679.94091499943,62
6566,1228.84479678618,23
6579,2244.62589338329,31
6580,1761.20451063475,13
6586,2728.47039026376,11
6587,967.031044340041,3
6588,1035.59305138873,5
6589,806.186404439384,2
6590,3513.41230281713,21
6591,4239.96231808241,34
6592,3865.17224254327,34
6593,615.853831303744,9
6594,1541.8814001171,5
6595,1515.75556026361,7
6636,752.530492628259,3
6638,1567.99686743591,12
6640,2831.38311635684,32
6654,1211.87245604991,7
6655,2436.65557022339,18
6660,1516.49280876311,4
6661,1625.70939441299,4
6662,1109.81349304787,4
6663,860.759842874549,4
6664,3699.28091452987,27
6665,4314.65273734965,38
6666,3705.13729785519,28
6667,4318.99246812455,40
6668,1573.1318349769,14
6669,405.2219446011,1
6670,676.790210212587,3
6671,2162.68215520301,8
6713,711.033890107214,2
6735,3415.43705642624,25
6736,2347.72368048728,24
6737,959.759349916046,6
6738,2622.68301328001,8
6739,697.850309810135,2
6740,3235.83926036853,20
6741,3467.45250638756,24
6742,3860.4365047889,35
6743,3513.51660917075,29
6744,3756.8509246713,42
6745,1140.31158677829,7
6746,0,0
6747,561.937456757775,2
6748,1720.60461452701,6
6749,1850.68131198658,8
6809,2100.75968742413,23
6810,4488.10226776979,61
6811,3764.32627426149,39
6812,3208.91448392126,24
6813,2998.4520324922,14
6814,591.163607679233,4
6815,211.080767653934,2
6816,3342.03408733652,20
6817,4204.79431892192,26
6818,2926.11076887035,23
6819,2571.05734788721,28
6820,3415.81061967518,24
6821,1246.71074978006,10
6822,1253.77232895912,8
6823,542.109716784375,4
6824,1472.28532086245,8
6825,1835.63804572326,7
6826,2120.7950249961,8
6884,2048.01642217195,15
6885,4961.94417210609,41
6886,6013.01062725774,98
6887,4642.73089002267,44
6888,3526.84676061977,26
6889,2736.81437414199,19
6890,259.086199571905,2
6891,0,0
6892,448.718226916846,6
6893,3367.78104707463,23
6894,2573.89207239798,23
6895,1217.17030772448,8
6896,778.409373406118,6
6897,3714.09733151407,31
6898,3222.90383830925,24
6899,1399.770577406,9
6900,1623.82105983573,11
6902,1061.96672058509,5
6903,2585.40048883714,8
6904,1329.22335944192,4
6958,2828.55933294036,20
6959,4158.94326082362,40
6960,4325.64817531891,45
6961,3851.5323141785,40
6962,5091.76216538317,50
6963,4785.0816326798,51
6964,3580.93041326151,30
6965,2576.17362024756,13
6966,0,0
6967,0,0
6968,911.300836636135,10
6969,4055.56411160958,34
6970,1272.21230674753,8
6971,2492.22912296379,17
6972,4328.05569228272,25
6973,3216.50494967084,24
6974,4022.18237459686,33
6975,4417.06204018818,36
6976,3915.93023543,31
6977,1717.98484550367,11
6978,1490.7839341019,8
6979,1012.37963915301,7
7034,3012.44162469223,23
7035,4012.06106364956,37
7036,3798.97247026671,36
7037,4318.51721356496,40
7038,3102.54619386138,30
7039,5315.10616173367,68
7040,3803.30265482969,39
7041,3453.07737303908,24
7042,2524.25556817086,13
7043,834.744109819925,2
7044,6.7408446780358,1
7045,1262.6502507008,8
7046,3265.22917925423,29
7047,2298.94985203049,24
7048,3009.84043592022,25
7049,2214.57209329715,13
7050,2252.79495897206,20
7051,2120.96643790333,16
7052,3617.08164747282,32
7053,3822.34975502814,30
7054,2354.00889722813,16
7055,3242.51910305669,12
7056,1192.33604881785,4
7109,4195.72536541515,36
7110,4702.59356191425,56
7111,4860.98716179199,44
7112,4410.77972126746,53
7113,5227.09171792782,58
7114,2921.55721456606,36
7115,4102.24712113442,44
7116,3955.57644711579,49
7117,4006.30834662104,37
7118,1609.04519530235,9
7119,1514.69800606774,5
7120,920.535588553849,4
7121,988.893377587213,6
7122,3876.29512533391,33
7123,1648.79661819623,15
7124,1197.84920492092,7
7125,2216.3285947445,18
7126,2232.09042281462,15
7127,2758.57650885669,20
7128,2980.90465331889,23
7129,1002.24476735707,5
7130,1729.51946131049,7
7186,5230.16885018789,65
7187,4496.26234207495,52
7188,4419.83040060448,50
7189,5713.72348320335,72
7190,3307.57769623256,27
7191,3436.23061857713,33
7192,4247.96283127273,44
7193,2373.00963575781,26
7194,1209.92095701981,9
7195,800.370147534755,2
7196,536.577964850447,2
7199,5056.9933085654,36
7200,4422.15314470201,35
7201,2296.50695852425,17
7202,3225.13390541808,28
7203,2672.25641448081,17
7204,2466.02809426911,18
7205,1915.05509740925,7
7206,1744.60441262698,7
7261,1230.95214392445,15
7262,4340.91794049636,47
7263,4297.81171818524,54
7264,4051.40917317722,32
7265,3702.03779757838,30
7266,4278.02990112873,33
7267,3961.16036702269,40
7268,3123.93178356792,28
7269,400.475101298694,3
7270,417.795976464653,1
7276,5376.58367310584,35
7277,3267.49674437925,20
7278,1103.97085350173,11
7279,380.949951438427,1
7281,704.353892179038,3
7337,1049.41235501897,6
7338,3015.12000942308,26
7339,3795.28469145454,30
7340,3705.04120469552,29
7341,4197.05338578732,39
7342,3442.93452815854,33
7343,3598.98427184752,30
7344,3279.49805962702,34
7345,2230.39539082081,16
7352,4134.55521046797,33
7353,5552.64369711379,50
7354,4407.67194841402,38
7355,2049.10191713767,17
7356,931.145554290589,6
7412,1102.26437033385,4
7413,777.230798858786,4
7414,1745.38733863513,12
7415,2011.62078125264,14
7416,3098.95482843506,23
7417,3108.52808901235,31
7418,3094.79370390065,29
7428,5372.19747204201,60
7429,2695.41091757952,34
7430,4187.89792612805,49
7431,1479.8317024192,16
7432,906.527559367971,3
7488,2002.12343262338,14
7489,1142.1305006517,7
7490,750.842544830388,4
7491,1372.58590592099,10
7505,6215.0323862734,90
7506,3588.85272786648,42
7507,3272.04984479628,24
7563,3643.45930804636,20
7564,711.960946544751,2
7565,2223.31341180115,11
7566,1450.26452155521,12
7581,5395.30813490878,82
7582,5749.50470021301,82
7638,1549.85967634871,6
7639,1440.86295185907,9
7640,715.305462638065,7
7641,679.010609316921,2
7642,0,0
7643,340.387395397086,1
7714,957.372250889859,6
7715,3002.48002909185,19
7716,622.934780197667,3
7717,172.344142061975,2
7718,657.830666950567,3
7791,1441.90811601818,13
7792,1393.73060136967,12
7793,669.41665565739,4
7794,847.19412161585,3
7795,611.22015022714,2
7864,726.830566037905,3
7867,1820.08244955286,15
7868,1668.38061590643,10
7869,812.636802974049,3
7870,2193.07001001785,14
7941,346.749369020471,5
7943,1413.6494613296,7
7944,449.98405162256,2
7945,976.005222018392,3
7946,281.600481144584,3
8020,824.115639595002,3
8021,679.084977979101,2
