InputID,TargetID,Distance
797,248,397.700879123867
798,416,426.403239704174
800,250,613.742959660146
801,250,903.669084693751
871,247,426.557346869804
872,248,398.075242943887
873,416,370.542499756209
874,416,55.8800586016663
875,250,217.481778244556
876,250,571.9462198111
877,250,962.898525363572
945,247,655.877440797072
946,247,269.283544724222
947,247,187.294367081089
948,247,563.801272396511
949,417,270.272848235238
950,417,337.259576552769
951,250,195.302299589361
952,250,397.308112340474
953,250,773.169830923202
954,250,1165.31392428921
955,250,1561.52124551013
1021,247,637.167533777916
1022,247,456.546104322844
1023,247,575.424653952128
1024,417,369.714994673437
1025,417,131.423264930326
1026,417,466.992974471111
1027,250,555.708635199856
1028,250,767.226518976247
1029,250,1090.26980351501
1030,251,1393.56332065578
1031,251,1756.90407205545
1045,67,517.62819078512
1098,247,837.864643960824
1099,247,815.219403267846
1100,417,721.497496966661
1101,417,490.945677911445
1104,251,384.359550303469
1105,251,701.324493578762
1106,251,1075.27104683769
1107,251,1463.14305537699
1108,258,1377.02187872598
1121,67,510.046925820373
1122,67,127.042171026252
1126,50,1218.74393438047
1174,418,1223.45584361682
1175,418,844.389269727219
1176,418,499.370210917102
1177,418,325.540024283622
1179,251,48.7479495962586
1180,251,431.724725890182
1181,251,831.038071280607
1182,258,913.943381766257
1183,258,980.121225501319
1184,258,1185.8378192288
1185,258,1473.77530701023
1186,259,1477.4902432377
1197,67,410.4418685675
1198,67,290.806248636129
1251,418,979.704145434711
1252,418,579.726745888291
1257,251,738.423033243615
1258,258,616.508723558624
1259,258,587.634067822416
1260,258,794.212412376165
1261,259,938.749554347855
1262,259,1077.36650582434
1263,259,1326.80646050183
1264,259,1634.80144378109
1265,260,1607.04258576609
1266,260,1814.26988539016
1268,342,1956.71783227737
1269,342,1796.92086564888
1273,67,800.633316982122
1274,67,630.083571050906
1275,67,687.913596703266
1327,418,861.988592743671
1332,257,425.447053234811
1333,258,495.077747335626
1334,258,224.094368394036
1335,258,419.003011736834
1336,259,582.524133479744
1337,259,677.264956432251
1338,259,947.771264960838
1339,259,1287.66533481278
1340,260,1214.84998594939
1341,260,1416.86644512192
1342,260,1690.97306360659
1343,121,1703.40305580289
1344,121,1830.90631708834
1349,362,1013.52940293523
1350,362,660.59674156399
1351,362,407.14034720886
1404,419,575.873329358994
1405,419,339.14558685902
1407,257,353.803179631102
1408,257,46.3410331681582
1409,257,446.483414806681
1410,258,274.50239747597
1411,258,201.450546744504
1412,259,342.996672626823
1413,259,277.282536431242
1414,259,596.953722641288
1415,260,787.929218601581
1416,260,819.840532428713
1417,260,1021.60366427665
1418,260,1317.36065610174
1419,121,1327.77362834582
1420,121,1433.00527855974
1421,121,1632.25463658931
1425,49,685.036089156462
1426,362,739.203679908256
1427,362,340.121405920837
1428,362,71.9181780305989
1429,362,463.563416432912
1480,419,271.071335481164
1481,419,130.322401209909
1482,419,529.827940475233
1483,257,378.838904377268
1484,257,424.975656765662
1485,258,648.624790923419
1486,258,475.215987365934
1487,259,464.960494257253
1488,259,123.743369962057
1489,259,366.968657781622
1490,260,545.393555960027
1491,260,434.333248091572
1492,260,632.507922470334
1493,260,965.254803473188
1494,121,971.911735723968
1495,121,1036.83119734636
1496,121,1235.17421848062
1497,121,1515.4278856596
1498,49,1298.86519778768
1499,49,912.639639390066
1500,49,546.809853891761
1501,49,292.096759266919
1502,49,438.029237308906
1504,362,405.968408496966
1557,419,368.182845205141
1558,419,489.057918491297
1559,419,814.264272420582
1560,257,694.327461983192
1561,257,824.190978454389
1562,258,855.165327594262
1563,259,796.843444507826
1564,259,523.420241832455
1565,259,482.915724155477
1566,260,542.49913154314
1567,260,159.315985653584
1568,260,276.925403681624
1569,260,669.495030190471
1570,121,668.18507340115
1571,121,645.571710350976
1572,121,841.002045387456
1573,121,1148.05753936921
1574,49,1468.75368934967
1575,49,1069.10355431862
1576,49,670.042665591342
1577,49,274.156326788257
1578,49,146.955650600209
1584,361,1086.20191958547
1633,438,791.955018445684
1634,438,513.452870970844
1635,438,469.366860419663
1636,438,705.129029373353
1637,438,1046.10656526231
1638,259,1172.1607538003
1639,259,923.501523347653
1640,259,807.452181378555
1641,260,781.91205316003
1642,260,427.021794586063
1643,260,271.180281789963
1644,260,533.816312403983
1645,121,518.227648082806
1646,121,280.599910642781
1647,121,457.321492906602
1648,121,812.268311132825
1649,121,1196.09652369941
1650,49,1331.64707183151
1651,49,958.719661826276
1652,49,620.671223566191
1653,49,414.188432059684
1710,438,465.069154625062
1711,438,113.337851003836
1712,438,360.044544717226
1713,438,752.761008344043
1714,438,1150.60708017192
1715,421,1137.71460503811
1716,259,1179.39847102365
1717,260,1117.45158973045
1718,260,812.123101312299
1719,260,624.995954391756
1720,261,542.084791183001
1721,261,243.628582430873
1722,121,246.859950519448
1723,121,176.723928699334
1724,121,567.23296684746
1725,121,965.663248887725
1726,121,1365.09639281077
1727,48,1148.29172985077
1728,48,789.999793790602
1729,48,499.856031216688
1730,48,442.541557455328
1731,48,679.750401658596
1732,361,779.928872497164
1786,438,354.423611825278
1787,438,286.857897486788
1788,420,422.872761454222
1789,420,646.557399717809
1790,421,751.642920361752
1791,421,917.35236294512
1793,260,1207.05054052715
1794,261,1100.0212782415
1795,261,703.704243514619
1796,261,317.148513894304
1797,261,161.856001201885
1798,121,416.593456797075
1799,121,551.322839610823
1800,148,726.734722142871
1801,148,781.673101382336
1802,148,1007.03195663
1803,48,871.074196093564
1804,48,473.720459016744
1805,48,101.403389042346
1806,48,341.152425059151
1863,420,505.525350740507
1864,420,120.102055487147
1865,420,305.817245557453
1866,421,394.677256927176
1867,421,521.7498881495
1868,421,841.966127370252
1869,421,1210.7114349299
1870,262,1219.00279980522
1871,262,837.651884130295
1872,262,487.426609186734
1873,262,306.169702900746
1874,262,519.736704348921
1875,148,790.660017846119
1876,148,477.143572339758
1877,148,387.840058384252
1878,148,627.220081448046
1879,148,978.070216112933
1880,48,720.553245882573
1881,48,380.726930157626
1882,48,301.562466424942
1935,438,1731.95335367477
1940,420,298.735344183916
1941,421,258.465006844714
1942,421,152.122795339834
1943,421,547.457659322838
1944,421,946.842009734076
1945,421,1346.67778357562
1946,262,980.889228106127
1947,262,581.336232347477
1948,262,184.367223779354
1949,262,224.191998673543
1950,262,621.903651867453
1951,148,497.412990019789
1952,148,100.289043995501
1953,148,304.840045056629
1954,148,704.292811824468
1955,62,781.447708459209
1956,62,512.389167634877
1957,62,488.325228913529
2012,420,1814.14096033334
2017,421,545.957515610882
2018,421,307.068424333307
2019,421,459.068554064224
2020,429,607.844479969772
2021,429,890.921019537577
2022,262,1242.11851210653
2023,262,870.94804673389
2024,262,542.654656350732
2025,262,388.109682873745
2026,262,571.852821733681
2027,148,766.42344631331
2028,148,435.806428812334
2029,148,335.680043663219
2030,148,596.377769532206
2031,62,842.195882321489
2032,62,448.397179098742
2033,62,114.270943874902
2087,420,2137.23036714455
2088,420,1790.47803639069
2093,429,690.039384371014
2094,429,315.974451251778
2095,429,209.182637416148
2096,429,554.893609449749
2097,429,944.610226415576
2098,263,1172.73292510834
2099,263,779.034165590049
2100,263,398.394241521472
2101,263,175.424442902443
2102,263,472.293893249034
2103,263,857.660382050913
2104,148,672.804879035092
2105,148,731.803282967908
2106,23,829.739313371435
2107,62,678.092314335773
2108,62,334.202025441733
2109,62,289.49031959692
2110,62,591.85948696654
2163,482,1737.90182188647
2164,482,1887.97755507107
2165,420,1854.92516246247
2170,429,504.450486152794
2171,429,195.631549069903
2172,429,377.233725971324
2173,429,752.709131077964
2174,430,988.893613984451
2175,263,976.120163215781
2176,263,586.956570259746
2177,263,237.608147201165
2178,263,297.706939360515
2179,263,664.103445045271
2180,147,496.97661385963
2181,147,574.060754217219
2182,23,680.609641248172
2183,23,433.103678842312
2184,23,481.830402215528
2185,62,585.28101636439
2186,62,689.045357029396
2187,62,959.976290429895
2189,24,462.83337271187
2190,24,478.417152118037
2236,482,1421.25246411734
2237,482,1329.25291494796
2238,482,1353.04401604153
2239,482,1488.21235843547
2240,482,1708.5248184438
2241,313,1656.50201958782
2246,430,600.957546831648
2247,430,255.106970399766
2248,430,298.733647163701
2249,430,658.510933753563
2250,430,1047.98098269384
2251,263,922.252979037196
2252,263,634.329469826152
2253,263,523.860209809589
2254,147,711.224713932292
2255,147,328.712200474283
2256,147,174.629432494731
2257,147,522.65837556155
2258,23,349.938422678205
2259,23,83.200793335038
2260,23,460.022196323336
2261,23,858.225522191
2262,358,816.119902343578
2263,358,566.193335611807
2264,24,389.896952000433
2265,24,81.2388276436334
2266,24,425.925398594145
2267,24,822.470502391717
2313,482,1028.44307366459
2314,482,980.506680356513
2315,482,1088.72623266201
2316,482,1315.1005794681
2317,313,1295.10083028934
2318,313,1362.23271033139
2323,430,401.585008610758
2324,430,159.111172796004
2325,430,457.815457173696
2326,430,845.048165294515
2327,422,928.579478642803
2328,263,1033.69382219259
2329,263,883.437753572189
2330,147,920.464961327179
2331,147,537.912908282934
2332,147,227.327096408247
2333,147,366.384607478086
2334,23,614.465351003148
2335,23,319.24398689348
2336,23,382.75123076623
2337,23,715.061544213294
2338,358,849.051340070304
2339,358,463.998658881985
2340,358,173.015183660628
2341,24,323.296906814045
2342,24,345.27858722499
2343,24,673.903886954651
2344,35,677.467073338526
2345,35,383.306155303837
2388,482,817.746755320806
2389,482,642.099057629987
2390,482,690.004388504067
2391,482,927.445052191719
2392,313,964.78284678133
2393,313,974.207907343411
2394,313,1134.72009689175
2399,430,530.682399361435
2400,430,552.979255512422
2401,422,421.658977954117
2402,422,530.912274596171
2403,422,840.340832105458
2404,119,698.21078448584
2405,119,626.144294584362
2406,118,591.892533040521
2407,118,520.455517272771
2408,117,555.415551085437
2409,117,230.682257363553
2410,117,343.766493153635
2411,117,709.48553770771
2412,23,778.657589131313
2413,145,643.929281677177
2414,358,655.93260982111
2415,358,291.153682301994
2416,358,243.98035545625
2417,358,595.411983409865
2418,24,743.012681322364
2419,35,790.165908590288
2420,35,390.139173419458
2421,35,16.9742329698923
2422,35,404.31844801893
2423,25,568.887325147135
2465,482,428.278067866999
2466,482,295.161327861221
2467,482,557.720247601765
2469,313,602.259907595556
2470,313,735.601085040523
2471,313,1019.67377577902
2477,422,278.84387922785
2478,422,147.338970785649
2479,422,534.693467073004
2480,119,587.41838758022
2481,119,299.168713403101
2482,119,392.653830685441
2483,118,191.774333179775
2484,118,342.682487526999
2485,117,351.998670978276
2486,117,169.550890215411
2487,117,503.810797776077
2488,117,893.944355701753
2489,145,526.537529522026
2490,145,248.200231119363
2491,145,407.674476439029
2492,358,523.907695923161
2493,358,639.80607810729
2494,358,929.762108158652
2495,35,1053.56353758242
2496,35,691.177024497151
2497,35,407.048543048801
2498,35,416.994771320895
2499,25,613.713907885926
2500,25,217.447811627794
2501,25,186.33026602707
2540,482,524.20082274123
2541,482,135.527532591504
2542,482,286.675124126898
2543,312,460.55877118048
2544,313,310.783282306403
2545,313,338.912039549569
2546,313,673.327803555019
2547,314,703.445547668917
2548,314,968.273293145232
2553,422,285.977407229156
2554,422,431.108712925646
2555,132,589.312105249742
2556,119,327.384459662234
2557,119,108.34609006983
2558,118,350.591335104303
2559,118,208.449961223317
2560,118,533.124884684412
2561,117,509.463489323999
2562,117,569.661482338802
2563,117,842.44221405028
2564,145,678.28620757881
2565,145,290.373592124608
2566,145,169.691343453314
2567,145,541.76301689833
2568,116,388.435307086328
2569,116,607.667580456678
2570,116,952.823005505874
2571,35,1059.94175030663
2572,35,807.045532863473
2573,35,706.683735893883
2574,25,863.96237449762
2575,25,506.905140101321
2576,25,296.155809812541
2577,25,488.566589522736
2617,482,519.469924745299
2618,312,394.024150244943
2619,312,63.7139054729192
2620,313,388.187123050495
2621,313,94.0605174300295
2622,314,360.035383831533
2623,314,303.301851413739
2624,314,612.039769557642
2625,314,988.649319492145
2630,132,315.487676361532
2631,132,190.913768092696
2632,132,541.846604625954
2633,119,435.355528528947
2634,266,392.375598304405
2635,266,574.760302714904
2636,118,608.571428525115
2637,6,740.409517106544
2638,117,845.834984367448
2639,356,937.116477846655
2640,356,804.517644209569
2641,145,653.654452074255
2642,145,460.027750320828
2643,116,528.580832436523
2644,116,132.002431238294
2645,116,275.110202132569
2646,116,673.929255030767
2647,116,1073.73632435093
2648,35,1207.14145356168
2649,35,1070.11823685543
2650,25,1198.52046116904
2651,25,887.049059399305
2652,25,676.383414579904
2653,25,669.601945209372
2654,25,871.477342380423
2655,25,1179.32714005054
2656,32,902.966220572831
2657,32,503.278862941924
2691,311,765.949232733138
2692,311,522.686101310587
2693,311,529.110390726499
2694,312,340.937745328971
2695,312,353.779599484658
2696,313,472.300141456636
2697,314,455.118575868978
2698,314,96.8622681985916
2699,314,363.133522440584
2700,295,508.310250629012
2701,295,599.328527871521
2706,132,214.105868559148
2707,132,377.986773828551
2708,266,581.652543308104
2709,266,185.361976874527
2710,266,225.017272218193
2711,6,314.260606803345
2712,6,343.498329593936
2713,6,676.355597207271
2714,356,824.394291112376
2715,356,537.187063852997
2716,356,466.635225328437
2717,356,683.492079715845
2718,116,791.385884791448
2719,116,451.886441142723
2720,116,319.91447795234
2721,116,566.324439837636
2722,116,927.003586574959
2723,116,1310.79445691534
2724,116,1702.13476182078
2725,25,1564.19504140715
2726,25,1279.45051597856
2727,25,1071.22127264523
2728,25,989.075479386412
2729,25,1062.66621743621
2730,25,1265.10180310434
2731,32,1131.74700222751
2732,32,748.975994772722
2760,309,994.663802720838
2761,309,844.655397226917
2762,309,870.496604402671
2763,304,1016.46830169996
2764,304,764.400280754998
2765,304,675.013069492177
2766,310,629.714898565681
2767,310,496.84894920452
2768,311,415.887801000228
2769,311,140.008513099874
2770,311,431.829548788412
2771,312,630.44140273122
2772,312,752.658616636051
2773,506,653.09373797567
2774,314,496.997916969453
2775,314,457.573416082863
2776,295,315.617344139798
2777,295,200.779470245047
2778,295,548.858037063747
2779,133,513.305265438115
2784,132,754.675030825154
2785,266,484.76167317949
2786,266,301.91118092955
2787,6,385.870477840088
2788,6,89.4993132845619
2789,6,432.849615647737
2790,6,828.819650890761
2791,356,500.125546386277
2792,356,138.516071668179
2793,356,329.366790604094
2794,356,719.731133164089
2795,115,480.1246135496
2796,115,397.945054778896
2797,115,637.523052691814
2798,115,987.292141557162
2799,116,1258.85874720951
2800,116,1613.59516356842
2801,116,1985.67058761169
2802,25,1675.51962636828
2803,25,1468.93504590859
2804,25,1352.18651120781
2805,25,1348.80710048225
2806,25,1459.58448495885
2834,308,874.311433769921
2835,309,889.231890581302
2836,309,595.56893175884
2837,309,488.78055416636
2838,309,665.842014424172
2839,304,649.442803032983
2840,304,364.682388158668
2841,304,405.518865030986
2842,310,239.84137807446
2843,310,260.690078057478
2844,311,281.924683080399
2845,311,293.664056416169
2846,311,642.830013530056
2847,506,762.807026665036
2848,506,424.538971936389
2849,506,314.367812343521
2850,506,581.081670796375
2851,295,510.963762986072
2852,295,204.119147875624
2853,295,377.465349183078
2854,133,131.519999439369
2855,133,409.850910022906
2859,432,615.883127868859
2860,432,481.985186779314
2861,432,636.82218220201
2862,15,575.431747110985
2863,15,411.842269729666
2864,6,487.334739216413
2865,6,759.57964859708
2866,356,729.325668753225
2867,356,375.312638665928
2868,356,264.646945080114
2869,356,565.200156997799
2870,115,491.627620382008
2871,115,97.0611098517089
2872,115,312.055919991864
2873,115,711.035745631918
2874,115,1110.85537407469
2875,115,1510.84823486911
2876,115,1910.90554754271
2877,115,2310.99384044252
2878,25,1867.68852145218
2880,25,1682.12261780893
2881,25,1726.41994396882
2909,308,1018.37744332024
2910,308,689.941862993015
2911,308,484.955966078071
2912,309,562.313852532305
2913,309,200.706961968471
2914,309,290.869252377211
2915,309,670.195330417068
2916,304,361.35677102641
2917,304,43.7430787346446
2918,304,439.867428946379
2919,310,196.829124876823
2920,310,457.487356795032
2921,311,553.385260637212
2922,311,687.829753838203
2923,506,903.287963511492
2924,506,504.152927049798
2925,506,112.455982557761
2926,506,302.254309284003
2927,506,700.217203608539
2928,295,602.703744929516
2929,133,648.860442945781
2930,133,302.237628059308
2931,133,286.199877940868
2932,133,626.664370576044
2935,432,599.275422598157
2936,432,228.059313816284
2937,432,255.198527981025
2938,15,605.489088041997
2939,15,212.112537323874
2940,15,208.809991096724
2941,15,602.035453596251
2942,15,1000.76318551333
2943,355,620.082722646685
2944,355,361.209537318776
2945,355,443.483235248289
2946,115,757.040842331601
2947,115,425.107465554125
2948,115,329.479764793852
2949,115,597.187166095879
2950,115,961.739645156568
2951,115,1346.65838895073
2952,115,1738.46757971673
2954,115,2529.92807351914
2955,25,2118.81800523758
2957,25,2037.37572900121
2958,32,2144.4746152801
2981,172,333.370250744554
2985,308,712.638975214323
2986,308,326.954078442146
2987,308,161.79965239688
2988,309,402.362183016583
2989,309,214.707480355395
2990,305,306.981153162265
2991,305,375.221026528658
2992,304,399.52036077579
2993,304,437.114232246028
2994,310,574.246716956843
2995,310,583.262146286773
2996,310,819.063731582821
2997,311,923.701383754846
2998,506,1170.56363376715
2999,506,805.197093672495
3000,506,496.689827432727
3001,506,406.564257795033
3002,506,635.707080945723
3003,134,594.017753432643
3004,134,473.548661961722
3005,297,657.006679607095
3006,297,320.849146945831
3007,297,307.353406565568
3011,432,438.118228745287
3012,432,212.002703100244
3013,432,467.095354283526
3014,268,355.240284309698
3015,15,281.241606490133
3016,15,487.672421164104
3017,5,649.234359428662
3018,355,717.585202351063
3019,355,317.459346135393
3020,355,82.8721533773048
3021,355,482.898120389943
3022,355,883.033883289454
3023,115,663.302436317007
3024,115,726.586703547771
3025,114,874.224461466795
3026,114,1093.54881172142
3027,114,1395.58782148544
3028,114,1737.73343772955
3029,114,2100.47742262704
3030,114,2474.778591012
3031,114,2856.09672722715
3033,32,2518.97126538505
3062,308,546.672822404622
3063,308,240.859874263368
3064,308,370.690464653134
3065,309,572.563664977199
3066,305,349.960160579338
3067,305,94.3804904556329
3068,305,464.304787009889
3069,305,861.676208767994
3070,304,836.934794613607
3071,310,889.567457332992
3072,310,980.756538617909
3073,310,1205.26838541773
3074,506,1498.24737804304
3075,506,1167.36897162866
3076,506,894.980922797746
3078,134,969.139953416979
3079,134,574.691025174001
3080,134,203.821183231898
3081,134,270.281612843482
3082,297,423.835435545739
3083,297,105.074129662502
3088,432,587.366568528529
3089,268,506.28729950227
3090,268,106.197949259394
3091,268,294.049149590926
3092,5,291.663306396942
3093,5,253.306147999585
3094,5,602.906562771893
3095,355,625.559030095729
3096,354,370.111125728139
3097,354,429.653631718986
3098,354,743.2752537526
3099,114,804.985519055996
3100,114,528.197592774065
3101,114,479.812063696903
3102,114,708.295449818933
3103,114,1045.64868874984
3104,114,1416.09174299909
3105,114,1799.30163594834
3106,114,2188.5823808762
3107,114,2581.18871971934
3108,114,2975.80467838351
3134,172,749.501295891463
3137,307,914.1793071378
3138,307,617.392719699066
3139,307,496.850012081991
3140,306,499.956397570917
3141,306,219.16968523785
3142,306,407.860747668157
3143,305,493.77493405231
3144,305,781.410871699595
3149,310,1598.34744380326
3150,506,1548.3521752684
3151,506,1294.41761711061
3152,506,1128.66072931229
3153,134,1181.94714202618
3154,134,792.412992718288
3155,134,423.170851313071
3156,134,224.643498970603
3157,134,492.028198066834
3158,298,432.269121012094
3159,298,389.034443507855
3164,269,435.600411654653
3165,268,465.39887337454
3166,423,391.660115392796
3167,423,22.4886080475246
3168,5,164.494324254257
3169,5,407.765695634354
3170,354,740.803544349919
3171,354,340.669795320912
3172,354,59.6483679011555
3173,354,459.669388090545
3174,354,859.808097823302
3175,114,474.655172254851
3176,114,128.087499768837
3177,114,357.42317961087
3178,114,747.885216929439
3179,114,1145.05428373716
3180,114,1543.76240863476
3181,114,1943.06239799403
3182,114,2342.65162524075
3183,114,2742.40366075209
3212,307,1376.39100485194
3215,307,224.604101173531
3216,307,276.136338082321
3217,306,285.536038921445
3218,306,199.318354818695
3219,306,564.057628559184
3220,175,394.965743967448
3221,175,474.189224547056
3223,175,1150.33893488623
3224,176,1087.75173119467
3226,176,1445.43335938456
3227,176,1738.58262111741
3228,506,1519.38131878497
3229,134,1474.78889622795
3230,134,1116.1555606047
3231,134,798.022702947225
3232,135,597.508915157092
3233,497,492.959882127278
3234,497,344.380557239769
3235,298,45.4778613501546
3236,298,355.917921111948
3241,269,123.266927816201
3242,269,502.602470582637
3243,423,377.804087951721
3244,423,387.249310604102
3245,5,537.852494705636
3246,353,717.020102842377
3247,354,644.488706858547
3248,354,377.822172679798
3249,354,436.313686601436
3250,354,747.145106445369
3251,114,701.311988888561
3252,114,350.469968412036
3253,114,272.132460706471
3254,114,587.808759695848
3255,114,968.10039982479
3256,114,1359.83595137503
3257,114,1755.37045362965
3258,114,2152.61079357036
3259,113,2476.92362655892
3286,172,1440.95595379756
3293,306,483.05432066166
3294,306,593.006422166532
3295,175,315.69401878522
3296,175,91.6621124798109
3298,175,886.899144284552
3299,176,729.281264685602
3300,176,815.261555027011
3301,176,1057.20786945031
3302,176,1375.12268230043
3303,176,1727.5627744079
3304,135,1798.65371879675
3307,135,603.939733107007
3308,135,220.028142014382
3309,497,155.53929280795
3310,497,244.743162966175
3311,298,370.831685109841
3317,269,401.096057421532
3318,269,747.268946805454
3319,4,658.963146971868
3320,4,569.447942274765
3321,353,629.685930219739
3322,353,317.025282568347
3323,353,353.188822891931
3324,353,684.993660684477
3325,354,835.115425392175
3326,114,1038.56440737002
3327,114,741.274849506766
3328,113,564.864010682505
3329,113,511.771867072195
3330,113,724.559370903057
3331,113,1052.75774262398
3332,113,1418.3963451623
3333,113,1798.78688673646
3334,113,2186.24268561318
3361,172,1862.50509626616
3375,176,448.034503190985
3377,176,682.887625028328
3379,177,1135.47632916785
3384,135,465.034316797235
3385,135,245.039439669416
3387,299,208.027242222669
3388,299,437.717601553241
3395,4,580.618170550296
3396,4,258.915989184915
3397,4,342.336715486445
3398,353,378.166289138231
3399,353,84.4314610803375
3400,353,437.589296527251
3401,353,834.312234516611
3403,113,884.329409478247
3404,113,494.491914366633
3405,113,165.054180406977
3406,113,360.832913878204
3407,113,743.905088808023
3408,113,1138.7827056515
3409,113,1536.38998965988
3410,113,1935.04502015761
3411,113,2334.21103154758
3450,176,435.724104886471
3451,176,49.1807038482687
3452,176,367.721489246455
3456,177,1356.95841164306
3460,136,216.523026924356
3461,136,434.720572381052
3462,299,255.882680283386
3463,299,231.686975574144
3464,270,381.131407947646
3465,270,210.361128185888
3471,4,360.611765451954
3472,4,141.701384973229
3473,4,479.952875007944
3474,353,457.986709051697
3475,352,347.863234161498
3476,352,527.722793447559
3477,352,869.603984675094
3478,113,1089.88306380704
3479,113,700.150060914061
3480,113,335.87518198993
3481,113,235.905029602401
3482,113,564.559335338623
3484,113,1343.72259350717
3485,113,1740.51070474145
3524,175,1014.43721079656
3525,176,1080.28051819314
3526,176,706.550285255756
3527,176,389.432732592212
3528,176,352.618265011742
3529,177,323.825155731339
3532,177,1045.79150621948
3533,178,1069.73930050083
3536,136,258.3730939897
3537,136,220.766427007805
3538,136,592.415634665548
3539,299,485.796322473002
3540,315,355.357727905141
3541,270,195.707389741803
3542,270,312.106785228945
3548,4,493.154370761048
3549,434,489.838846215763
3550,352,603.517803865195
3551,352,203.372274822621
3552,352,196.78461551751
3553,352,596.930019160027
3554,351,571.898860312404
3555,351,823.575473497377
3556,112,729.959781198798
3557,112,460.455700695992
3558,112,459.820770592298
3559,112,728.758086359081
3560,112,1082.11786529252
3561,112,1459.83126384151
3601,176,1062.45411490925
3602,176,788.120842550969
3604,177,397.239758715625
3610,137,867.247457537515
3611,137,551.28872034606
3612,137,419.473644768717
3613,252,476.857283308901
3614,315,636.335464047079
3615,315,236.251884633182
3616,315,164.148443631073
3617,315,564.191544105819
3618,270,686.153748104463
3619,270,1005.12308035116
3624,434,159.314720121018
3625,434,335.970184995532
3626,352,530.988852470208
3627,352,345.245298980245
3628,351,400.773982280727
3629,351,177.402500230966
3630,351,471.763924943574
3631,112,803.893437204704
3632,112,406.575786152503
3633,112,67.8287014736795
3634,112,405.136084459227
3635,112,802.438416595458
3636,112,1201.63107034027
3673,175,2149.77776117102
3683,178,335.395002665514
3684,178,269.910062887689
3686,137,962.811224392667
3687,137,564.524057628763
3688,137,174.949381658647
3689,252,205.827387667857
3690,252,271.890564884499
3691,315,552.800590899209
3692,315,341.466483990737
3693,315,497.843335366191
3694,316,568.968806256856
3695,316,817.884594115917
3696,3,797.721820376316
3697,3,885.866641407531
3701,434,241.730867837951
3702,434,553.215633802555
3704,351,587.690113757506
3705,351,236.880913121213
3706,351,295.098776298427
3707,351,662.036125977977
3708,112,662.439455301801
3709,112,343.517010927388
3710,112,342.665471092977
3711,112,661.11504049428
3712,111,858.883971540868
3713,111,1144.51326216775
3750,176,2442.3864764552
3751,176,2120.58107174254
3752,176,1829.94920737501
3759,178,132.146037414638
3760,178,371.407116323808
3761,178,760.698378167036
3762,255,613.466963889121
3763,255,398.128911586266
3764,137,278.447737377506
3765,252,221.394263531729
3766,252,490.605782052198
3767,316,788.378675832536
3768,316,407.621444344827
3769,316,176.090216148001
3770,316,464.863962345088
3771,3,499.548463680924
3772,3,487.677322776412
3773,3,739.153567135594
3777,425,393.241989369556
3778,425,438.662359467799
3779,425,741.92206919979
3780,351,633.238866462107
3781,351,521.385862874945
3782,351,680.391746666196
3783,351,987.046399497371
3784,112,742.728179631809
3785,111,593.145812338521
3786,111,351.362234458548
3787,111,464.033581220815
3788,111,792.109328794223
3827,176,2499.45876824742
3828,176,2222.39168411267
3829,177,2112.10016020109
3834,178,801.366665954385
3835,178,531.330310776867
3836,178,492.619022195082
3837,253,530.879109870935
3838,253,312.432081277532
3839,255,275.887869491281
3840,255,135.639806285137
3841,255,530.019458484411
3842,252,613.110211693631
3843,252,853.054466733905
3844,316,594.806557294313
3845,316,241.925886398959
3846,316,288.963277001165
3847,3,427.756202097437
3848,3,105.530288557495
3849,3,399.420037180091
3850,3,792.57462822241
3854,425,49.7804660599462
3855,425,447.641287615322
3856,425,847.658992526977
3857,351,881.38605875474
3858,351,898.783695150767
3859,350,923.974961376386
3860,350,708.972854561735
3861,111,685.524537627068
3862,111,285.408583202058
3863,111,114.937533388328
3864,111,514.977303691716
3865,111,915.112572063842
3902,176,2884.08798560433
3907,167,1632.12505534664
3908,167,1266.01729040671
3909,167,928.442915599667
3910,167,664.418241789263
3911,167,584.068349662494
3912,253,631.339282340026
3913,253,232.918575401671
3914,253,173.641853286
3915,255,310.040049436303
3916,255,445.564954309914
3917,477,498.345400393859
3918,214,729.648787213379
3919,214,472.351115116339
3920,2,402.400183816379
3921,2,423.21518224812
3922,215,521.690137069282
3923,216,296.372922650055
3924,216,120.288713981423
3925,216,511.214758830036
3926,241,633.704872348059
3930,425,412.983475697226
3931,425,727.034615509927
3932,425,1098.56354392254
3933,350,1279.91884775477
3934,350,898.190799082685
3935,350,543.635866405367
3936,350,323.375923467298
3937,350,483.572961858569
3938,111,362.398239294162
3939,111,472.445026343803
3940,111,797.066283824469
3977,176,3557.75477662153
3978,167,3733.95193879708
3984,167,1346.06753744169
3985,167,954.455070374953
3986,167,574.726160701384
3987,167,264.338515211081
3988,167,360.109086015726
3989,253,575.436417553976
3990,253,383.285922887644
3991,253,531.909684253824
3992,477,486.261001333628
3993,477,149.793706429869
3994,477,358.699767886312
3995,214,396.225569070262
3996,214,88.5566525206587
3997,2,25.6636468147037
3998,215,321.0550874744
3999,215,212.831469056308
4000,216,308.339457351546
4001,216,426.40950493931
4002,241,278.112694707088
4003,241,435.106896045084
4007,217,727.401841573225
4008,217,725.246926406447
4009,217,918.200387664062
4010,350,1039.23172180602
4011,350,639.277836579539
4012,350,239.976353225824
4013,350,163.523896953145
4014,350,562.254743531772
4015,111,708.128248098476
4016,111,868.007376402224
4052,653,2966.7198722186
4053,653,2955.45795065212
4060,167,1131.46007088242
4061,167,734.443850804615
4062,167,344.750326433225
4063,167,136.150448961392
4064,254,168.850026557563
4065,254,383.10528377229
4066,97,201.160744303032
4067,212,378.910760453625
4068,477,341.712004488998
4069,477,250.748785890154
4070,477,573.778630173392
4071,214,319.125111983621
4072,214,335.868873223751
4073,2,399.537567879848
4074,215,190.610610021457
4075,215,372.387976377966
4076,241,664.633521457045
4077,241,270.832737975638
4078,241,158.751943812153
4079,241,545.245945365767
4083,217,351.696426416772
4084,217,529.792124236228
4085,217,870.579302948913
4086,350,917.633632419684
4087,350,575.190680704147
4088,350,374.000266631441
4089,350,518.793912977647
4090,110,563.186669363964
4091,110,605.302266552374
4092,110,857.812230619837
4129,653,2607.94376044518
4136,167,1403.44535299837
4137,167,1033.80114672052
4138,167,698.620089355486
4139,167,477.110588544154
4140,254,313.512833832081
4141,254,237.549968449407
4142,97,214.616375070413
4143,97,290.19577796488
4144,212,68.2473409891863
4145,212,363.026934316216
4146,212,761.024851453461
4147,214,718.386164075236
4148,214,605.744287248477
4149,2,679.364724793774
4150,215,589.581895074271
4151,215,538.356415595361
4152,215,743.160610171233
4153,241,624.174134169192
4154,241,425.823318272406
4155,241,541.568949548413
4160,217,196.23054957668
4161,217,596.335079203592
4162,218,890.001790393364
4163,218,514.407885989819
4164,218,239.514669960908
4165,218,412.745198345741
4166,110,392.965465371413
4167,110,208.599455429735
4168,110,502.837065439642
4211,168,1473.01269127286
4212,168,1080.54315355422
4213,168,696.864691169246
4214,168,352.004349339072
4215,168,287.112345844015
4216,98,152.608194793907
4217,122,211.570863247729
4218,122,189.086195825675
4219,211,315.766995612779
4220,212,431.255684122114
4221,212,687.918701742108
4222,212,1039.57796960479
4223,214,970.197877685637
4224,318,950.034063051763
4225,318,591.651570350013
4226,318,343.18835049647
4227,318,453.590906650672
4228,318,783.550241348467
4229,452,744.030736893729
4230,452,511.89233989044
4231,452,539.189814724566
4235,217,341.427199899437
4236,426,425.077874277014
4237,426,715.587983015115
4238,218,668.963609112238
4239,218,283.09753033527
4240,218,181.702383138482
4241,218,553.287396714421
4242,110,202.178162366779
4243,110,300.146059952854
4244,110,677.893012460208
4288,168,1256.31174178733
4289,168,858.04770856041
4290,168,463.046914662994
4291,168,113.22065878871
4292,168,362.581421665563
4293,98,330.729717290143
4294,122,356.779315554456
4295,211,173.613683238289
4296,211,231.779771614434
4300,318,1090.6416661233
4301,318,690.554795320144
4302,318,290.64159123911
4303,318,110.991312782961
4304,318,510.299457367453
4305,452,776.857034438478
4306,452,389.664955882146
4307,452,142.865973332337
4311,426,386.7930586062
4312,426,24.9809966181353
4313,426,414.583128853484
4314,426,814.47788906459
4315,218,650.508210184442
4316,218,464.663936294639
4317,218,573.501511351635
4318,110,598.730356277493
4319,110,497.563894144108
4361,206,1678.27145912371
4362,207,1572.96686879368
4364,168,1143.28979542032
4365,168,790.66928558911
4366,168,513.268256512976
4367,242,410.855999690013
4368,242,112.044893884421
4369,123,219.079046394362
4370,123,245.685999531011
4371,210,328.741911520136
4372,210,557.926588091128
4374,210,1295.54028477704
4375,318,1340.40070052743
4376,319,966.038369522595
4377,319,600.991895333151
4378,319,330.745635164773
4379,319,421.704140531166
4380,319,752.672823423779
4381,452,601.567792217368
4382,452,265.208622394524
4386,427,566.610927443979
4387,426,375.229031342307
4388,426,389.784530902349
4389,426,695.202991381962
4390,340,556.462492581586
4391,340,241.24007804146
4392,340,356.347162433194
4393,109,569.974231901833
4394,109,694.699269169303
4395,109,980.093824860862
4437,206,1543.6919732489
4438,206,1279.25482936715
4439,207,1205.65266375785
4441,207,691.040144442482
4442,207,685.468112497918
4443,242,639.940289446174
4444,242,305.212628709437
4445,242,311.490394661761
4446,123,229.121845938509
4447,210,147.913145525868
4448,210,254.89017411238
4449,210,654.446422978878
4452,320,829.346621996223
4453,319,715.69986090663
4454,319,316.713443618192
4455,319,92.8920463585176
4456,319,487.02245492829
4457,319,886.562588505123
4458,452,663.702348706133
4462,427,569.806233245592
4463,427,185.316881145296
4464,427,253.467958032369
4465,427,643.731404669753
4466,340,726.80931013772
4467,340,341.581260939321
4468,340,159.198367325001
4469,109,301.910735990682
4470,109,297.936822923875
4471,109,637.670065127322
4472,109,1022.11563778564
4510,653,1015.32986750232
4511,653,1266.76020979573
4512,206,1506.52424674239
4513,206,1167.47701406853
4514,206,881.266567711966
4515,206,714.49272981406
4516,207,514.957089940664
4517,207,312.0744542158
4518,207,499.840877407501
4519,88,565.387993530156
4520,88,314.839948562992
4521,124,119.613993317505
4522,124,285.84802487367
4523,210,372.687906064734
4524,210,584.899361898507
4525,210,930.35412126833
4526,300,783.744095120141
4528,320,443.993976877667
4529,320,281.249836945133
4530,319,399.579638590474
4531,319,477.60406899275
4532,319,785.358478679769
4533,319,1151.395139604
4537,427,805.326594548039
4538,427,445.077215320121
4539,427,260.532357464708
4540,427,507.839609454319
4541,427,876.450572770694
4542,340,703.846065871332
4543,340,493.908252806041
4544,109,421.509201618209
4545,109,123.15011791007
4546,109,415.815489284775
4547,109,806.771166933251
4584,653,715.458757343733
4585,653,533.915169116919
4586,653,615.215957328711
4587,653,890.032040122553
4588,654,1007.32223811782
4589,206,1187.33022475404
4590,206,814.408074148312
4591,206,486.835693663181
4592,206,361.937158566681
4593,207,212.497089907798
4594,207,193.610587159471
4595,207,591.655307968953
4596,88,278.587224718324
4597,88,131.117567659263
4598,124,385.601819334023
4599,158,486.114565019628
4600,158,283.774753262803
4601,158,494.964502455177
4602,300,584.022184574196
4603,300,406.168828818205
4604,320,552.119249703332
4605,320,163.35849572171
4606,320,262.254105025685
4607,320,656.589154881614
4608,503,587.564081866149
4609,503,662.721781686642
4613,164,835.216066366066
4614,164,455.550949668291
4615,164,194.186597313991
4616,164,433.740911141964
4617,164,811.661812574935
4618,142,512.308359438278
4619,142,474.91694228191
4620,142,713.353638570193
4621,109,511.670052746511
4622,109,509.335350253249
4623,109,759.789116227547
4652,649,959.707158509482
4653,650,987.791533988298
4659,653,707.077896550734
4660,653,336.188393528475
4661,653,215.237848529204
4662,653,547.606828168813
4663,654,674.994235704052
4664,654,706.970451309618
4665,206,932.808300354686
4666,206,532.690408581905
4667,206,132.77036506426
4668,206,267.839542495116
4669,207,381.27427706116
4670,207,545.729444436235
4671,89,525.86621029939
4672,89,311.348757433189
4673,125,351.166336739614
4674,125,164.015037088636
4675,158,204.536075733504
4676,158,214.886602849593
4677,191,389.296574690053
4678,300,227.860783997731
4679,300,189.558068369162
4680,300,583.253936977872
4681,320,420.097871773428
4682,320,615.381148289391
4683,503,367.761253064237
4688,163,428.093644831588
4689,163,486.629445288938
4690,164,261.444161464877
4691,164,242.188565111312
4692,164,607.617189370151
4693,142,457.947162403535
4694,142,112.611032532598
4695,142,368.629990447969
4696,142,761.141300393133
4697,109,816.200592871749
4698,109,907.700444068665
4723,647,289.797370697345
4725,648,324.011931527118
4728,649,575.325537850995
4729,650,627.259182592343
4730,650,727.608314357623
4731,658,686.769425442181
4735,652,342.027554474269
4736,653,511.097902561171
4737,653,185.486041910078
4738,653,357.533785171144
4739,654,465.593624463344
4740,654,317.563684493112
4741,654,552.410587671091
4742,205,627.593888958775
4743,206,473.812852944702
4744,206,344.220938974481
4745,206,576.817788520391
4746,322,467.84077212439
4747,89,625.607821916275
4748,89,227.304137325923
4749,89,179.4173042207
4750,125,236.175274650853
4751,125,345.662435729356
4752,294,345.216155523125
4753,191,124.566669521971
4754,191,282.519939977184
4755,300,288.097612943766
4757,160,673.588539217337
4758,503,889.955244688103
4759,503,495.485943556812
4764,163,338.659897109796
4765,163,90.0771366774569
4766,338,110.619186398815
4767,338,372.911026511076
4768,437,519.784840303404
4769,108,567.741057158604
4770,108,312.634441347713
4771,142,288.3465817847
4772,142,605.368708796689
4773,166,518.46937099534
4774,166,760.353629910552
4800,648,233.716030350385
4801,648,169.416576286695
4802,649,154.060942871598
4803,649,247.391009070975
4804,650,362.51529324459
4805,650,327.500085793742
4806,658,392.636696827777
4807,658,396.767658414547
4808,659,461.300922984947
4809,652,499.342433822878
4810,652,100.771487308706
4811,652,302.007507584187
4812,652,701.786144168993
4813,653,525.384523449357
4814,654,546.057746405817
4815,654,148.753100823254
4816,654,257.521879379403
4817,205,522.533384202677
4818,205,230.133593511431
4819,205,391.309979205164
4820,323,484.930630216893
4821,322,330.645395177209
4822,322,138.639265796736
4823,93,360.072058432218
4824,93,234.126308778578
4825,126,401.703109363461
4826,126,367.953134803938
4827,294,71.8870925108301
4828,294,335.32150943781
4829,191,322.340239236948
4830,159,265.078845485219
4831,159,230.007726178939
4832,160,403.648636487402
4833,160,364.052522409814
4838,162,737.914698068054
4839,163,605.275438978117
4840,163,315.691178263356
4841,338,343.460735462981
4842,437,291.538061439957
4843,437,133.596557978762
4844,437,520.522125881088
4845,108,284.131698548601
4846,108,127.522268356764
4847,166,435.956644482458
4848,166,137.92375030111
4849,166,410.15776739177
4880,650,435.456352980146
4881,650,73.0772063129264
4882,650,375.899128030683
4883,658,7.52346762939865
4884,658,404.275314290845
4885,659,62.7460428671722
4886,659,359.477710364927
4887,651,278.77446785232
4888,651,583.542974001726
4889,651,961.026295132897
4890,654,836.553936412961
4891,654,513.468544653102
4892,654,384.342467025663
4893,654,593.321199136363
4894,205,303.725626313885
4895,205,179.695340298577
4896,323,318.187383449425
4897,323,170.005649559653
4898,322,264.183666625361
4899,322,373.909525401276
4900,93,166.758186454346
4901,93,336.292151755987
4902,126,37.6015765715931
4903,126,368.183262963679
4904,294,398.18952158707
4905,273,220.857022622984
4906,273,357.808561169576
4907,159,202.502386935017
4908,160,438.616642695858
4909,160,43.1930680185085
4914,162,756.979375849549
4915,162,374.509475930365
4916,162,166.549774652413
4917,337,294.380979488236
4918,337,385.537700037234
4919,437,292.850434047314
4920,437,422.77160714034
4921,108,619.64753006979
4922,108,399.215834923818
4923,108,505.000225749915
4924,166,299.127122446899
4925,166,280.290261234849
4926,166,622.808165322681
4953,648,736.575331252917
4954,649,694.501962848192
4955,650,753.703605250355
4956,650,472.933531910509
4957,201,443.815029481869
4958,658,403.646486299842
4959,658,407.665901612801
4960,659,387.493503767841
4961,659,339.584195208241
4962,651,122.316285702187
4963,651,342.997871763907
4964,651,735.238642212157
4965,203,771.231708410432
4966,204,565.396372967694
4967,204,305.828372004257
4968,204,433.164071900562
4969,205,672.145072409494
4970,205,481.351401286406
4971,323,536.256117682257
4972,323,234.751570384772
4973,323,378.005279277508
4974,90,490.316553757431
4975,90,281.721878600781
4976,90,488.432484644963
4977,126,433.220631747756
4978,126,402.124630224058
4979,273,717.174216191469
4980,273,336.489183926018
4981,273,179.869738607282
4982,273,521.270862655449
4983,159,576.185319090161
4988,161,573.697701653553
4989,161,605.635032975906
4990,162,573.478766967969
4991,162,237.146206953243
4992,337,332.216304083369
4993,337,110.570437506203
4994,428,342.677486339768
4995,428,285.592999214212
4996,428,604.930599131948
4997,107,506.078267277623
4998,107,721.547326271088
4999,166,692.945208740752
5000,166,556.001531331733
5001,166,677.011258918447
5002,166,963.219958204742
5003,166,1310.52776863558
5006,626,1573.3655735209
5028,648,1148.35051943263
5029,648,1064.26815183271
5030,200,949.871253173974
5031,200,828.424861638738
5032,201,839.808933707018
5033,201,440.062398373525
5034,201,47.6771483766072
5035,201,362.123781546167
5036,202,503.983945323593
5037,202,110.722448989274
5038,202,301.26638730486
5039,651,463.696761297064
5040,203,553.747411565708
5041,203,395.136474510447
5042,203,570.851923681052
5043,204,287.324435737748
5044,204,128.585905191636
5045,204,520.34184819484
5046,204,919.358060421871
5050,90,604.862619120049
5051,90,211.410681465915
5052,90,209.218690596089
5053,90,602.571772293152
5054,144,375.267540081655
5055,144,356.540318081829
5056,274,369.963978950915
5057,274,372.83590748378
5058,273,579.802174910858
5059,273,857.707359109859
5064,161,408.97672066602
5065,161,211.673142224798
5066,161,492.535750558017
5067,162,636.380372830924
5068,336,513.975814021358
5069,337,442.780310047076
5070,428,457.611765678844
5071,428,115.857135409674
5072,428,371.051890528459
5073,107,158.546408625406
5074,107,359.90444251703
5075,107,744.424486417793
5076,150,794.622808659477
5077,150,732.810470589515
5078,150,873.406846703732
5079,150,1144.07622570063
5080,626,1093.84994936868
5081,626,1061.70824086616
5082,626,1173.96070146815
5083,626,1402.68517369929
5101,73,1345.19386773244
5102,73,1351.22994489452
5103,200,1546.35091444157
5104,200,1172.44474196354
5105,200,823.58660583765
5106,200,549.732501896332
5107,200,496.346100947636
5108,201,714.549149172508
5109,201,398.845075169843
5110,201,357.514674098794
5111,201,645.599358110724
5112,202,428.149190268724
5113,202,318.89263010119
5114,202,583.365867946431
5115,203,590.198495349657
5116,203,194.189514143442
5117,203,217.548689501606
5118,203,614.15621677015
5119,204,407.037896237844
5120,204,509.686213601846
5121,204,821.049717258904
5122,324,787.792171440879
5125,324,419.083158964433
5126,91,466.017751459635
5127,90,411.364679754365
5128,90,573.079478595799
5129,144,419.238615990348
5130,144,43.9888392746419
5131,144,385.164316814088
5132,274,33.7529088722531
5133,274,404.219983397751
5134,469,409.951371940122
5135,469,560.231657677822
5139,161,570.646341156892
5140,161,207.507866178902
5141,161,284.120188825812
5142,161,662.292645417863
5143,336,402.717972797007
5144,336,136.740376373224
5145,336,442.10483476027
5146,439,330.641708804968
5147,428,479.228769707361
5148,107,338.232210169326
5149,107,242.22731082986
5150,107,568.497660895005
5151,150,643.516891204618
5152,150,399.472650718629
5153,150,474.64247374175
5154,150,781.8153406462
5155,626,860.056346810291
5156,626,714.347383392072
5157,626,774.844288483956
5178,73,986.799940157383
5179,73,1072.46048629178
5180,200,1277.11803701247
5181,200,880.100592112536
5182,200,488.227855379005
5183,200,149.661752064811
5184,200,355.912427445526
5185,200,742.422714288583
5186,201,666.890098076537
5187,201,757.365841044002
5188,202,821.344433346767
5189,202,657.925641655489
5190,202,715.10011966081
5191,203,842.778165029134
5192,203,489.416889661083
5193,203,298.371283634866
5194,203,508.689127538901
5195,203,865.301397548308
5196,326,709.850388641599
5197,326,789.133689979959
5198,325,571.782248928904
5201,324,459.059569841616
5202,91,314.118750520528
5203,91,152.565561354625
5204,149,393.614936057882
5205,149,597.455884886598
5206,144,443.837350976131
5207,256,376.187742771728
5208,256,441.072538261443
5209,274,430.868568502323
5210,469,226.898638782871
5211,469,192.771965301165
5212,469,585.731901843988
5216,161,601.295369384608
5217,161,488.978113432066
5218,161,660.973284056707
5219,336,616.794150296107
5220,336,277.181865940327
5221,336,305.724144180803
5222,439,151.696671182983
5223,439,250.50494971087
5224,106,224.757353555976
5225,106,371.264420354915
5226,106,738.513039567593
5227,150,719.05855028219
5228,150,319.981448062769
5229,150,89.2963501048922
5230,150,483.531107409951
5231,626,776.613605854405
5232,626,462.171431732579
5233,626,379.893485696432
5253,73,664.807103394454
5254,73,676.937455231647
5255,73,891.495010053687
5256,200,1091.37628713496
5257,200,703.398845214534
5258,200,344.500504578055
5259,200,250.667482381573
5260,200,572.040822526259
5261,200,954.918920838761
5262,201,1025.0123316445
5263,201,1157.424845623
5264,202,1041.28895886555
5265,202,1001.33082373409
5266,203,1180.02493523652
5267,203,872.691895935515
5268,203,671.540192245157
5269,203,678.663467022177
5270,326,745.307200060893
5271,326,440.411855483304
5272,326,390.749912783702
5273,326,657.001901149072
5274,325,335.786571504062
5275,325,133.691548950418
5276,325,493.190835814238
5277,91,548.098047893391
5278,91,254.746236676341
5279,149,154.014709888245
5280,149,256.163840300459
5281,275,523.510733909002
5282,256,333.930319822983
5283,256,66.4510690331592
5284,256,466.438664740401
5285,469,505.122439915756
5286,469,284.086713085196
5287,469,475.925147384482
5288,565,616.315168546228
5292,566,264.894681662253
5293,566,362.013073256118
5294,335,542.430788641861
5295,335,299.662283619988
5296,335,453.438968530564
5297,439,506.895094648579
5298,439,369.543044963022
5299,106,323.404352607801
5300,106,178.298437101886
5301,106,528.425245507757
5302,106,920.282074970606
5303,150,604.516922864816
5304,150,333.023933869207
5305,150,420.252383600103
5306,150,750.041389650003
5307,626,486.98611133055
5308,626,88.0373573610863
5309,626,313.988344572812
5310,626,713.911608899722
5311,626,1113.99905325709
5329,73,480.006030904827
5330,73,294.210762876293
5331,73,512.793787115686
5332,73,871.549353175767
5333,14,698.224710401846
5334,14,591.593429961795
5335,200,565.011248635747
5336,200,650.778610497503
5337,200,920.88594680222
5338,13,1138.33186068194
5339,13,1419.5373884073
5340,202,1433.85580933507
5341,202,1346.92308013529
5342,202,1375.75574508887
5343,203,1266.45041827614
5344,203,1064.49527404733
5345,327,991.739322581108
5346,326,852.010912170565
5347,326,451.974156022539
5348,326,53.6833666800088
5349,326,348.893096633746
5350,326,748.875226429773
5351,325,467.774760302096
5352,325,532.968609333882
5353,92,666.125661567253
5354,92,477.774716466185
5355,149,461.249794993893
5356,149,307.456028789242
5357,275,447.053568183003
5358,275,127.443044104708
5359,275,390.985707845809
5361,127,181.08049327744
5362,127,410.151912961097
5363,565,587.836789188599
5364,565,292.900529294644
5365,565,382.456078317655
5369,566,135.776762234339
5370,566,489.32730772847
5371,335,260.691950094038
5372,335,153.779538104791
5373,408,207.919641163244
5374,408,295.59502012242
5375,408,672.135046002532
5376,106,495.970143174041
5377,106,577.328195835399
5378,106,860.739432088855
5379,151,586.714209838344
5380,151,417.236713009531
5381,151,569.370473301002
5382,151,891.359830574639
5383,626,762.201837296134
5384,626,437.521552344941
5385,626,349.487751768668
5386,626,610.820252098606
5401,74,447.904047740426
5402,74,81.8299589261142
5403,74,364.715929607916
5404,73,582.311231446502
5405,73,187.400088421816
5406,73,226.703855150475
5407,73,622.827347383152
5408,14,622.021671086329
5409,14,298.754404715514
5410,14,334.426292750806
5411,14,674.293120328554
5412,13,560.851532298261
5413,13,743.959837878574
5414,13,1054.81830290087
5415,13,1411.40025384451
5416,12,1280.82197421432
5417,12,1458.99252947724
5418,327,1786.94266971881
5419,327,1393.44275420296
5420,327,1005.20885526909
5421,327,632.020968997562
5422,327,329.696370697098
5423,327,371.742407438822
5424,326,363.379149679672
5425,326,641.101086414181
5426,326,1005.0970762955
5427,325,803.191812769211
5428,92,681.161658490034
5429,92,297.329235915315
5430,92,181.856048743376
5431,92,545.877320268064
5432,139,213.466681355022
5433,139,224.930106570243
5434,275,280.469535307233
5438,128,364.805236590896
5439,128,170.654904200329
5440,565,111.087843689832
5441,565,482.642898913904
5444,566,475.458102863997
5445,566,535.672215571559
5446,335,605.282081255566
5447,335,402.40847440479
5448,408,397.495337892033
5449,408,205.004170101636
5450,556,384.554700912537
5451,556,308.614237462722
5452,556,602.367581434434
5453,557,615.437747127101
5454,151,616.798306271092
5455,151,223.989447476091
5456,151,200.364305856498
5457,151,591.915448396471
5458,151,990.366296643578
5459,626,833.872286817969
5460,626,682.596465980946
5461,626,746.174311110128
5477,75,489.591712828292
5478,74,367.614862953655
5479,74,318.340246570583
5480,74,622.722978530674
5481,73,551.290403816375
5482,73,400.093981466796
5483,73,580.062763891815
5484,14,778.811741000095
5485,14,385.705909867351
5486,14,105.990542051673
5487,14,440.38910772004
5488,13,229.338723840404
5489,13,362.486233959677
5490,13,728.313126999257
5491,12,887.574358997124
5492,12,891.951113211781
5493,12,1060.00436851553
5494,11,1128.42588075668
5495,328,1278.8978916463
5496,328,954.490802634737
5497,327,765.813352745449
5498,327,368.235474434868
5499,327,70.486000222588
5500,327,441.115433886056
5503,8,773.362167573012
5504,92,896.929547763103
5505,92,518.443980715267
5506,92,230.931367160953
5507,92,397.640565373468
5508,139,470.323641281418
5509,139,257.114896506765
5510,276,293.484938684125
5511,120,162.125657100141
5514,128,563.409585828514
5515,128,230.973511869566
5516,128,330.924102804895
5517,565,509.051833932568
5518,565,799.912035746233
5521,370,880.45753425344
5522,370,529.000385421252
5523,370,323.606402756821
5524,409,450.814854773933
5525,409,322.869702187199
5526,556,470.961767249366
5527,556,95.0977404277614
5528,556,341.35876942368
5529,557,325.948846100462
5530,557,344.530300301045
5531,151,496.487215724577
5532,151,276.319289045411
5533,151,475.866276899781
5534,151,834.738670083008
5535,151,1219.57867766401
5536,626,1063.00411603839
5553,372,678.10274295384
5554,372,332.344209350241
5555,372,285.177073758715
5556,372,610.281246403842
5557,373,640.278809175083
5558,373,440.502586043079
5559,373,546.23448430865
5560,14,726.999090314876
5561,14,480.490072690698
5562,14,503.445604068045
5563,13,332.989055885871
5564,13,171.929760657449
5565,13,518.152297823893
5566,12,650.557898945784
5567,12,520.472968199223
5568,12,662.421826599435
5569,11,821.00472323851
5570,11,794.049925051434
5571,328,952.676883729656
5572,328,585.822378095265
5573,328,314.684664967453
5574,328,418.460253589681
5575,327,470.617181792716
5578,8,589.220648061047
5579,8,389.815840068652
5580,8,526.284903849886
5581,92,627.559304179528
5582,92,581.805457629737
5583,92,776.793535730148
5584,276,564.653192940957
5585,276,171.038476112822
5586,276,244.783472900809
5587,120,240.234878934139
5588,120,547.08507082789
5589,120,927.973683946338
5590,129,660.41249230824
5591,129,313.176799952461
5592,129,283.299661290731
5593,129,618.612665699285
5594,129,1002.67068583641
5597,370,619.414618463112
5598,370,220.073109368104
5599,370,182.848963663742
5600,409,127.974370295786
5601,409,278.406445547361
5602,556,493.039651575644
5603,556,436.404046510018
5604,557,392.384179286357
5605,557,79.3845157827604
5606,558,230.554842550207
5607,558,259.544972915602
5608,559,477.790308768355
5609,559,724.462352847669
5610,559,1068.48108731002
5611,559,1441.77043209907
5632,372,380.910213734835
5633,373,675.751039625196
5634,373,283.906520252006
5635,373,157.51340504131
5636,373,537.830967049379
5637,198,439.277375009907
5638,198,474.478251752427
5639,13,699.579265735536
5640,13,497.963135379972
5641,13,571.635685454747
5642,12,615.554070544829
5643,12,257.781346440451
5644,12,272.469766064432
5645,12,634.249529991278
5646,11,437.425153385668
5647,11,554.913857382981
5648,328,707.000887223767
5649,328,309.138667798134
5650,328,107.365033239792
5651,328,497.726689889456
5652,328,896.761137820929
5653,9,651.143911989622
5655,8,247.325969250629
5656,8,161.454443364769
5658,8,957.389494688679
5659,92,971.550246473858
5660,276,861.579934804646
5661,276,540.942544875881
5662,276,403.932733910804
5663,276,594.93565537831
5664,120,639.831852877406
5665,120,900.60874723701
5666,129,832.165669395605
5667,129,440.809041845482
5668,129,127.943623464356
5669,129,398.334758142583
5670,129,788.172340058355
5671,369,861.333179511105
5674,370,558.916074829231
5675,370,370.495285891713
5676,410,305.262454932327
5677,410,314.917216507296
5678,104,491.878329046063
5679,104,640.341817862339
5680,557,722.448632526824
5681,557,462.759717174607
5682,558,434.083868969872
5683,558,206.191307511736
5684,559,104.0913525179
5685,559,383.764473329171
5686,559,777.148281312165
5687,559,1175.1118457935
5693,631,849.680332411846
5710,373,267.381512966039
5711,373,419.311968120818
5712,198,365.36530887031
5713,198,74.3952856386599
5714,198,444.771658989355
5715,375,457.791196082347
5716,375,323.612335709796
5717,375,565.792812064827
5718,12,426.912691975026
5719,12,172.976517988311
5720,12,444.782591199695
5721,11,269.091586100028
5722,11,169.931694093029
5723,11,552.799789820319
5724,16,438.908597342227
5725,328,410.109238219422
5726,328,494.238994368765
5727,10,623.851704887246
5728,9,559.842204036672
5729,9,251.256198562548
5730,9,364.801906474494
5731,8,308.874269794049
5732,8,469.492075358327
5734,8,1196.32538208142
5735,276,1219.03695302464
5736,276,936.070381998188
5737,277,813.677677454095
5738,277,466.253188373836
5739,277,304.888670937976
5740,277,537.370040817985
5741,277,897.117836719145
5742,129,781.53037988884
5743,129,522.230367550679
5744,129,504.879723241501
5745,129,746.543146187775
5746,369,667.419844615408
5750,410,800.377437428227
5751,410,407.707407369298
5752,410,109.958561072027
5753,104,239.243357894991
5754,104,255.359786293497
5755,104,627.235364076079
5756,153,597.339030097928
5757,153,247.460952053559
5758,153,293.094327428778
5759,559,337.091264288448
5760,559,299.914345241285
5761,559,621.700035254376
5762,559,1001.65736582174
5787,373,618.568635409481
5788,198,627.903967302301
5789,198,325.858844475492
5790,198,371.952963404692
5791,375,532.0310236473
5792,375,134.487503874829
5793,375,270.852857415142
5794,376,380.735435471668
5795,376,329.245207202071
5796,376,626.170856289895
5797,11,523.186537876656
5798,11,264.704403477345
5799,11,432.03833464911
5800,16,252.38334704487
5801,16,188.158712456946
5802,16,572.149095978482
5803,10,519.323685325745
5804,10,226.48096212308
5805,9,335.688334878545
5806,9,150.050648999889
5807,9,502.581547146899
5808,8,670.731563247992
5809,8,857.33454511894
5810,8,1157.76013403243
5811,8,1505.3367885682
5812,277,1356.68694220941
5813,277,956.845461928238
5814,277,557.450908475563
5815,277,161.846505017897
5816,277,248.760056038916
5817,277,646.384822090826
5818,277,1045.9395821043
5819,368,965.809852495824
5820,368,636.247592969658
5821,368,443.934649210803
5822,368,556.407755873393
5823,369,300.250560815434
5828,410,495.230484244265
5829,104,439.06127895199
5830,104,201.553516560953
5831,104,456.855868125731
5832,154,706.392237705868
5833,153,404.927115853959
5834,153,168.852327472469
5835,560,187.403422425475
5836,560,226.204913537693
5837,560,622.464304788981
5838,560,1021.76293052746
5839,559,1312.6005103868
5862,197,692.579865801751
5863,197,466.892970208071
5864,197,525.885991939267
5865,198,631.759983687054
5866,375,822.669980300261
5867,375,501.690526634325
5868,375,383.204227997204
5869,376,449.303217121721
5870,376,72.0690734440938
5871,376,358.830358749729
5872,377,564.71012072477
5873,377,372.742004437163
5874,377,528.413205644743
5875,16,504.973772245484
5876,16,258.035901460899
5877,16,445.433706158826
5878,10,685.891998337142
5879,10,303.186341076178
5880,10,183.414184265582
5881,10,543.6949973004
5882,9,549.677424023884
5883,9,832.070099218205
5884,9,1184.3903957271
5885,8,1252.94333162117
5886,8,1528.19351074405
5887,277,1604.50886759466
5888,277,1220.36055365619
5889,277,851.09086405668
5890,277,528.844060238471
5891,277,394.006376111605
5892,277,592.495242150075
5893,349,812.45531164722
5894,349,548.260763390427
5895,349,511.215182725782
5896,368,275.855760995138
5897,368,168.777015595526
5898,369,523.518264434069
5899,369,234.72530890032
5903,411,845.875055860705
5904,411,520.403494057267
5905,411,382.596155048339
5906,411,584.965532152775
5907,154,751.878570191242
5908,154,359.738425695251
5909,154,117.246908199588
5910,561,317.452728689024
5911,560,295.150953863397
5912,560,513.113074407715
5913,560,871.608054675933
5939,197,342.744220382682
5940,197,126.167233637961
5941,197,484.363190356627
5942,197,879.512472098181
5943,375,897.521444883787
5944,375,735.237682551693
5945,376,760.941610761068
5946,376,471.41302218507
5947,376,430.898071892216
5948,377,625.533086186796
5949,377,226.292282742094
5950,377,177.114902119131
5951,378,359.974231541838
5952,378,245.622059361597
5953,378,557.964100835814
5954,379,454.692740505415
5955,379,667.004180232807
5956,10,484.139953158536
5957,456,534.391581329377
5958,456,297.747662322622
5959,456,460.410680060859
5960,456,809.658776196355
5961,456,1191.36966935909
5962,456,1582.22029436633
5963,347,1287.90961756264
5964,348,1326.40379726846
5965,277,1207.56150069301
5966,277,923.797954604984
5967,277,754.218304738096
5968,278,626.074810542118
5969,278,599.558135679948
5970,349,471.061180441588
5971,349,150.090759982296
5974,368,424.426828135469
5975,369,631.774779229056
5976,369,583.340618341944
5980,411,556.649327233238
5981,411,159.047117255387
5982,411,246.938121038088
5983,411,645.682448140774
5984,154,596.544595488444
5985,154,282.98072679396
5986,561,337.358863283129
5987,561,89.2029718526326
5988,561,471.538173000354
5989,561,870.048411209003
6014,196,569.145372251792
6015,197,274.818411413815
6016,197,366.186056284939
6017,197,716.173413469568
6018,197,1100.89125269902
6019,375,1120.06628765408
6021,376,871.499612715858
6024,377,532.658215724851
6025,377,322.123796619122
6026,378,503.423958967698
6027,378,155.118861189591
6028,378,339.017898396478
6029,379,141.575291035772
6030,379,313.161533636064
6031,365,305.025334408389
6032,365,303.813386926306
6033,456,251.567470697897
6034,456,162.75133361675
6035,456,556.717988808286
6036,456,955.838354379091
6037,346,1053.01553969676
6038,347,1066.19142582304
6039,347,899.201270885934
6040,348,936.299984400137
6041,348,709.663760762668
6042,348,671.440967079999
6043,278,497.821539383407
6044,278,234.95523732505
6045,278,427.582557695394
6046,349,322.425850162299
6047,349,254.38062424393
6050,368,807.487236533681
6051,131,948.884940738441
6052,369,972.482199583461
6055,411,818.011134270231
6056,411,473.769053480025
6057,411,316.254734606476
6058,411,543.895246492933
6059,411,901.039434210701
6060,155,725.485635654497
6061,155,357.91906565459
6062,155,223.892607121872
6063,155,540.735548513454
6064,156,652.142691908632
6065,156,658.124905837432
6089,196,133.099669822898
6090,196,329.152020450739
6093,197,756.644912707296
6094,197,1054.25156243898
6095,197,1403.78999629934
6101,377,704.558712360601
6102,331,590.346743577522
6103,331,375.273960331569
6104,331,503.385794277928
6105,379,391.901496446458
6106,379,267.377558404463
6107,365,417.822741260321
6108,365,117.112385900005
6109,365,416.052979240107
6110,510,404.680074493878
6111,456,533.448688366555
6112,367,605.396944881291
6113,367,750.845933460947
6114,346,686.022670375308
6115,347,668.384775434172
6116,347,527.882201565649
6117,348,560.547191783807
6118,348,318.277775936918
6119,348,456.764445548116
6120,278,266.8015713217
6121,278,196.68082629759
6122,278,571.339583483321
6123,349,553.410626478148
6124,349,653.557166341337
6126,131,443.341339623206
6127,131,550.586322409493
6128,131,854.391314198879
6132,102,659.254940077629
6133,102,455.397441148593
6134,102,548.089454201818
6135,102,844.785616119486
6136,155,909.78881033955
6137,155,519.008242910407
6138,155,176.829654235908
6139,155,336.768749484278
6140,156,478.782187016306
6141,156,277.39498446669
6170,197,1424.86280008323
6171,197,1746.29232965133
6172,376,1671.76871166834
6175,331,1460.15646066216
6176,331,1060.07746334293
6177,331,660.088715612664
6178,331,260.606105404566
6179,331,142.686780603983
6180,331,541.340039182496
6181,379,604.281986856991
6182,379,665.720175584288
6183,365,505.344834567237
6184,510,491.204697331755
6185,510,98.8686151724678
6186,510,313.86860670168
6187,367,299.499692551828
6188,367,356.148109982236
6189,346,397.417454660335
6190,346,390.714366531159
6191,347,277.411995760569
6192,347,262.681496845832
6193,348,268.35390951123
6194,348,138.651023863003
6195,348,535.424990369766
6196,278,463.449203467246
6197,279,503.441061729054
6198,279,464.56003620522
6199,279,705.9920797142
6200,131,673.39194168641
6201,131,282.280265497486
6202,131,161.719369028326
6203,131,541.174394444624
6204,131,937.993529256336
6207,102,691.508144601782
6208,102,301.380842766164
6209,102,154.022330291726
6210,102,526.175742088416
6211,102,922.087041648942
6212,155,854.914345642512
6213,155,576.762460938179
6214,155,504.655059376578
6215,156,594.491437005311
6216,156,202.516311792954
6217,156,221.022991026711
6254,331,561.467842957297
6256,332,270.275825934019
6257,332,506.713840916103
6258,332,872.189558509042
6259,458,798.907059170478
6260,458,455.432400214861
6261,458,311.176281829081
6262,510,323.489256837827
6263,367,364.88383095289
6264,367,100.790752897245
6265,346,406.816546813471
6266,346,9.69103008944569
6267,346,393.616393666826
6272,279,852.323921164074
6273,279,456.563832328017
6274,279,103.396149512009
6275,279,364.933910189264
6276,279,758.886367115168
6277,131,532.032277789644
6278,131,263.451136991641
6279,131,419.523924562212
6280,131,776.427594622634
6284,102,542.696590764963
6285,102,259.401620778265
6286,102,400.380418421104
6287,102,757.341023179397
6288,102,1143.27251285989
6289,155,976.876056638955
6290,155,846.277643962562
6291,156,893.226427074392
6292,156,570.371222311223
6332,332,242.400523902039
6333,332,634.500529523132
6334,458,939.410153839706
6335,458,539.939370958271
6336,458,144.303622440632
6337,458,265.251711670332
6338,458,663.429973379481
6339,367,462.300567281839
6340,367,500.862504055046
6341,346,409.604512038064
6342,346,403.104125444128
6348,279,695.481127204807
6349,279,354.698796626113
6350,279,296.941640079601
6351,279,608.919783007975
6352,99,906.992218930769
6353,99,519.72173890676
6354,99,194.505709572667
6355,99,354.683296304506
6359,102,904.684839876453
6360,102,656.583061792677
6361,102,603.318938168141
6362,102,785.577451209251
6363,102,1091.10764322913
6364,102,1443.65702745551
6365,157,1262.55775876131
6366,157,981.609924859751
6367,157,808.276037023531
6368,156,785.794052674146
6409,332,603.914736354261
6410,333,703.045002116598
6411,458,834.204082119004
6412,458,514.842080465619
6413,458,393.032195959485
6414,458,603.433731527041
6415,458,945.534902400022
6416,367,783.931998406593
6426,279,602.84148004757
6427,279,697.068088897234
6428,280,617.456246752241
6429,99,712.027041508751
6430,99,338.498420693505
6435,100,634.339337603692
6436,101,539.278577427358
6437,101,509.600735413187
6438,101,740.817589992775
6439,393,899.099764042996
6440,393,989.896886236045
6441,157,1266.71786006319
6442,157,902.195526773166
6443,157,586.161798884262
6444,157,439.841783849505
6485,333,303.137616153403
6486,333,601.595188778841
6487,459,721.510565643256
6488,458,747.553552689694
6489,458,779.98158919078
6490,458,989.015856446541
6491,458,1291.58026023084
6502,280,622.605974698487
6503,280,314.088732633836
6504,280,360.432607328905
6505,280,693.84291960965
6510,100,290.930832149663
6511,100,418.528827062694
6512,101,142.314219082268
6513,101,386.326331850784
6514,393,582.864738088652
6515,393,592.556811659961
6516,393,826.294333402575
6517,157,992.27100699794
6518,157,595.06917217302
6519,157,209.42597529798
6525,157,2215.29775170949
6564,459,551.038281562977
6565,459,902.272799416742
6566,459,1282.4959379282
6579,280,369.185012400898
6580,280,86.2221963053322
6586,100,295.197239344061
6587,100,132.453078785053
6588,101,317.899480353768
6589,101,264.445809840874
6590,393,437.411148050111
6591,393,206.391620550268
6592,393,462.72352817115
6593,394,686.591106740413
6594,157,827.572013600784
6595,157,463.145809087551
6636,333,497.867195658287
6638,459,162.918772316856
6640,459,637.9306027293
6654,280,702.986506571918
6655,280,452.993805832988
6660,100,979.722495965792
6661,100,640.22548060612
6662,100,424.461725589482
6663,388,345.577362850692
6664,388,482.101274034231
6665,393,602.637786866073
6666,393,233.062034987723
6667,393,256.339991178607
6668,394,317.711615549168
6669,394,492.463073598578
6670,394,839.253168373252
6671,157,628.607365530538
6713,459,842.723025158868
6735,387,837.368323258788
6736,387,720.685027482418
6737,387,811.070402460795
6738,388,659.143059983988
6739,388,259.031253731837
6740,388,141.321269745703
6741,388,541.380740453805
6742,393,621.51837738214
6743,393,487.395110811112
6744,394,225.212483307495
6745,394,179.378004825805
6746,394,577.822777449115
6747,179,532.776556089775
6748,179,765.805756953641
6749,396,907.887074293766
6809,281,661.834893180029
6810,387,730.154404693766
6811,387,437.267665586875
6812,387,411.737476529404
6813,387,684.178097656353
6814,388,578.807069481054
6815,388,357.447376775627
6816,388,490.679750915607
6817,388,820.982092403029
6818,394,905.352018190873
6819,394,566.345836083468
6820,394,376.934896456423
6821,179,449.957613088419
6822,179,157.158693150226
6823,179,408.880153019525
6824,396,531.17235070136
6825,396,686.820169034789
6826,396,990.730561702878
6884,281,794.136257940886
6885,281,450.33810240007
6886,281,308.551069943894
6887,387,428.096014706546
6888,387,38.3052608255323
6889,387,374.053019999406
6890,387,773.699750606655
6891,388,745.528467208491
6892,388,713.223091964221
6893,288,659.825726298463
6894,288,514.953685374207
6895,288,644.384985098813
6896,180,745.108166171046
6897,180,443.734485084288
6898,179,292.905986259339
6899,179,261.064119878337
6900,396,245.512106925267
6902,397,530.714303783456
6903,397,561.518067224702
6904,398,630.844667451953
6958,385,313.789906122948
6959,385,488.260015304788
6960,281,536.498545655976
6961,281,141.796673385423
6962,281,269.498313201732
6963,387,391.98737879516
6964,387,363.288908350918
6965,387,656.163791813952
6966,406,849.851204378911
6967,406,625.709400170004
6968,288,635.492150441971
6969,288,271.171140573845
6970,288,251.922199481639
6971,181,374.304495225918
6972,180,448.20920113798
6973,180,52.2420071314656
6974,180,353.290845027083
6975,396,398.31595769526
6976,396,167.290714047799
6977,397,392.270602725813
6978,397,165.521471553608
6979,397,470.28287236033
7034,385,227.821908219878
7035,385,178.080847392719
7036,385,575.995117516383
7037,281,515.030402427578
7038,281,397.05869927859
7039,282,431.661759727206
7040,282,697.433621914188
7041,243,729.028116794455
7042,406,848.572175080987
7043,406,478.765058533393
7044,406,242.084527183714
7045,288,449.597321474027
7046,288,178.731542080334
7047,181,356.229189697016
7048,181,44.436752807253
7049,181,444.181992301833
7050,180,358.894965535468
7051,180,641.104201469662
7052,396,535.247005991803
7053,397,588.508528135315
7054,397,244.416843259271
7055,397,305.588743077508
7056,398,351.53718252126
7109,385,570.604261049825
7110,385,381.150007494165
7111,385,534.049758091558
7112,282,826.907904281785
7113,282,428.064243077616
7114,282,54.3059013596559
7115,282,378.030536221829
7116,243,394.97502299593
7117,243,472.664119878007
7118,406,622.227771134555
7119,406,237.555041885735
7120,406,214.348263503186
7121,406,596.410713840866
7122,288,557.318392185391
7123,181,385.867621816929
7124,290,318.77799768794
7125,290,304.206694643411
7126,290,635.383257284925
7127,290,1017.41334939021
7128,397,926.852808102526
7129,397,642.128895010816
7130,397,534.649958833723
7186,285,733.248849578793
7187,284,716.819701662995
7188,284,623.929426691043
7189,283,547.766178669883
7190,282,373.917363167119
7191,282,345.902058332885
7192,243,317.452874597601
7193,243,89.7688758313149
7194,243,485.374667242482
7195,406,611.97038024277
7196,406,451.549098657286
7199,290,818.801587720394
7200,290,425.424966661871
7201,290,108.5574602021
7202,290,403.523233234578
7203,290,796.319807012062
7204,291,955.530914593664
7205,397,1041.71368340499
7206,397,893.624386288142
7261,285,485.202613418184
7262,285,391.969249247226
7263,284,316.673323538525
7264,284,368.59668933213
7265,283,207.326578021548
7266,283,194.980445053912
7267,283,594.389269183522
7268,243,336.085546123637
7270,243,753.666936956419
7276,290,501.274108908354
7277,291,519.654724487771
7278,291,369.966443452591
7279,291,569.172696203645
7281,291,1287.97014420888
7337,285,503.425718584535
7338,285,107.385183563763
7339,285,299.789997514797
7340,284,83.5559356877181
7341,284,450.208048979872
7342,283,325.83576495542
7343,283,511.200679184308
7344,243,733.550790451587
7345,243,667.36709170906
7352,291,966.902026877318
7353,291,566.970550516052
7354,291,167.825911445836
7355,291,234.784596034475
7356,291,634.295211309574
7412,286,658.57128648103
7413,285,435.513046562661
7414,285,328.46595877784
7415,284,445.362775183554
7416,284,483.662636766052
7417,284,767.958001681941
7418,283,699.7156232668
7428,292,712.005585727013
7429,291,489.596027004826
7430,291,326.402105852013
7431,291,541.867902771136
7432,291,891.879983412431
7488,286,556.232760016689
7489,286,259.514065367125
7490,286,381.508778941155
7491,286,737.562931663617
7505,292,371.960444114497
7506,292,101.069952241779
7507,292,449.804840609609
7563,286,710.860307359359
7564,286,321.170628510316
7565,286,145.696890059738
7566,286,509.463845658428
7581,292,300.009626413744
7582,292,349.27166451338
7639,286,1010.69227211421
7640,286,677.644827066906
7641,286,465.998983384112
7642,286,543.467102490311
7643,286,832.950675952722
7715,287,589.502792912433
7716,287,306.461479182852
7717,287,400.715572521224
7718,287,739.916575268256
7791,287,719.806948288116
7792,287,323.113626490184
7793,287,104.556710266338
7794,287,487.556266404537
7795,287,885.855201126112
7864,287,1765.62087537439
7867,287,659.648084526891
7868,287,426.075771904681
7869,287,498.191658624815
7870,287,796.930794591902
7941,287,1695.37798537411
7943,287,1042.17005139299
7944,287,819.999135758398
7945,287,760.873331173527
7946,287,897.612024407065
8020,287,1109.01363451073
8021,287,1138.63059255733
